{"textures":{"0":"modelengine:entity/nocsy_drakonin3"},"elements":[{"from":[-1.716507,7.0885715,4.5414524],"to":[7.997779,8.802857,6.2557383],"rotation":{"angle":22.5,"axis":"y","origin":[7.140636,7.9457145,6.5414524]},"faces":{"east":{"uv":[10.1875,1.125,10.375,1.3125],"rotation":0,"texture":"#0","tintindex":0},"south":{"uv":[7.6875,6.0625,8.75,6.25],"rotation":0,"texture":"#0","tintindex":0},"north":{"uv":[6.0625,7.625,7.125,7.8125],"rotation":0,"texture":"#0","tintindex":0},"west":{"uv":[1.3125,10.1875,1.5,10.375],"rotation":0,"texture":"#0","tintindex":0},"up":{"uv":[8.75,6.5,7.6875,6.3125],"rotation":0,"texture":"#0","tintindex":0},"down":{"uv":[8.25,7.75,7.1875,7.9375],"rotation":0,"texture":"#0","tintindex":0}}},{"from":[-6.0589485,7.0942855,11.272357],"to":[0.21533728,8.797143,12.975214],"rotation":{"angle":45.0,"axis":"y","origin":[-4.636091,7.9457145,12.123786]},"faces":{"east":{"uv":[2.1875,10.1875,2.375,10.375],"rotation":0,"texture":"#0","tintindex":0},"south":{"uv":[8.3125,0.75,9.0,0.9375],"rotation":0,"texture":"#0","tintindex":0},"north":{"uv":[8.3125,0.5,9.0,0.6875],"rotation":0,"texture":"#0","tintindex":0},"west":{"uv":[2.4375,10.1875,2.625,10.375],"rotation":0,"texture":"#0","tintindex":0},"up":{"uv":[9.0,1.1875,8.3125,1.0],"rotation":0,"texture":"#0","tintindex":0},"down":{"uv":[9.0,1.25,8.3125,1.4375],"rotation":0,"texture":"#0","tintindex":0}}},{"from":[-6.4716063,7.0885715,11.91591],"to":[-4.7573204,8.802857,18.201626],"rotation":{"angle":-22.5,"axis":"y","origin":[-7.900178,7.9457145,12.773053]},"faces":{"east":{"uv":[4.5625,8.3125,5.25,8.5],"rotation":0,"texture":"#0","tintindex":0},"south":{"uv":[3.0625,10.1875,3.25,10.375],"rotation":0,"texture":"#0","tintindex":0},"north":{"uv":[10.1875,2.8125,10.375,3.0],"rotation":0,"texture":"#0","tintindex":0},"west":{"uv":[5.3125,8.3125,6.0,8.5],"rotation":0,"texture":"#0","tintindex":0},"up":{"uv":[6.25,9.0,6.0625,8.3125],"rotation":0,"texture":"#0","tintindex":0},"down":{"uv":[0.1875,8.375,0.0,9.0625],"rotation":0,"texture":"#0","tintindex":0}}},{"from":[-10.287937,8.002857,4.5414524],"to":[7.997779,8.117143,27.970026],"rotation":{"angle":0.0,"axis":"y","origin":[7.140636,7.9457145,6.5414524]},"faces":{"east":{"uv":[7.9375,2.125,10.5,2.1875],"rotation":0,"texture":"#0","tintindex":0},"south":{"uv":[8.3125,5.75,10.3125,5.8125],"rotation":0,"texture":"#0","tintindex":0},"north":{"uv":[8.3125,5.625,10.3125,5.6875],"rotation":0,"texture":"#0","tintindex":0},"west":{"uv":[7.9375,2.25,10.5,2.3125],"rotation":0,"texture":"#0","tintindex":0},"up":{"uv":[2.0,5.1875,0.0,2.625],"rotation":0,"texture":"#0","tintindex":0},"down":{"uv":[4.0625,2.625,2.0625,5.1875],"rotation":0,"texture":"#0","tintindex":0}}}],"display":{"head":{"translation":[0.0,-6.4,0.0],"scale":[4.0,4.0,4.0]}}}