{"textures":{"0":"modelengine:entity/nocsy_drakonin3"},"elements":[{"from":[6.061298,6.3689003,6.5714283],"to":[8.918441,9.226044,9.428572],"rotation":{"angle":0.0,"axis":"y","origin":[8.3470125,6.555906,6.7388253]},"faces":{"east":{"uv":[7.875,9.0,8.1875,9.3125],"rotation":0,"texture":"#0","tintindex":0},"south":{"uv":[9.0,8.875,9.3125,9.1875],"rotation":0,"texture":"#0","tintindex":0},"north":{"uv":[9.0,7.1875,9.3125,7.5],"rotation":0,"texture":"#0","tintindex":0},"west":{"uv":[0.25,9.0625,0.5625,9.375],"rotation":0,"texture":"#0","tintindex":0},"up":{"uv":[9.375,0.6875,9.0625,0.375],"rotation":0,"texture":"#0","tintindex":0},"down":{"uv":[0.9375,9.0625,0.625,9.375],"rotation":0,"texture":"#0","tintindex":0}}},{"from":[-0.79584503,6.9403286,7.0857143],"to":[6.6327267,8.654614,8.8],"rotation":{"angle":0.0,"axis":"y","origin":[8.3470125,6.555906,6.7388253]},"faces":{"east":{"uv":[9.5,10.125,9.6875,10.3125],"rotation":0,"texture":"#0","tintindex":0},"south":{"uv":[8.0,2.875,8.8125,3.0625],"rotation":0,"texture":"#0","tintindex":0},"north":{"uv":[8.0,2.625,8.8125,2.8125],"rotation":0,"texture":"#0","tintindex":0},"west":{"uv":[9.75,10.125,9.9375,10.3125],"rotation":0,"texture":"#0","tintindex":0},"up":{"uv":[7.3125,8.1875,6.5,8.0],"rotation":0,"texture":"#0","tintindex":0},"down":{"uv":[8.1875,8.0,7.375,8.1875],"rotation":0,"texture":"#0","tintindex":0}}},{"from":[-2.3167439,6.946043,2.8344297],"to":[-0.61388683,8.6489,6.8230014],"rotation":{"angle":45.0,"axis":"y","origin":[0.8203988,7.797472,5.971573]},"faces":{"east":{"uv":[9.3125,8.4375,9.75,8.625],"rotation":0,"texture":"#0","tintindex":0},"south":{"uv":[10.1875,0.25,10.375,0.4375],"rotation":0,"texture":"#0","tintindex":0},"north":{"uv":[0.25,10.1875,0.4375,10.375],"rotation":0,"texture":"#0","tintindex":0},"west":{"uv":[8.5,9.3125,8.9375,9.5],"rotation":0,"texture":"#0","tintindex":0},"up":{"uv":[6.8125,9.8125,6.625,9.375],"rotation":0,"texture":"#0","tintindex":0},"down":{"uv":[9.5625,6.625,9.375,7.0625],"rotation":0,"texture":"#0","tintindex":0}}},{"from":[-4.4548855,6.9403286,1.7957988],"to":[-2.7405996,8.654614,5.7957993],"rotation":{"angle":22.5,"axis":"y","origin":[-3.597743,7.797472,3.7957993]},"faces":{"east":{"uv":[9.375,5.0625,9.8125,5.25],"rotation":0,"texture":"#0","tintindex":0},"south":{"uv":[1.0625,10.1875,1.25,10.375],"rotation":0,"texture":"#0","tintindex":0},"north":{"uv":[10.1875,0.875,10.375,1.0625],"rotation":0,"texture":"#0","tintindex":0},"west":{"uv":[6.875,9.375,7.3125,9.5625],"rotation":0,"texture":"#0","tintindex":0},"up":{"uv":[8.0,9.8125,7.8125,9.375],"rotation":0,"texture":"#0","tintindex":0},"down":{"uv":[9.5625,8.6875,9.375,9.125],"rotation":0,"texture":"#0","tintindex":0}}},{"from":[-4.3243933,7.8546147,2.4518275],"to":[7.675607,7.9689,25.8804],"rotation":{"angle":0.0,"axis":"y","origin":[-5.1815367,7.797472,4.451828]},"faces":{"east":{"uv":[7.9375,1.875,10.5,1.9375],"rotation":0,"texture":"#0","tintindex":0},"south":{"uv":[9.375,5.3125,10.6875,5.375],"rotation":0,"texture":"#0","tintindex":0},"north":{"uv":[9.1875,2.6875,10.5,2.75],"rotation":0,"texture":"#0","tintindex":0},"west":{"uv":[7.9375,2.0,10.5,2.0625],"rotation":0,"texture":"#0","tintindex":0},"up":{"uv":[1.3125,7.8125,0.0,5.25],"rotation":0,"texture":"#0","tintindex":0},"down":{"uv":[2.6875,5.25,1.375,7.8125],"rotation":0,"texture":"#0","tintindex":0}}}],"display":{"head":{"translation":[0.0,-6.4,0.0],"scale":[4.0,4.0,4.0]}}}