{"textures":{"0":"modelengine:entity/nocsy_drakonin3"},"elements":[{"from":[6.5714283,6.5714283,6.857143],"to":[10.0,9.428572,9.714286],"rotation":{"angle":0.0,"axis":"y","origin":[8.742857,8.0,9.542857]},"faces":{"east":{"uv":[9.0625,0.75,9.375,1.0625],"rotation":0,"texture":"#0","tintindex":0},"south":{"uv":[8.6875,0.0,9.0625,0.3125],"rotation":0,"texture":"#0","tintindex":0},"north":{"uv":[8.625,4.75,9.0,5.0625],"rotation":0,"texture":"#0","tintindex":0},"west":{"uv":[9.0625,1.125,9.375,1.4375],"rotation":0,"texture":"#0","tintindex":0},"up":{"uv":[0.625,9.0,0.25,8.6875],"rotation":0,"texture":"#0","tintindex":0},"down":{"uv":[1.0625,8.6875,0.6875,9.0],"rotation":0,"texture":"#0","tintindex":0}}},{"from":[6.062521,6.5657144,6.035991],"to":[8.359664,8.862857,8.333134],"rotation":{"angle":22.5,"axis":"y","origin":[7.2110925,8.0,7.1845627]},"faces":{"east":{"uv":[8.375,9.8125,8.625,10.0625],"rotation":0,"texture":"#0","tintindex":0},"south":{"uv":[9.8125,9.125,10.0625,9.375],"rotation":0,"texture":"#0","tintindex":0},"north":{"uv":[8.0625,9.8125,8.3125,10.0625],"rotation":0,"texture":"#0","tintindex":0},"west":{"uv":[9.4375,9.8125,9.6875,10.0625],"rotation":0,"texture":"#0","tintindex":0},"up":{"uv":[10.0625,9.6875,9.8125,9.4375],"rotation":0,"texture":"#0","tintindex":0},"down":{"uv":[10.0,9.8125,9.75,10.0625],"rotation":0,"texture":"#0","tintindex":0}}},{"from":[10.550106,6.5657144,16.778849],"to":[12.84725,8.862857,19.075993],"rotation":{"angle":-22.5,"axis":"y","origin":[36.898678,8.0,7.1845627]},"faces":{"east":{"uv":[6.375,9.875,6.625,10.125],"rotation":0,"texture":"#0","tintindex":0},"south":{"uv":[6.6875,9.875,6.9375,10.125],"rotation":0,"texture":"#0","tintindex":0},"north":{"uv":[4.6875,9.875,4.9375,10.125],"rotation":0,"texture":"#0","tintindex":0},"west":{"uv":[7.0,9.875,7.25,10.125],"rotation":0,"texture":"#0","tintindex":0},"up":{"uv":[7.875,10.125,7.625,9.875],"rotation":0,"texture":"#0","tintindex":0},"down":{"uv":[10.125,7.6875,9.875,7.9375],"rotation":0,"texture":"#0","tintindex":0}}},{"from":[11.698677,6.5714283,13.355991],"to":[11.698677,9.428572,19.641705],"rotation":{"angle":-22.5,"axis":"y","origin":[36.898678,8.0,7.1845627]},"faces":{"east":{"uv":[7.5,4.8125,8.1875,5.125],"rotation":0,"texture":"#0","tintindex":0},"south":{"uv":[3.5625,10.25,3.5625,10.5625],"rotation":0,"texture":"#0","tintindex":0},"north":{"uv":[3.0,10.25,3.0,10.5625],"rotation":0,"texture":"#0","tintindex":0},"west":{"uv":[7.5,5.1875,8.1875,5.5],"rotation":0,"texture":"#0","tintindex":0},"up":{"uv":[9.1875,10.9375,9.1875,10.25],"rotation":0,"texture":"#0","tintindex":0},"down":{"uv":[5.0625,10.3125,5.0625,11.0],"rotation":0,"texture":"#0","tintindex":0}}},{"from":[7.268235,6.5714283,3.0702767],"to":[7.268235,9.428572,9.355991],"rotation":{"angle":22.5,"axis":"y","origin":[7.2110925,8.0,7.1845627]},"faces":{"east":{"uv":[7.5,7.0,8.1875,7.3125],"rotation":0,"texture":"#0","tintindex":0},"south":{"uv":[5.1875,10.3125,5.1875,10.625],"rotation":0,"texture":"#0","tintindex":0},"north":{"uv":[5.125,10.3125,5.125,10.625],"rotation":0,"texture":"#0","tintindex":0},"west":{"uv":[7.5,7.375,8.1875,7.6875],"rotation":0,"texture":"#0","tintindex":0},"up":{"uv":[5.25,11.0,5.25,10.3125],"rotation":0,"texture":"#0","tintindex":0},"down":{"uv":[10.3125,9.6875,10.3125,10.375],"rotation":0,"texture":"#0","tintindex":0}}}],"display":{"head":{"translation":[0.0,-6.4,0.0],"scale":[4.0,4.0,4.0]}}}