{"textures":{"0":"modelengine:entity/nocsy_drakonin3"},"elements":[{"from":[6.285714,5.121703,5.893651],"to":[8.571428,9.693131,9.893651],"rotation":{"angle":-22.5,"axis":"x","origin":[10.0,7.978846,8.750794]},"faces":{"east":{"uv":[7.5,2.6875,7.9375,3.1875],"rotation":0,"texture":"#0","tintindex":0},"south":{"uv":[3.875,8.375,4.125,8.875],"rotation":0,"texture":"#0","tintindex":0},"north":{"uv":[3.5625,8.375,3.8125,8.875],"rotation":0,"texture":"#0","tintindex":0},"west":{"uv":[2.75,7.5,3.1875,8.0],"rotation":0,"texture":"#0","tintindex":0},"up":{"uv":[3.75,9.375,3.5,8.9375],"rotation":0,"texture":"#0","tintindex":0},"down":{"uv":[4.0625,8.9375,3.8125,9.375],"rotation":0,"texture":"#0","tintindex":0}}}],"display":{"head":{"translation":[0.0,-6.4,0.0],"scale":[4.0,4.0,4.0]}}}