{"textures":{"0":"modelengine:entity/nocsy_drakonin3"},"elements":[{"from":[7.428571,4.7771745,6.7942166],"to":[9.142858,8.777175,9.079931],"rotation":{"angle":22.5,"axis":"x","origin":[7.714286,8.662889,7.594217]},"faces":{"east":{"uv":[4.125,8.9375,4.375,9.375],"rotation":0,"texture":"#0","tintindex":0},"south":{"uv":[3.5,9.4375,3.6875,9.875],"rotation":0,"texture":"#0","tintindex":0},"north":{"uv":[3.25,9.4375,3.4375,9.875],"rotation":0,"texture":"#0","tintindex":0},"west":{"uv":[4.4375,8.9375,4.6875,9.375],"rotation":0,"texture":"#0","tintindex":0},"up":{"uv":[10.125,3.9375,9.9375,3.6875],"rotation":0,"texture":"#0","tintindex":0},"down":{"uv":[10.125,7.125,9.9375,7.375],"rotation":0,"texture":"#0","tintindex":0}}}],"display":{"head":{"translation":[0.0,-6.4,0.0],"scale":[4.0,4.0,4.0]}}}