{"textures":{"0":"modelengine:entity/nocsy_drakonin3"},"elements":[{"from":[7.428571,5.121703,5.893651],"to":[9.714286,9.693131,9.893651],"rotation":{"angle":-22.5,"axis":"x","origin":[6.0,7.978846,8.750794]},"faces":{"east":{"uv":[7.4375,1.5625,7.875,2.0625],"rotation":0,"texture":"#0","tintindex":0},"south":{"uv":[3.25,8.375,3.5,8.875],"rotation":0,"texture":"#0","tintindex":0},"north":{"uv":[1.9375,8.375,2.1875,8.875],"rotation":0,"texture":"#0","tintindex":0},"west":{"uv":[7.4375,2.125,7.875,2.625],"rotation":0,"texture":"#0","tintindex":0},"up":{"uv":[9.0625,8.4375,8.8125,8.0],"rotation":0,"texture":"#0","tintindex":0},"down":{"uv":[9.125,2.375,8.875,2.8125],"rotation":0,"texture":"#0","tintindex":0}}}],"display":{"head":{"translation":[0.0,-6.4,0.0],"scale":[4.0,4.0,4.0]}}}