{"textures":{"0":"modelengine:entity/nocsy_drakonin3"},"elements":[{"from":[6.0,4.4428897,5.63138],"to":[10.0,8.44289,9.63138],"rotation":{"angle":22.5,"axis":"x","origin":[7.142857,5.932515,12.033907]},"faces":{"east":{"uv":[7.8125,5.5625,8.25,6.0],"rotation":0,"texture":"#0","tintindex":0},"south":{"uv":[0.0,7.875,0.4375,8.3125],"rotation":0,"texture":"#0","tintindex":0},"north":{"uv":[5.5,7.8125,5.9375,8.25],"rotation":0,"texture":"#0","tintindex":0},"west":{"uv":[0.5,7.875,0.9375,8.3125],"rotation":0,"texture":"#0","tintindex":0},"up":{"uv":[1.4375,8.3125,1.0,7.875],"rotation":0,"texture":"#0","tintindex":0},"down":{"uv":[1.9375,7.875,1.5,8.3125],"rotation":0,"texture":"#0","tintindex":0}}}],"display":{"head":{"translation":[0.0,-6.4,0.0],"scale":[4.0,4.0,4.0]}}}