{"textures":{"0":"modelengine:entity/nocsy_drakonin_baby3"},"elements":[{"from":[6.5714283,4.345257,6.347703],"to":[9.428572,7.2023997,10.347703],"rotation":{"angle":0.0,"axis":"y","origin":[7.897143,5.4148626,8.267651]},"faces":{"east":{"uv":[2.5,5.0,3.375,5.625],"rotation":0,"texture":"#0","tintindex":0},"south":{"uv":[5.5,4.25,6.125,4.875],"rotation":0,"texture":"#0","tintindex":0},"north":{"uv":[5.5,3.5,6.125,4.125],"rotation":0,"texture":"#0","tintindex":0},"west":{"uv":[3.5,5.0,4.375,5.625],"rotation":0,"texture":"#0","tintindex":0},"up":{"uv":[5.125,5.875,4.5,5.0],"rotation":0,"texture":"#0","tintindex":0},"down":{"uv":[5.875,5.0,5.25,5.875],"rotation":0,"texture":"#0","tintindex":0}}},{"from":[6.857143,3.39039,9.497969],"to":[9.142858,6.247533,11.212254],"rotation":{"angle":22.5,"axis":"x","origin":[7.52,4.5400867,12.205719]},"faces":{"east":{"uv":[7.0,1.25,7.375,1.875],"rotation":0,"texture":"#0","tintindex":0},"south":{"uv":[0.0,6.375,0.5,7.0],"rotation":0,"texture":"#0","tintindex":0},"north":{"uv":[6.25,5.75,6.75,6.375],"rotation":0,"texture":"#0","tintindex":0},"west":{"uv":[1.875,7.0,2.25,7.625],"rotation":0,"texture":"#0","tintindex":0},"up":{"uv":[8.625,0.375,8.125,0.0],"rotation":0,"texture":"#0","tintindex":0},"down":{"uv":[8.625,0.5,8.125,0.875],"rotation":0,"texture":"#0","tintindex":0}}},{"from":[6.5657144,4.935337,5.24647],"to":[9.434286,7.803909,8.115042],"rotation":{"angle":45.0,"axis":"x","origin":[8.0,6.769623,6.5093274]},"faces":{"east":{"uv":[3.25,5.75,3.875,6.375],"rotation":0,"texture":"#0","tintindex":0},"south":{"uv":[4.0,6.0,4.625,6.625],"rotation":0,"texture":"#0","tintindex":0},"north":{"uv":[2.5,5.75,3.125,6.375],"rotation":0,"texture":"#0","tintindex":0},"west":{"uv":[4.75,6.0,5.375,6.625],"rotation":0,"texture":"#0","tintindex":0},"up":{"uv":[6.625,5.625,6.0,5.0],"rotation":0,"texture":"#0","tintindex":0},"down":{"uv":[6.125,6.0,5.5,6.625],"rotation":0,"texture":"#0","tintindex":0}}}],"display":{"head":{"translation":[0.0,-6.4,0.0],"scale":[4.0,4.0,4.0]}}}