{"textures":{"0":"modelengine:entity/nocsy_drakonin_baby3"},"elements":[{"from":[7.1885715,6.299968,7.12048],"to":[8.331429,8.585682,8.263337],"rotation":{"angle":22.5,"axis":"x","origin":[8.165714,8.222254,7.5844803]},"faces":{"east":{"uv":[4.125,9.5,3.875,10.0],"rotation":0,"texture":"#0","tintindex":0},"south":{"uv":[3.75,9.5,3.5,10.0],"rotation":0,"texture":"#0","tintindex":0},"north":{"uv":[3.375,9.5,3.125,10.0],"rotation":0,"texture":"#0","tintindex":0},"west":{"uv":[9.75,3.375,9.5,3.875],"rotation":0,"texture":"#0","tintindex":0},"up":{"uv":[10.375,1.375,10.625,1.125],"rotation":0,"texture":"#0","tintindex":0},"down":{"uv":[1.5,10.375,1.75,10.625],"rotation":0,"texture":"#0","tintindex":0}}}],"display":{"head":{"translation":[0.0,-6.4,0.0],"scale":[4.0,4.0,4.0]}}}