{"textures":{"0":"modelengine:entity/nocsy_drakonin_baby3"},"elements":[{"from":[7.0556846,7.5342283,6.4201617],"to":[10.827113,8.448514,7.3344474],"rotation":{"angle":-22.5,"axis":"y","origin":[8.655684,7.9913716,8.020162]},"faces":{"east":{"uv":[3.75,10.125,3.5,10.375],"rotation":0,"texture":"#0","tintindex":0},"south":{"uv":[4.25,7.0,3.375,7.25],"rotation":0,"texture":"#0","tintindex":0},"north":{"uv":[7.875,3.25,7.0,3.5],"rotation":0,"texture":"#0","tintindex":0},"west":{"uv":[3.375,10.125,3.125,10.375],"rotation":0,"texture":"#0","tintindex":0},"up":{"uv":[7.0,3.875,7.875,3.625],"rotation":0,"texture":"#0","tintindex":0},"down":{"uv":[7.0,4.0,7.875,4.25],"rotation":0,"texture":"#0","tintindex":0}}},{"from":[7.998542,7.9342284,6.8773046],"to":[15.998542,7.9913716,17.734447],"rotation":{"angle":0.0,"axis":"y","origin":[8.655684,7.9913716,8.020162]},"faces":{"east":{"uv":[9.125,5.25,6.75,5.375],"rotation":0,"texture":"#0","tintindex":0},"south":{"uv":[6.0,7.375,4.25,7.5],"rotation":0,"texture":"#0","tintindex":0},"north":{"uv":[4.125,7.375,2.375,7.5],"rotation":0,"texture":"#0","tintindex":0},"west":{"uv":[9.125,5.0,6.75,5.125],"rotation":0,"texture":"#0","tintindex":0},"up":{"uv":[0.0,4.875,1.75,2.5],"rotation":0,"texture":"#0","tintindex":0},"down":{"uv":[0.0,2.5,1.75,4.875],"rotation":0,"texture":"#0","tintindex":0}}},{"from":[10.304848,7.5913715,8.740897],"to":[13.390562,8.391372,9.540897],"rotation":{"angle":-45.0,"axis":"y","origin":[12.419133,7.9913716,9.140898]},"faces":{"east":{"uv":[4.5,10.125,4.25,10.375],"rotation":0,"texture":"#0","tintindex":0},"south":{"uv":[8.25,5.5,7.5,5.75],"rotation":0,"texture":"#0","tintindex":0},"north":{"uv":[8.25,1.625,7.5,1.875],"rotation":0,"texture":"#0","tintindex":0},"west":{"uv":[4.125,10.125,3.875,10.375],"rotation":0,"texture":"#0","tintindex":0},"up":{"uv":[7.5,7.0,8.25,6.75],"rotation":0,"texture":"#0","tintindex":0},"down":{"uv":[0.0,7.625,0.75,7.875],"rotation":0,"texture":"#0","tintindex":0}}},{"from":[12.36199,7.6485143,9.712326],"to":[13.047705,8.3342285,12.112327],"rotation":{"angle":22.5,"axis":"y","origin":[12.419133,7.9913716,9.140898]},"faces":{"east":{"uv":[10.625,9.0,10.125,9.125],"rotation":0,"texture":"#0","tintindex":0},"south":{"uv":[0.75,8.0,0.625,8.125],"rotation":0,"texture":"#0","tintindex":0},"north":{"uv":[7.625,7.125,7.5,7.25],"rotation":0,"texture":"#0","tintindex":0},"west":{"uv":[9.5,10.125,9.0,10.25],"rotation":0,"texture":"#0","tintindex":0},"up":{"uv":[2.625,10.625,2.75,10.125],"rotation":0,"texture":"#0","tintindex":0},"down":{"uv":[4.625,10.125,4.75,10.625],"rotation":0,"texture":"#0","tintindex":0}}}],"display":{"head":{"translation":[0.0,-6.4,0.0],"scale":[4.0,4.0,4.0]}}}