{"textures":{"0":"modelengine:entity/nocsy_drakonin_baby3"},"elements":[{"from":[7.142857,5.3621054,7.38417],"to":[8.857143,7.6478195,9.098455],"rotation":{"angle":22.5,"axis":"x","origin":[7.805714,6.098183,9.431297]},"faces":{"east":{"uv":[1.125,8.25,1.5,8.75],"rotation":0,"texture":"#0","tintindex":0},"south":{"uv":[2.375,8.25,2.75,8.75],"rotation":0,"texture":"#0","tintindex":0},"north":{"uv":[0.625,8.25,1.0,8.75],"rotation":0,"texture":"#0","tintindex":0},"west":{"uv":[2.875,8.25,3.25,8.75],"rotation":0,"texture":"#0","tintindex":0},"up":{"uv":[9.375,4.125,9.0,3.75],"rotation":0,"texture":"#0","tintindex":0},"down":{"uv":[9.375,5.875,9.0,6.25],"rotation":0,"texture":"#0","tintindex":0}}},{"from":[7.428571,5.8287134,8.704541],"to":[8.571428,7.5429993,10.418827],"rotation":{"angle":0.0,"axis":"y","origin":[8.0,6.6858563,9.561684]},"faces":{"east":{"uv":[9.125,1.0,9.5,1.375],"rotation":0,"texture":"#0","tintindex":0},"south":{"uv":[10.0,1.0,10.25,1.375],"rotation":0,"texture":"#0","tintindex":0},"north":{"uv":[0.875,10.0,1.125,10.375],"rotation":0,"texture":"#0","tintindex":0},"west":{"uv":[9.125,1.5,9.5,1.875],"rotation":0,"texture":"#0","tintindex":0},"up":{"uv":[10.25,1.875,10.0,1.5],"rotation":0,"texture":"#0","tintindex":0},"down":{"uv":[10.25,3.75,10.0,4.125],"rotation":0,"texture":"#0","tintindex":0}}},{"from":[8.0,6.8445826,9.131226],"to":[8.0,12.558868,14.274083],"rotation":{"angle":-45.0,"axis":"x","origin":[8.0,8.673154,11.81694]},"faces":{"east":{"uv":[0.0,5.0,1.125,6.25],"rotation":0,"texture":"#0","tintindex":0},"south":{"uv":[10.625,6.25,10.625,7.5],"rotation":0,"texture":"#0","tintindex":0},"north":{"uv":[6.25,10.625,6.25,11.875],"rotation":0,"texture":"#0","tintindex":0},"west":{"uv":[1.25,5.0,2.375,6.25],"rotation":0,"texture":"#0","tintindex":0},"up":{"uv":[6.375,11.75,6.375,10.625],"rotation":0,"texture":"#0","tintindex":0},"down":{"uv":[6.5,10.625,6.5,11.75],"rotation":0,"texture":"#0","tintindex":0}}}],"display":{"head":{"translation":[0.0,-6.4,0.0],"scale":[4.0,4.0,4.0]}}}