{"textures":{"0":"modelengine:entity/nocsy_drakonin6"},"elements":[{"from":[7.250998,6.857143,6.0199566],"to":[9.536713,9.142858,8.8771],"rotation":{"angle":0.0,"axis":"y","origin":[8.965283,8.0,7.162814]},"faces":{"east":{"uv":[9.3125,5.1875,9.625,5.4375],"rotation":0,"texture":"#0","tintindex":0},"south":{"uv":[3.3125,9.8125,3.5625,10.0625],"rotation":0,"texture":"#0","tintindex":0},"north":{"uv":[3.0,9.8125,3.25,10.0625],"rotation":0,"texture":"#0","tintindex":0},"west":{"uv":[9.3125,7.875,9.625,8.125],"rotation":0,"texture":"#0","tintindex":0},"up":{"uv":[9.125,9.625,8.875,9.3125],"rotation":0,"texture":"#0","tintindex":0},"down":{"uv":[9.4375,9.3125,9.1875,9.625],"rotation":0,"texture":"#0","tintindex":0}}},{"from":[8.336712,7.0857143,6.5913854],"to":[10.050999,8.8,10.591386],"rotation":{"angle":22.5,"axis":"z","origin":[8.622427,7.714286,8.591385]},"faces":{"east":{"uv":[0.5625,9.3125,1.0,9.5],"rotation":0,"texture":"#0","tintindex":0},"south":{"uv":[10.125,6.375,10.3125,6.5625],"rotation":0,"texture":"#0","tintindex":0},"north":{"uv":[10.125,4.6875,10.3125,4.875],"rotation":0,"texture":"#0","tintindex":0},"west":{"uv":[1.0625,9.3125,1.5,9.5],"rotation":0,"texture":"#0","tintindex":0},"up":{"uv":[1.75,9.75,1.5625,9.3125],"rotation":0,"texture":"#0","tintindex":0},"down":{"uv":[2.0,9.3125,1.8125,9.75],"rotation":0,"texture":"#0","tintindex":0}}},{"from":[9.059511,6.8142495,10.548966],"to":[9.059511,10.81425,14.548967],"rotation":{"angle":-22.5,"axis":"x","origin":[9.089618,7.4342875,11.977538]},"faces":{"east":{"uv":[6.375,7.0,6.8125,7.4375],"rotation":0,"texture":"#0","tintindex":0},"south":{"uv":[1.9375,10.3125,1.9375,10.75],"rotation":0,"texture":"#0","tintindex":0},"north":{"uv":[1.875,10.3125,1.875,10.75],"rotation":0,"texture":"#0","tintindex":0},"west":{"uv":[7.375,5.75,7.8125,6.1875],"rotation":0,"texture":"#0","tintindex":0},"up":{"uv":[4.6875,10.75,4.6875,10.3125],"rotation":0,"texture":"#0","tintindex":0},"down":{"uv":[4.75,10.3125,4.75,10.75],"rotation":0,"texture":"#0","tintindex":0}}},{"from":[7.1197248,8.797183,10.548966],"to":[11.119724,8.797183,14.548967],"rotation":{"angle":-22.5,"axis":"x","origin":[9.089618,7.4342875,11.977538]},"faces":{"east":{"uv":[8.3125,1.375,8.75,1.375],"rotation":0,"texture":"#0","tintindex":0},"south":{"uv":[8.6875,4.125,9.125,4.125],"rotation":0,"texture":"#0","tintindex":0},"north":{"uv":[8.1875,4.125,8.625,4.125],"rotation":0,"texture":"#0","tintindex":0},"west":{"uv":[8.8125,1.375,9.25,1.375],"rotation":0,"texture":"#0","tintindex":0},"up":{"uv":[7.8125,6.6875,7.375,6.25],"rotation":0,"texture":"#0","tintindex":0},"down":{"uv":[7.8125,6.75,7.375,7.1875],"rotation":0,"texture":"#0","tintindex":0}}}],"display":{"head":{"translation":[0.0,-6.4,0.0],"scale":[4.0,4.0,4.0]}}}