{"textures":{"0":"modelengine:entity/nocsy_drakonin6"},"elements":[{"from":[5.477821,6.3524675,5.5592756],"to":[7.203535,8.078182,7.8564186],"rotation":{"angle":22.5,"axis":"y","origin":[8.054964,7.215325,5.279276]},"faces":{"east":{"uv":[9.875,7.3125,10.125,7.5],"rotation":0,"texture":"#0","tintindex":0},"south":{"uv":[2.5,10.1875,2.6875,10.375],"rotation":0,"texture":"#0","tintindex":0},"north":{"uv":[1.0,10.1875,1.1875,10.375],"rotation":0,"texture":"#0","tintindex":0},"west":{"uv":[8.5625,9.875,8.8125,10.0625],"rotation":0,"texture":"#0","tintindex":0},"up":{"uv":[10.0625,8.8125,9.875,8.5625],"rotation":0,"texture":"#0","tintindex":0},"down":{"uv":[10.0625,8.875,9.875,9.125],"rotation":0,"texture":"#0","tintindex":0}}},{"from":[7.9338136,6.490466,9.798937],"to":[7.9338136,8.77618,12.65608],"rotation":{"angle":0.0,"axis":"y","origin":[8.219528,7.0618944,10.427509]},"faces":{"east":{"uv":[9.5,7.0,9.8125,7.25],"rotation":0,"texture":"#0","tintindex":0},"south":{"uv":[10.3125,9.875,10.3125,10.125],"rotation":0,"texture":"#0","tintindex":0},"north":{"uv":[9.875,10.3125,9.875,10.5625],"rotation":0,"texture":"#0","tintindex":0},"west":{"uv":[9.5,7.3125,9.8125,7.5625],"rotation":0,"texture":"#0","tintindex":0},"up":{"uv":[9.9375,10.625,9.9375,10.3125],"rotation":0,"texture":"#0","tintindex":0},"down":{"uv":[0.0,10.375,0.0,10.6875],"rotation":0,"texture":"#0","tintindex":0}}},{"from":[7.082385,6.3638964,9.090449],"to":[8.785242,8.066753,10.221878],"rotation":{"angle":0.0,"axis":"y","origin":[8.505242,7.215325,7.084735]},"faces":{"east":{"uv":[0.3125,8.3125,0.4375,8.5],"rotation":0,"texture":"#0","tintindex":0},"south":{"uv":[10.1875,7.125,10.375,7.3125],"rotation":0,"texture":"#0","tintindex":0},"north":{"uv":[10.1875,3.5,10.375,3.6875],"rotation":0,"texture":"#0","tintindex":0},"west":{"uv":[4.0625,9.3125,4.1875,9.5],"rotation":0,"texture":"#0","tintindex":0},"up":{"uv":[10.4375,10.3125,10.25,10.1875],"rotation":0,"texture":"#0","tintindex":0},"down":{"uv":[0.4375,10.3125,0.25,10.4375],"rotation":0,"texture":"#0","tintindex":0}}},{"from":[8.664092,6.3524675,5.5592756],"to":[10.389807,8.078182,7.8564186],"rotation":{"angle":-22.5,"axis":"y","origin":[7.812663,7.215325,5.279276]},"faces":{"east":{"uv":[9.875,9.1875,10.125,9.375],"rotation":0,"texture":"#0","tintindex":0},"south":{"uv":[10.1875,9.0625,10.375,9.25],"rotation":0,"texture":"#0","tintindex":0},"north":{"uv":[8.125,10.1875,8.3125,10.375],"rotation":0,"texture":"#0","tintindex":0},"west":{"uv":[9.875,9.4375,10.125,9.625],"rotation":0,"texture":"#0","tintindex":0},"up":{"uv":[0.6875,10.1875,0.5,9.9375],"rotation":0,"texture":"#0","tintindex":0},"down":{"uv":[0.9375,9.9375,0.75,10.1875],"rotation":0,"texture":"#0","tintindex":0}}},{"from":[7.1155205,6.346753,5.553561],"to":[8.852663,8.083896,7.862133],"rotation":{"angle":0.0,"axis":"y","origin":[6.384092,7.215325,5.279276]},"faces":{"east":{"uv":[8.1875,9.9375,8.4375,10.125],"rotation":0,"texture":"#0","tintindex":0},"south":{"uv":[10.0,10.1875,10.1875,10.375],"rotation":0,"texture":"#0","tintindex":0},"north":{"uv":[10.1875,9.3125,10.375,9.5],"rotation":0,"texture":"#0","tintindex":0},"west":{"uv":[10.0,5.0625,10.25,5.25],"rotation":0,"texture":"#0","tintindex":0},"up":{"uv":[5.9375,10.25,5.75,10.0],"rotation":0,"texture":"#0","tintindex":0},"down":{"uv":[6.1875,10.0,6.0,10.25],"rotation":0,"texture":"#0","tintindex":0}}},{"from":[8.02396,6.2591753,2.8337293],"to":[8.02396,8.544889,6.2623005],"rotation":{"angle":0.0,"axis":"y","origin":[7.6811028,5.859175,2.7194428]},"faces":{"east":{"uv":[9.0625,1.5625,9.4375,1.8125],"rotation":0,"texture":"#0","tintindex":0},"south":{"uv":[0.125,10.375,0.125,10.625],"rotation":0,"texture":"#0","tintindex":0},"north":{"uv":[0.0625,10.375,0.0625,10.625],"rotation":0,"texture":"#0","tintindex":0},"west":{"uv":[9.0625,6.375,9.4375,6.625],"rotation":0,"texture":"#0","tintindex":0},"up":{"uv":[0.1875,10.75,0.1875,10.375],"rotation":0,"texture":"#0","tintindex":0},"down":{"uv":[10.375,0.5,10.375,0.875],"rotation":0,"texture":"#0","tintindex":0}}},{"from":[6.0239596,6.2591753,2.8337293],"to":[6.0239596,8.544889,6.2623005],"rotation":{"angle":22.5,"axis":"y","origin":[8.138246,7.4020324,4.5480146]},"faces":{"east":{"uv":[9.0625,6.6875,9.4375,6.9375],"rotation":0,"texture":"#0","tintindex":0},"south":{"uv":[1.4375,10.375,1.4375,10.625],"rotation":0,"texture":"#0","tintindex":0},"north":{"uv":[10.375,0.9375,10.375,1.1875],"rotation":0,"texture":"#0","tintindex":0},"west":{"uv":[9.0625,7.0,9.4375,7.25],"rotation":0,"texture":"#0","tintindex":0},"up":{"uv":[1.5,10.75,1.5,10.375],"rotation":0,"texture":"#0","tintindex":0},"down":{"uv":[1.5625,10.375,1.5625,10.75],"rotation":0,"texture":"#0","tintindex":0}}},{"from":[10.02396,6.2591753,2.8337293],"to":[10.02396,8.544889,6.2623005],"rotation":{"angle":-22.5,"axis":"y","origin":[8.138246,7.4020324,4.5480146]},"faces":{"east":{"uv":[7.3125,9.0625,7.6875,9.3125],"rotation":0,"texture":"#0","tintindex":0},"south":{"uv":[1.625,10.375,1.625,10.625],"rotation":0,"texture":"#0","tintindex":0},"north":{"uv":[10.375,1.5625,10.375,1.8125],"rotation":0,"texture":"#0","tintindex":0},"west":{"uv":[9.0625,7.3125,9.4375,7.5625],"rotation":0,"texture":"#0","tintindex":0},"up":{"uv":[2.0,10.75,2.0,10.375],"rotation":0,"texture":"#0","tintindex":0},"down":{"uv":[2.0625,10.375,2.0625,10.75],"rotation":0,"texture":"#0","tintindex":0}}},{"from":[6.5052423,6.358182,6.570449],"to":[9.362385,8.643896,9.427592],"rotation":{"angle":0.0,"axis":"y","origin":[7.305242,11.386753,8.170449]},"faces":{"east":{"uv":[9.5,8.875,9.8125,9.125],"rotation":0,"texture":"#0","tintindex":0},"south":{"uv":[9.5,9.1875,9.8125,9.4375],"rotation":0,"texture":"#0","tintindex":0},"north":{"uv":[9.5,8.5625,9.8125,8.8125],"rotation":0,"texture":"#0","tintindex":0},"west":{"uv":[9.5,9.5,9.8125,9.75],"rotation":0,"texture":"#0","tintindex":0},"up":{"uv":[9.25,5.125,8.9375,4.8125],"rotation":0,"texture":"#0","tintindex":0},"down":{"uv":[9.25,5.1875,8.9375,5.5],"rotation":0,"texture":"#0","tintindex":0}}}],"display":{"head":{"translation":[0.0,-6.4,0.0],"scale":[4.0,4.0,4.0]}}}