{"textures":{"0":"modelengine:entity/nocsy_drakonin6"},"elements":[{"from":[6.061298,6.3689003,6.5714283],"to":[8.918441,9.226044,9.428572],"rotation":{"angle":0.0,"axis":"y","origin":[8.3470125,6.555906,6.7388253]},"faces":{"east":{"uv":[6.5,7.5,6.8125,7.8125],"rotation":0,"texture":"#0","tintindex":0},"south":{"uv":[8.6875,0.5,9.0,0.8125],"rotation":0,"texture":"#0","tintindex":0},"north":{"uv":[6.375,4.75,6.6875,5.0625],"rotation":0,"texture":"#0","tintindex":0},"west":{"uv":[8.875,2.0625,9.1875,2.375],"rotation":0,"texture":"#0","tintindex":0},"up":{"uv":[9.1875,2.75,8.875,2.4375],"rotation":0,"texture":"#0","tintindex":0},"down":{"uv":[9.1875,2.8125,8.875,3.125],"rotation":0,"texture":"#0","tintindex":0}}},{"from":[-0.79584503,6.9403286,7.0857143],"to":[6.6327267,8.654614,8.8],"rotation":{"angle":0.0,"axis":"y","origin":[8.3470125,6.555906,6.7388253]},"faces":{"east":{"uv":[6.6875,2.25,6.875,2.4375],"rotation":0,"texture":"#0","tintindex":0},"south":{"uv":[7.875,6.375,8.6875,6.5625],"rotation":0,"texture":"#0","tintindex":0},"north":{"uv":[1.625,7.875,2.4375,8.0625],"rotation":0,"texture":"#0","tintindex":0},"west":{"uv":[4.6875,10.0625,4.875,10.25],"rotation":0,"texture":"#0","tintindex":0},"up":{"uv":[7.3125,8.0625,6.5,7.875],"rotation":0,"texture":"#0","tintindex":0},"down":{"uv":[8.6875,6.625,7.875,6.8125],"rotation":0,"texture":"#0","tintindex":0}}},{"from":[-2.3167439,6.946043,2.8344297],"to":[-0.61388683,8.6489,6.8230014],"rotation":{"angle":45.0,"axis":"y","origin":[0.8203988,7.797472,5.971573]},"faces":{"east":{"uv":[9.0625,0.625,9.5,0.8125],"rotation":0,"texture":"#0","tintindex":0},"south":{"uv":[5.1875,10.0625,5.375,10.25],"rotation":0,"texture":"#0","tintindex":0},"north":{"uv":[4.9375,10.0625,5.125,10.25],"rotation":0,"texture":"#0","tintindex":0},"west":{"uv":[9.0625,7.625,9.5,7.8125],"rotation":0,"texture":"#0","tintindex":0},"up":{"uv":[5.1875,6.75,5.0,6.3125],"rotation":0,"texture":"#0","tintindex":0},"down":{"uv":[8.8125,9.0625,8.625,9.5],"rotation":0,"texture":"#0","tintindex":0}}},{"from":[-4.4548855,6.9403286,1.7957988],"to":[-2.7405996,8.654614,5.7957993],"rotation":{"angle":22.5,"axis":"y","origin":[-3.597743,7.797472,3.7957993]},"faces":{"east":{"uv":[9.0625,8.1875,9.5,8.375],"rotation":0,"texture":"#0","tintindex":0},"south":{"uv":[6.5,10.0625,6.6875,10.25],"rotation":0,"texture":"#0","tintindex":0},"north":{"uv":[6.25,10.0625,6.4375,10.25],"rotation":0,"texture":"#0","tintindex":0},"west":{"uv":[8.875,9.0625,9.3125,9.25],"rotation":0,"texture":"#0","tintindex":0},"up":{"uv":[8.5,9.5625,8.3125,9.125],"rotation":0,"texture":"#0","tintindex":0},"down":{"uv":[9.4375,1.875,9.25,2.3125],"rotation":0,"texture":"#0","tintindex":0}}},{"from":[-4.3243933,7.8546147,2.4518275],"to":[7.675607,7.9689,25.8804],"rotation":{"angle":0.0,"axis":"y","origin":[-5.1815367,7.797472,4.451828]},"faces":{"east":{"uv":[7.6875,4.1875,10.25,4.25],"rotation":0,"texture":"#0","tintindex":0},"south":{"uv":[8.9375,5.5625,10.25,5.625],"rotation":0,"texture":"#0","tintindex":0},"north":{"uv":[8.3125,1.25,9.625,1.3125],"rotation":0,"texture":"#0","tintindex":0},"west":{"uv":[7.6875,4.3125,10.25,4.375],"rotation":0,"texture":"#0","tintindex":0},"up":{"uv":[5.4375,2.5625,4.125,0.0],"rotation":0,"texture":"#0","tintindex":0},"down":{"uv":[5.4375,2.625,4.125,5.1875],"rotation":0,"texture":"#0","tintindex":0}}}],"display":{"head":{"translation":[0.0,-6.4,0.0],"scale":[4.0,4.0,4.0]}}}