{"textures":{"0":"modelengine:entity/nocsy_drakonin6"},"elements":[{"from":[6.285714,8.063616,7.399993],"to":[9.714286,12.063617,10.828565],"rotation":{"angle":0.0,"axis":"y","origin":[7.428571,9.805804,9.4561615]},"faces":{"east":{"uv":[7.6875,2.25,8.0625,2.6875],"rotation":0,"texture":"#0","tintindex":0},"south":{"uv":[7.6875,2.75,8.0625,3.1875],"rotation":0,"texture":"#0","tintindex":0},"north":{"uv":[4.25,7.625,4.625,8.0625],"rotation":0,"texture":"#0","tintindex":0},"west":{"uv":[7.6875,3.25,8.0625,3.6875],"rotation":0,"texture":"#0","tintindex":0},"up":{"uv":[8.25,8.25,7.875,7.875],"rotation":0,"texture":"#0","tintindex":0},"down":{"uv":[8.3125,0.0,7.9375,0.375],"rotation":0,"texture":"#0","tintindex":0}}},{"from":[5.142857,8.2350445,9.285707],"to":[5.142857,15.663616,14.428564],"rotation":{"angle":-45.0,"axis":"y","origin":[6.285714,11.777903,10.714279]},"faces":{"east":{"uv":[5.25,5.25,5.8125,6.0625],"rotation":0,"texture":"#0","tintindex":0},"south":{"uv":[1.375,10.1875,1.375,11.0],"rotation":0,"texture":"#0","tintindex":0},"north":{"uv":[1.3125,10.1875,1.3125,11.0],"rotation":0,"texture":"#0","tintindex":0},"west":{"uv":[5.5,0.0,6.0625,0.8125],"rotation":0,"texture":"#0","tintindex":0},"up":{"uv":[2.75,10.75,2.75,10.1875],"rotation":0,"texture":"#0","tintindex":0},"down":{"uv":[2.8125,10.1875,2.8125,10.75],"rotation":0,"texture":"#0","tintindex":0}}},{"from":[10.857143,8.2350445,9.285707],"to":[10.857143,15.663616,14.428564],"rotation":{"angle":45.0,"axis":"y","origin":[9.714286,11.777903,10.714279]},"faces":{"east":{"uv":[5.5,0.875,6.0625,1.6875],"rotation":0,"texture":"#0","tintindex":0},"south":{"uv":[8.4375,10.1875,8.4375,11.0],"rotation":0,"texture":"#0","tintindex":0},"north":{"uv":[8.375,10.1875,8.375,11.0],"rotation":0,"texture":"#0","tintindex":0},"west":{"uv":[5.5,1.75,6.0625,2.5625],"rotation":0,"texture":"#0","tintindex":0},"up":{"uv":[4.125,10.8125,4.125,10.25],"rotation":0,"texture":"#0","tintindex":0},"down":{"uv":[4.1875,10.25,4.1875,10.8125],"rotation":0,"texture":"#0","tintindex":0}}},{"from":[6.2914286,11.568721,6.9874563],"to":[9.708571,13.843007,10.404599],"rotation":{"angle":-22.5,"axis":"x","origin":[8.0,12.864656,9.361072]},"faces":{"east":{"uv":[8.875,7.875,9.25,8.125],"rotation":0,"texture":"#0","tintindex":0},"south":{"uv":[6.4375,8.9375,6.8125,9.1875],"rotation":0,"texture":"#0","tintindex":0},"north":{"uv":[8.5,5.4375,8.875,5.6875],"rotation":0,"texture":"#0","tintindex":0},"west":{"uv":[6.875,8.9375,7.25,9.1875],"rotation":0,"texture":"#0","tintindex":0},"up":{"uv":[8.3125,0.8125,7.9375,0.4375],"rotation":0,"texture":"#0","tintindex":0},"down":{"uv":[8.3125,1.5625,7.9375,1.9375],"rotation":0,"texture":"#0","tintindex":0}}}],"display":{"head":{"translation":[0.0,-6.4,0.0],"scale":[4.0,4.0,4.0]}}}