{"textures":{"0":"modelengine:entity/nocsy_drakonin7"},"elements":[{"from":[6.4241457,6.01961,6.9694037],"to":[8.138432,8.305325,10.969404],"rotation":{"angle":22.5,"axis":"z","origin":[7.4527173,7.1624675,10.055119]},"faces":{"east":{"uv":[9.125,10.3125,9.5625,10.5625],"rotation":0,"texture":"#0","tintindex":0},"south":{"uv":[10.3125,11.125,10.5,11.375],"rotation":0,"texture":"#0","tintindex":0},"north":{"uv":[10.375,3.0,10.5625,3.25],"rotation":0,"texture":"#0","tintindex":0},"west":{"uv":[9.625,10.3125,10.0625,10.5625],"rotation":0,"texture":"#0","tintindex":0},"up":{"uv":[5.3125,11.5625,5.125,11.125],"rotation":0,"texture":"#0","tintindex":0},"down":{"uv":[5.5625,11.125,5.375,11.5625],"rotation":0,"texture":"#0","tintindex":0}}},{"from":[6.2244563,6.8765597,9.949891],"to":[7.7101703,8.362274,13.149892],"rotation":{"angle":-45.0,"axis":"x","origin":[6.9101706,7.0479884,11.378463]},"faces":{"east":{"uv":[11.5,3.6875,11.875,3.875],"rotation":0,"texture":"#0","tintindex":0},"south":{"uv":[12.0625,2.375,12.25,2.5625],"rotation":0,"texture":"#0","tintindex":0},"north":{"uv":[12.0625,2.125,12.25,2.3125],"rotation":0,"texture":"#0","tintindex":0},"west":{"uv":[3.8125,11.5,4.1875,11.6875],"rotation":0,"texture":"#0","tintindex":0},"up":{"uv":[4.4375,11.875,4.25,11.5],"rotation":0,"texture":"#0","tintindex":0},"down":{"uv":[11.6875,4.9375,11.5,5.3125],"rotation":0,"texture":"#0","tintindex":0}}},{"from":[7.7771173,8.339714,11.368811],"to":[7.7771173,11.768286,12.854525],"rotation":{"angle":-22.5,"axis":"z","origin":[7.5164213,10.854,12.197792]},"faces":{"east":{"uv":[6.75,11.5,6.9375,11.875],"rotation":0,"texture":"#0","tintindex":0},"south":{"uv":[2.4375,12.25,2.4375,12.625],"rotation":0,"texture":"#0","tintindex":0},"north":{"uv":[2.375,12.25,2.375,12.625],"rotation":0,"texture":"#0","tintindex":0},"west":{"uv":[7.9375,11.5,8.125,11.875],"rotation":0,"texture":"#0","tintindex":0},"up":{"uv":[9.6875,11.375,9.6875,11.1875],"rotation":0,"texture":"#0","tintindex":0},"down":{"uv":[2.0625,11.25,2.0625,11.4375],"rotation":0,"texture":"#0","tintindex":0}}},{"from":[7.1985826,8.339714,12.055346],"to":[8.684298,11.768286,12.055346],"rotation":{"angle":-22.5,"axis":"z","origin":[7.5164213,10.854,12.197792]},"faces":{"east":{"uv":[2.8125,12.25,2.8125,12.625],"rotation":0,"texture":"#0","tintindex":0},"south":{"uv":[9.375,11.5,9.5625,11.875],"rotation":0,"texture":"#0","tintindex":0},"north":{"uv":[9.125,11.5,9.3125,11.875],"rotation":0,"texture":"#0","tintindex":0},"west":{"uv":[2.875,12.25,2.875,12.625],"rotation":0,"texture":"#0","tintindex":0},"up":{"uv":[5.8125,11.1875,5.625,11.1875],"rotation":0,"texture":"#0","tintindex":0},"down":{"uv":[7.75,11.1875,7.5625,11.1875],"rotation":0,"texture":"#0","tintindex":0}}}],"display":{"head":{"translation":[0.0,-6.4,0.0],"scale":[4.0,4.0,4.0]}}}