{"textures":{"0":"modelengine:entity/nocsy_drakonin7"},"elements":[{"from":[7.8615685,6.01961,6.9694037],"to":[9.575854,8.305325,10.969404],"rotation":{"angle":-22.5,"axis":"z","origin":[8.547283,7.1624675,10.055119]},"faces":{"east":{"uv":[8.125,10.3125,8.5625,10.5625],"rotation":0,"texture":"#0","tintindex":0},"south":{"uv":[5.875,9.5625,6.0625,9.8125],"rotation":0,"texture":"#0","tintindex":0},"north":{"uv":[2.8125,9.5,3.0,9.75],"rotation":0,"texture":"#0","tintindex":0},"west":{"uv":[8.625,10.3125,9.0625,10.5625],"rotation":0,"texture":"#0","tintindex":0},"up":{"uv":[3.25,11.5625,3.0625,11.125],"rotation":0,"texture":"#0","tintindex":0},"down":{"uv":[3.5,11.125,3.3125,11.5625],"rotation":0,"texture":"#0","tintindex":0}}},{"from":[8.289829,7.105131,9.949891],"to":[9.775544,8.590845,13.149892],"rotation":{"angle":-45.0,"axis":"x","origin":[9.089829,7.27656,11.378463]},"faces":{"east":{"uv":[11.125,9.8125,11.5,10.0],"rotation":0,"texture":"#0","tintindex":0},"south":{"uv":[1.3125,12.0625,1.5,12.25],"rotation":0,"texture":"#0","tintindex":0},"north":{"uv":[0.25,12.0625,0.4375,12.25],"rotation":0,"texture":"#0","tintindex":0},"west":{"uv":[0.3125,11.5,0.6875,11.6875],"rotation":0,"texture":"#0","tintindex":0},"up":{"uv":[11.6875,2.0,11.5,1.625],"rotation":0,"texture":"#0","tintindex":0},"down":{"uv":[2.25,11.5,2.0625,11.875],"rotation":0,"texture":"#0","tintindex":0}}},{"from":[8.222882,8.568286,11.368811],"to":[8.222882,11.996858,12.854525],"rotation":{"angle":22.5,"axis":"z","origin":[8.483579,11.082572,12.197792]},"faces":{"east":{"uv":[11.5,2.0625,11.6875,2.4375],"rotation":0,"texture":"#0","tintindex":0},"south":{"uv":[1.8125,12.25,1.8125,12.625],"rotation":0,"texture":"#0","tintindex":0},"north":{"uv":[1.75,12.25,1.75,12.625],"rotation":0,"texture":"#0","tintindex":0},"west":{"uv":[2.3125,11.5,2.5,11.875],"rotation":0,"texture":"#0","tintindex":0},"up":{"uv":[8.4375,11.1875,8.4375,11.0],"rotation":0,"texture":"#0","tintindex":0},"down":{"uv":[9.625,11.1875,9.625,11.375],"rotation":0,"texture":"#0","tintindex":0}}},{"from":[7.315703,8.568286,12.055346],"to":[8.801417,11.996858,12.055346],"rotation":{"angle":22.5,"axis":"z","origin":[8.483579,11.082572,12.197792]},"faces":{"east":{"uv":[2.25,12.25,2.25,12.625],"rotation":0,"texture":"#0","tintindex":0},"south":{"uv":[3.5625,11.5,3.75,11.875],"rotation":0,"texture":"#0","tintindex":0},"north":{"uv":[11.5,3.25,11.6875,3.625],"rotation":0,"texture":"#0","tintindex":0},"west":{"uv":[2.3125,12.25,2.3125,12.625],"rotation":0,"texture":"#0","tintindex":0},"up":{"uv":[10.875,2.9375,10.6875,2.9375],"rotation":0,"texture":"#0","tintindex":0},"down":{"uv":[7.75,11.125,7.5625,11.125],"rotation":0,"texture":"#0","tintindex":0}}}],"display":{"head":{"translation":[0.0,-6.4,0.0],"scale":[4.0,4.0,4.0]}}}