{"textures":{"0":"modelengine:entity/nocsy_drakonin7"},"elements":[{"from":[6.061298,6.6546144,6.857143],"to":[8.918441,8.940329,9.142858],"rotation":{"angle":0.0,"axis":"y","origin":[8.3470125,6.555906,6.7388253]},"faces":{"east":{"uv":[3.375,11.625,3.125,11.875],"rotation":0,"texture":"#0","tintindex":0},"south":{"uv":[0.6875,11.1875,0.375,11.4375],"rotation":0,"texture":"#0","tintindex":0},"north":{"uv":[11.5,0.3125,11.1875,0.5625],"rotation":0,"texture":"#0","tintindex":0},"west":{"uv":[11.875,2.9375,11.625,3.1875],"rotation":0,"texture":"#0","tintindex":0},"up":{"uv":[2.1875,11.4375,2.5,11.1875],"rotation":0,"texture":"#0","tintindex":0},"down":{"uv":[4.3125,11.1875,4.625,11.4375],"rotation":0,"texture":"#0","tintindex":0}}},{"from":[-0.79584503,6.9403286,7.0857143],"to":[6.6327267,8.654614,8.8],"rotation":{"angle":0.0,"axis":"y","origin":[8.3470125,6.555906,6.7388253]},"faces":{"east":{"uv":[7.125,12.0,6.9375,12.1875],"rotation":0,"texture":"#0","tintindex":0},"south":{"uv":[10.5625,9.8125,9.75,10.0],"rotation":0,"texture":"#0","tintindex":0},"north":{"uv":[9.6875,9.8125,8.875,10.0],"rotation":0,"texture":"#0","tintindex":0},"west":{"uv":[6.5,12.0,6.3125,12.1875],"rotation":0,"texture":"#0","tintindex":0},"up":{"uv":[2.8125,10.0625,3.625,9.875],"rotation":0,"texture":"#0","tintindex":0},"down":{"uv":[3.6875,9.875,4.5,10.0625],"rotation":0,"texture":"#0","tintindex":0}}},{"from":[-2.3167439,6.946043,2.8344297],"to":[-0.61388683,8.6489,6.8230014],"rotation":{"angle":45.0,"axis":"y","origin":[0.8203988,7.797472,5.971573]},"faces":{"east":{"uv":[11.4375,2.1875,11.0,2.375],"rotation":0,"texture":"#0","tintindex":0},"south":{"uv":[7.75,12.0,7.5625,12.1875],"rotation":0,"texture":"#0","tintindex":0},"north":{"uv":[12.1875,7.5,12.0,7.6875],"rotation":0,"texture":"#0","tintindex":0},"west":{"uv":[11.4375,1.9375,11.0,2.125],"rotation":0,"texture":"#0","tintindex":0},"up":{"uv":[11.0,3.375,11.1875,2.9375],"rotation":0,"texture":"#0","tintindex":0},"down":{"uv":[3.5625,11.0,3.75,11.4375],"rotation":0,"texture":"#0","tintindex":0}}},{"from":[-4.4548855,6.9403286,1.7957988],"to":[-2.7405996,8.654614,5.7957993],"rotation":{"angle":22.5,"axis":"y","origin":[-3.597743,7.797472,3.7957993]},"faces":{"east":{"uv":[11.4375,3.4375,11.0,3.625],"rotation":0,"texture":"#0","tintindex":0},"south":{"uv":[9.75,12.0,9.5625,12.1875],"rotation":0,"texture":"#0","tintindex":0},"north":{"uv":[12.1875,8.3125,12.0,8.5],"rotation":0,"texture":"#0","tintindex":0},"west":{"uv":[11.4375,2.4375,11.0,2.625],"rotation":0,"texture":"#0","tintindex":0},"up":{"uv":[3.8125,11.4375,4.0,11.0],"rotation":0,"texture":"#0","tintindex":0},"down":{"uv":[4.0625,11.0,4.25,11.4375],"rotation":0,"texture":"#0","tintindex":0}}},{"from":[-4.3243933,7.8546147,0.73754215],"to":[7.675607,7.9689,24.166115],"rotation":{"angle":0.0,"axis":"y","origin":[-5.1815367,7.797472,4.451828]},"faces":{"east":{"uv":[12.125,7.0,9.5625,7.0625],"rotation":0,"texture":"#0","tintindex":0},"south":{"uv":[12.375,0.625,11.0625,0.6875],"rotation":0,"texture":"#0","tintindex":0},"north":{"uv":[12.3125,2.6875,11.0,2.75],"rotation":0,"texture":"#0","tintindex":0},"west":{"uv":[12.125,6.875,9.5625,6.9375],"rotation":0,"texture":"#0","tintindex":0},"up":{"uv":[6.875,7.8125,8.1875,5.25],"rotation":0,"texture":"#0","tintindex":0},"down":{"uv":[7.5625,0.0,8.875,2.5625],"rotation":0,"texture":"#0","tintindex":0}}},{"from":[-4.3243933,7.683186,0.73754215],"to":[7.675607,8.254615,24.166115],"rotation":{"angle":0.0,"axis":"y","origin":[-5.1815367,7.797472,4.451828]},"faces":{"east":{"uv":[12.125,7.25,9.5625,7.3125],"rotation":0,"texture":"#0","tintindex":0},"south":{"uv":[12.375,0.875,11.0625,0.9375],"rotation":0,"texture":"#0","tintindex":0},"north":{"uv":[12.375,0.75,11.0625,0.8125],"rotation":0,"texture":"#0","tintindex":0},"west":{"uv":[12.125,7.125,9.5625,7.1875],"rotation":0,"texture":"#0","tintindex":0},"up":{"uv":[7.5625,5.1875,8.875,2.625],"rotation":0,"texture":"#0","tintindex":0},"down":{"uv":[7.5625,2.625,8.875,5.1875],"rotation":0,"texture":"#0","tintindex":0}}}],"display":{"head":{"translation":[0.0,-6.4,0.0],"scale":[4.0,4.0,4.0]}}}