{"textures":{"0":"modelengine:entity/nocsy_drakonin7"},"elements":[{"from":[6.285714,5.121703,6.46508],"to":[8.571428,9.121703,9.893651],"rotation":{"angle":-22.5,"axis":"x","origin":[10.0,7.978846,8.750794]},"faces":{"east":{"uv":[9.5,3.0,9.875,3.4375],"rotation":0,"texture":"#0","tintindex":0},"south":{"uv":[7.5625,10.3125,7.8125,10.75],"rotation":0,"texture":"#0","tintindex":0},"north":{"uv":[6.0,10.3125,6.25,10.75],"rotation":0,"texture":"#0","tintindex":0},"west":{"uv":[9.5,3.5,9.875,3.9375],"rotation":0,"texture":"#0","tintindex":0},"up":{"uv":[10.9375,2.75,10.6875,2.375],"rotation":0,"texture":"#0","tintindex":0},"down":{"uv":[2.875,10.6875,2.625,11.0625],"rotation":0,"texture":"#0","tintindex":0}}}],"display":{"head":{"translation":[0.0,-6.4,0.0],"scale":[4.0,4.0,4.0]}}}