{"textures":{"0":"modelengine:entity/nocsy_drakonin7"},"elements":[{"from":[5.477821,6.3524675,5.5592756],"to":[7.203535,8.078182,7.8564186],"rotation":{"angle":22.5,"axis":"y","origin":[8.054964,7.215325,5.279276]},"faces":{"east":{"uv":[11.625,5.375,11.875,5.5625],"rotation":0,"texture":"#0","tintindex":0},"south":{"uv":[12.0625,3.1875,12.25,3.375],"rotation":0,"texture":"#0","tintindex":0},"north":{"uv":[2.5,12.0625,2.6875,12.25],"rotation":0,"texture":"#0","tintindex":0},"west":{"uv":[11.625,8.75,11.875,8.9375],"rotation":0,"texture":"#0","tintindex":0},"up":{"uv":[0.9375,11.9375,0.75,11.6875],"rotation":0,"texture":"#0","tintindex":0},"down":{"uv":[4.6875,11.6875,4.5,11.9375],"rotation":0,"texture":"#0","tintindex":0}}},{"from":[7.9338136,6.490466,9.798937],"to":[7.9338136,8.77618,12.65608],"rotation":{"angle":0.0,"axis":"y","origin":[8.219528,7.0618944,10.427509]},"faces":{"east":{"uv":[11.1875,10.625,11.5,10.875],"rotation":0,"texture":"#0","tintindex":0},"south":{"uv":[7.8125,11.5625,7.8125,11.8125],"rotation":0,"texture":"#0","tintindex":0},"north":{"uv":[2.0,11.5625,2.0,11.8125],"rotation":0,"texture":"#0","tintindex":0},"west":{"uv":[1.6875,11.25,2.0,11.5],"rotation":0,"texture":"#0","tintindex":0},"up":{"uv":[7.875,11.875,7.875,11.5625],"rotation":0,"texture":"#0","tintindex":0},"down":{"uv":[9.875,11.5625,9.875,11.875],"rotation":0,"texture":"#0","tintindex":0}}},{"from":[7.082385,6.3638964,9.090449],"to":[8.785242,8.066753,10.221878],"rotation":{"angle":0.0,"axis":"y","origin":[8.505242,7.215325,7.084735]},"faces":{"east":{"uv":[5.125,10.3125,5.25,10.5],"rotation":0,"texture":"#0","tintindex":0},"south":{"uv":[12.0625,4.375,12.25,4.5625],"rotation":0,"texture":"#0","tintindex":0},"north":{"uv":[3.625,12.0625,3.8125,12.25],"rotation":0,"texture":"#0","tintindex":0},"west":{"uv":[6.9375,10.4375,7.0625,10.625],"rotation":0,"texture":"#0","tintindex":0},"up":{"uv":[12.375,4.0625,12.1875,3.9375],"rotation":0,"texture":"#0","tintindex":0},"down":{"uv":[12.375,7.3125,12.1875,7.4375],"rotation":0,"texture":"#0","tintindex":0}}},{"from":[8.664092,6.3524675,5.5592756],"to":[10.389807,8.078182,7.8564186],"rotation":{"angle":-22.5,"axis":"y","origin":[7.812663,7.215325,5.279276]},"faces":{"east":{"uv":[4.75,11.6875,5.0,11.875],"rotation":0,"texture":"#0","tintindex":0},"south":{"uv":[7.1875,12.0625,7.375,12.25],"rotation":0,"texture":"#0","tintindex":0},"north":{"uv":[12.0625,5.5625,12.25,5.75],"rotation":0,"texture":"#0","tintindex":0},"west":{"uv":[8.625,11.6875,8.875,11.875],"rotation":0,"texture":"#0","tintindex":0},"up":{"uv":[11.875,11.3125,11.6875,11.0625],"rotation":0,"texture":"#0","tintindex":0},"down":{"uv":[11.3125,11.6875,11.125,11.9375],"rotation":0,"texture":"#0","tintindex":0}}},{"from":[7.1155205,6.346753,5.553561],"to":[8.852663,8.083896,7.862133],"rotation":{"angle":0.0,"axis":"y","origin":[6.384092,7.215325,5.279276]},"faces":{"east":{"uv":[11.375,11.6875,11.625,11.875],"rotation":0,"texture":"#0","tintindex":0},"south":{"uv":[12.0625,8.0,12.25,8.1875],"rotation":0,"texture":"#0","tintindex":0},"north":{"uv":[12.0625,7.75,12.25,7.9375],"rotation":0,"texture":"#0","tintindex":0},"west":{"uv":[11.6875,11.375,11.9375,11.5625],"rotation":0,"texture":"#0","tintindex":0},"up":{"uv":[11.875,11.875,11.6875,11.625],"rotation":0,"texture":"#0","tintindex":0},"down":{"uv":[0.5,11.75,0.3125,12.0],"rotation":0,"texture":"#0","tintindex":0}}},{"from":[8.02396,6.2591753,2.8337293],"to":[8.02396,8.544889,6.2623005],"rotation":{"angle":0.0,"axis":"y","origin":[7.6811028,5.859175,2.7194428]},"faces":{"east":{"uv":[3.5625,10.6875,3.9375,10.9375],"rotation":0,"texture":"#0","tintindex":0},"south":{"uv":[1.625,11.625,1.625,11.875],"rotation":0,"texture":"#0","tintindex":0},"north":{"uv":[9.9375,11.5625,9.9375,11.8125],"rotation":0,"texture":"#0","tintindex":0},"west":{"uv":[10.6875,3.75,11.0625,4.0],"rotation":0,"texture":"#0","tintindex":0},"up":{"uv":[3.5,12.625,3.5,12.25],"rotation":0,"texture":"#0","tintindex":0},"down":{"uv":[3.5625,12.25,3.5625,12.625],"rotation":0,"texture":"#0","tintindex":0}}},{"from":[6.0239596,6.2591753,2.8337293],"to":[6.0239596,8.544889,6.2623005],"rotation":{"angle":22.5,"axis":"y","origin":[8.138246,7.4020324,4.5480146]},"faces":{"east":{"uv":[4.0,10.6875,4.375,10.9375],"rotation":0,"texture":"#0","tintindex":0},"south":{"uv":[3.5,11.625,3.5,11.875],"rotation":0,"texture":"#0","tintindex":0},"north":{"uv":[3.4375,11.625,3.4375,11.875],"rotation":0,"texture":"#0","tintindex":0},"west":{"uv":[6.9375,10.6875,7.3125,10.9375],"rotation":0,"texture":"#0","tintindex":0},"up":{"uv":[4.0625,12.625,4.0625,12.25],"rotation":0,"texture":"#0","tintindex":0},"down":{"uv":[4.125,12.25,4.125,12.625],"rotation":0,"texture":"#0","tintindex":0}}},{"from":[10.02396,6.2591753,2.8337293],"to":[10.02396,8.544889,6.2623005],"rotation":{"angle":-22.5,"axis":"y","origin":[8.138246,7.4020324,4.5480146]},"faces":{"east":{"uv":[10.75,0.0,11.125,0.25],"rotation":0,"texture":"#0","tintindex":0},"south":{"uv":[1.0625,11.6875,1.0625,11.9375],"rotation":0,"texture":"#0","tintindex":0},"north":{"uv":[1.0,11.6875,1.0,11.9375],"rotation":0,"texture":"#0","tintindex":0},"west":{"uv":[10.75,0.3125,11.125,0.5625],"rotation":0,"texture":"#0","tintindex":0},"up":{"uv":[4.1875,12.625,4.1875,12.25],"rotation":0,"texture":"#0","tintindex":0},"down":{"uv":[4.25,12.25,4.25,12.625],"rotation":0,"texture":"#0","tintindex":0}}},{"from":[6.5052423,6.358182,6.570449],"to":[9.362385,8.643896,9.427592],"rotation":{"angle":0.0,"axis":"y","origin":[7.305242,11.386753,8.170449]},"faces":{"east":{"uv":[11.25,4.0,11.5625,4.25],"rotation":0,"texture":"#0","tintindex":0},"south":{"uv":[11.25,4.3125,11.5625,4.5625],"rotation":0,"texture":"#0","tintindex":0},"north":{"uv":[11.25,2.9375,11.5625,3.1875],"rotation":0,"texture":"#0","tintindex":0},"west":{"uv":[11.25,5.375,11.5625,5.625],"rotation":0,"texture":"#0","tintindex":0},"up":{"uv":[10.875,7.8125,10.5625,7.5],"rotation":0,"texture":"#0","tintindex":0},"down":{"uv":[10.875,7.875,10.5625,8.1875],"rotation":0,"texture":"#0","tintindex":0}}}],"display":{"head":{"translation":[0.0,-6.4,0.0],"scale":[4.0,4.0,4.0]}}}