{"textures":{"0":"modelengine:entity/nocsy_drakonin7"},"elements":[{"from":[7.428571,5.121703,6.46508],"to":[9.714286,9.121703,9.893651],"rotation":{"angle":-22.5,"axis":"x","origin":[6.0,7.978846,8.750794]},"faces":{"east":{"uv":[9.5,4.0,9.875,4.4375],"rotation":0,"texture":"#0","tintindex":0},"south":{"uv":[10.375,2.0,10.625,2.4375],"rotation":0,"texture":"#0","tintindex":0},"north":{"uv":[10.125,10.3125,10.375,10.75],"rotation":0,"texture":"#0","tintindex":0},"west":{"uv":[9.5,4.5,9.875,4.9375],"rotation":0,"texture":"#0","tintindex":0},"up":{"uv":[11.0,1.0,10.75,0.625],"rotation":0,"texture":"#0","tintindex":0},"down":{"uv":[1.375,10.75,1.125,11.125],"rotation":0,"texture":"#0","tintindex":0}}}],"display":{"head":{"translation":[0.0,-6.4,0.0],"scale":[4.0,4.0,4.0]}}}