{"textures":{"0":"modelengine:entity/nocsy_drakonin7"},"elements":[{"from":[6.857143,5.3486032,6.7942166],"to":[8.571428,8.777175,9.079931],"rotation":{"angle":22.5,"axis":"x","origin":[8.285714,8.662889,7.594217]},"faces":{"east":{"uv":[5.9375,10.8125,6.1875,11.1875],"rotation":0,"texture":"#0","tintindex":0},"south":{"uv":[2.5625,11.625,2.75,12.0],"rotation":0,"texture":"#0","tintindex":0},"north":{"uv":[1.375,11.625,1.5625,12.0],"rotation":0,"texture":"#0","tintindex":0},"west":{"uv":[7.8125,10.8125,8.0625,11.1875],"rotation":0,"texture":"#0","tintindex":0},"up":{"uv":[12.125,4.0625,11.9375,3.8125],"rotation":0,"texture":"#0","tintindex":0},"down":{"uv":[4.25,11.9375,4.0625,12.1875],"rotation":0,"texture":"#0","tintindex":0}}}],"display":{"head":{"translation":[0.0,-6.4,0.0],"scale":[4.0,4.0,4.0]}}}