{"textures":{"0":"modelengine:entity/nocsy_drakonin7"},"elements":[{"from":[7.428571,5.121703,5.893651],"to":[9.714286,9.693131,9.893651],"rotation":{"angle":-22.5,"axis":"x","origin":[6.0,7.978846,8.750794]},"faces":{"east":{"uv":[6.125,9.375,6.5625,9.875],"rotation":0,"texture":"#0","tintindex":0},"south":{"uv":[3.5625,10.125,3.8125,10.625],"rotation":0,"texture":"#0","tintindex":0},"north":{"uv":[3.25,10.125,3.5,10.625],"rotation":0,"texture":"#0","tintindex":0},"west":{"uv":[6.625,9.375,7.0625,9.875],"rotation":0,"texture":"#0","tintindex":0},"up":{"uv":[6.875,10.875,6.625,10.4375],"rotation":0,"texture":"#0","tintindex":0},"down":{"uv":[10.6875,10.3125,10.4375,10.75],"rotation":0,"texture":"#0","tintindex":0}}}],"display":{"head":{"translation":[0.0,-6.4,0.0],"scale":[4.0,4.0,4.0]}}}