{"textures":{"0":"modelengine:entity/nocsy_drakonin7"},"elements":[{"from":[6.857143,5.3486032,6.7942166],"to":[8.571428,8.777175,9.079931],"rotation":{"angle":22.5,"axis":"x","origin":[8.285714,8.662889,7.594217]},"faces":{"east":{"uv":[2.25,10.75,2.5,11.125],"rotation":0,"texture":"#0","tintindex":0},"south":{"uv":[9.625,11.5625,9.8125,11.9375],"rotation":0,"texture":"#0","tintindex":0},"north":{"uv":[7.5625,11.5625,7.75,11.9375],"rotation":0,"texture":"#0","tintindex":0},"west":{"uv":[10.75,4.6875,11.0,5.0625],"rotation":0,"texture":"#0","tintindex":0},"up":{"uv":[11.9375,1.875,11.75,1.625],"rotation":0,"texture":"#0","tintindex":0},"down":{"uv":[11.9375,1.9375,11.75,2.1875],"rotation":0,"texture":"#0","tintindex":0}}}],"display":{"head":{"translation":[0.0,-6.4,0.0],"scale":[4.0,4.0,4.0]}}}