{"textures":{"0":"modelengine:entity/nocsy_drakonin7"},"elements":[{"from":[8.475992,6.5188313,5.857143],"to":[10.201706,8.244546,8.154285],"rotation":{"angle":-22.5,"axis":"y","origin":[7.624563,7.3816886,5.5771427]},"faces":{"east":{"uv":[11.9375,4.125,12.1875,4.3125],"rotation":0,"texture":"#0","tintindex":0},"south":{"uv":[12.1875,6.3125,12.375,6.5],"rotation":0,"texture":"#0","tintindex":0},"north":{"uv":[12.1875,6.0625,12.375,6.25],"rotation":0,"texture":"#0","tintindex":0},"west":{"uv":[4.75,11.9375,5.0,12.125],"rotation":0,"texture":"#0","tintindex":0},"up":{"uv":[5.25,12.1875,5.0625,11.9375],"rotation":0,"texture":"#0","tintindex":0},"down":{"uv":[12.125,5.25,11.9375,5.5],"rotation":0,"texture":"#0","tintindex":0}}},{"from":[7.7457137,6.65683,10.096805],"to":[7.7457137,8.942544,12.953947],"rotation":{"angle":0.0,"axis":"y","origin":[7.459999,7.2282586,10.725376]},"faces":{"east":{"uv":[8.75,11.375,9.0625,11.625],"rotation":0,"texture":"#0","tintindex":0},"south":{"uv":[9.0625,12.25,9.0625,12.5],"rotation":0,"texture":"#0","tintindex":0},"north":{"uv":[8.6875,12.25,8.6875,12.5],"rotation":0,"texture":"#0","tintindex":0},"west":{"uv":[11.3125,11.375,11.625,11.625],"rotation":0,"texture":"#0","tintindex":0},"up":{"uv":[9.125,12.5625,9.125,12.25],"rotation":0,"texture":"#0","tintindex":0},"down":{"uv":[9.1875,12.25,9.1875,12.5625],"rotation":0,"texture":"#0","tintindex":0}}},{"from":[6.894285,6.53026,9.388316],"to":[8.597142,8.233117,10.519745],"rotation":{"angle":0.0,"axis":"y","origin":[7.174285,7.3816886,7.382602]},"faces":{"east":{"uv":[0.5625,11.75,0.6875,11.9375],"rotation":0,"texture":"#0","tintindex":0},"south":{"uv":[12.1875,6.5625,12.375,6.75],"rotation":0,"texture":"#0","tintindex":0},"north":{"uv":[6.5625,12.1875,6.75,12.375],"rotation":0,"texture":"#0","tintindex":0},"west":{"uv":[3.875,12.0625,4.0,12.25],"rotation":0,"texture":"#0","tintindex":0},"up":{"uv":[12.4375,0.3125,12.25,0.1875],"rotation":0,"texture":"#0","tintindex":0},"down":{"uv":[12.4375,0.375,12.25,0.5],"rotation":0,"texture":"#0","tintindex":0}}},{"from":[5.289721,6.5188313,5.857143],"to":[7.015435,8.244546,8.154285],"rotation":{"angle":22.5,"axis":"y","origin":[7.8668637,7.3816886,5.5771427]},"faces":{"east":{"uv":[6.625,11.9375,6.875,12.125],"rotation":0,"texture":"#0","tintindex":0},"south":{"uv":[12.1875,7.0625,12.375,7.25],"rotation":0,"texture":"#0","tintindex":0},"north":{"uv":[12.1875,6.8125,12.375,7.0],"rotation":0,"texture":"#0","tintindex":0},"west":{"uv":[7.8125,11.9375,8.0625,12.125],"rotation":0,"texture":"#0","tintindex":0},"up":{"uv":[5.5,12.1875,5.3125,11.9375],"rotation":0,"texture":"#0","tintindex":0},"down":{"uv":[8.6875,11.9375,8.5,12.1875],"rotation":0,"texture":"#0","tintindex":0}}},{"from":[6.826864,6.5131173,5.8514285],"to":[8.564007,8.25026,8.16],"rotation":{"angle":0.0,"axis":"y","origin":[9.295435,7.3816886,5.5771427]},"faces":{"east":{"uv":[11.9375,8.625,12.1875,8.8125],"rotation":0,"texture":"#0","tintindex":0},"south":{"uv":[8.75,12.1875,8.9375,12.375],"rotation":0,"texture":"#0","tintindex":0},"north":{"uv":[7.8125,12.1875,8.0,12.375],"rotation":0,"texture":"#0","tintindex":0},"west":{"uv":[8.75,11.9375,9.0,12.125],"rotation":0,"texture":"#0","tintindex":0},"up":{"uv":[9.25,12.1875,9.0625,11.9375],"rotation":0,"texture":"#0","tintindex":0},"down":{"uv":[12.125,9.25,11.9375,9.5],"rotation":0,"texture":"#0","tintindex":0}}},{"from":[7.6555676,6.425539,3.131596],"to":[7.6555676,8.711253,6.560168],"rotation":{"angle":0.0,"axis":"y","origin":[7.9984245,6.025539,3.0173101]},"faces":{"east":{"uv":[6.25,10.9375,6.625,11.1875],"rotation":0,"texture":"#0","tintindex":0},"south":{"uv":[9.3125,12.25,9.3125,12.5],"rotation":0,"texture":"#0","tintindex":0},"north":{"uv":[9.25,12.25,9.25,12.5],"rotation":0,"texture":"#0","tintindex":0},"west":{"uv":[10.9375,7.5,11.3125,7.75],"rotation":0,"texture":"#0","tintindex":0},"up":{"uv":[9.375,12.625,9.375,12.25],"rotation":0,"texture":"#0","tintindex":0},"down":{"uv":[9.4375,12.25,9.4375,12.625],"rotation":0,"texture":"#0","tintindex":0}}},{"from":[9.655567,6.425539,3.131596],"to":[9.655567,8.711253,6.560168],"rotation":{"angle":-22.5,"axis":"y","origin":[7.5412817,7.568396,4.845882]},"faces":{"east":{"uv":[10.9375,7.8125,11.3125,8.0625],"rotation":0,"texture":"#0","tintindex":0},"south":{"uv":[9.5625,12.25,9.5625,12.5],"rotation":0,"texture":"#0","tintindex":0},"north":{"uv":[9.5,12.25,9.5,12.5],"rotation":0,"texture":"#0","tintindex":0},"west":{"uv":[10.9375,8.125,11.3125,8.375],"rotation":0,"texture":"#0","tintindex":0},"up":{"uv":[9.625,12.625,9.625,12.25],"rotation":0,"texture":"#0","tintindex":0},"down":{"uv":[9.6875,12.25,9.6875,12.625],"rotation":0,"texture":"#0","tintindex":0}}},{"from":[5.655567,6.425539,3.131596],"to":[5.655567,8.711253,6.560168],"rotation":{"angle":22.5,"axis":"y","origin":[7.5412817,7.568396,4.845882]},"faces":{"east":{"uv":[10.9375,8.4375,11.3125,8.6875],"rotation":0,"texture":"#0","tintindex":0},"south":{"uv":[12.25,9.8125,12.25,10.0625],"rotation":0,"texture":"#0","tintindex":0},"north":{"uv":[9.75,12.25,9.75,12.5],"rotation":0,"texture":"#0","tintindex":0},"west":{"uv":[8.5,10.9375,8.875,11.1875],"rotation":0,"texture":"#0","tintindex":0},"up":{"uv":[9.875,12.625,9.875,12.25],"rotation":0,"texture":"#0","tintindex":0},"down":{"uv":[9.9375,12.25,9.9375,12.625],"rotation":0,"texture":"#0","tintindex":0}}},{"from":[6.317142,6.5245457,6.868316],"to":[9.174285,8.81026,9.725459],"rotation":{"angle":0.0,"axis":"y","origin":[8.374285,11.553118,8.468316]},"faces":{"east":{"uv":[6.375,11.4375,6.6875,11.6875],"rotation":0,"texture":"#0","tintindex":0},"south":{"uv":[7.1875,11.4375,7.5,11.6875],"rotation":0,"texture":"#0","tintindex":0},"north":{"uv":[11.4375,4.625,11.75,4.875],"rotation":0,"texture":"#0","tintindex":0},"west":{"uv":[11.4375,9.0625,11.75,9.3125],"rotation":0,"texture":"#0","tintindex":0},"up":{"uv":[10.9375,3.6875,10.625,3.375],"rotation":0,"texture":"#0","tintindex":0},"down":{"uv":[8.4375,10.625,8.125,10.9375],"rotation":0,"texture":"#0","tintindex":0}}}],"display":{"head":{"translation":[0.0,-6.4,0.0],"scale":[4.0,4.0,4.0]}}}