{"textures":{"0":"modelengine:entity/nocsy_drakonin7"},"elements":[{"from":[6.0,4.4428897,6.7742376],"to":[10.0,8.44289,9.63138],"rotation":{"angle":22.5,"axis":"x","origin":[7.142857,5.932515,12.033907]},"faces":{"east":{"uv":[9.9375,3.3125,10.25,3.75],"rotation":0,"texture":"#0","tintindex":0},"south":{"uv":[1.875,9.5,2.3125,9.9375],"rotation":0,"texture":"#0","tintindex":0},"north":{"uv":[9.5,1.5,9.9375,1.9375],"rotation":0,"texture":"#0","tintindex":0},"west":{"uv":[9.9375,3.8125,10.25,4.25],"rotation":0,"texture":"#0","tintindex":0},"up":{"uv":[10.375,4.625,9.9375,4.3125],"rotation":0,"texture":"#0","tintindex":0},"down":{"uv":[6.3125,9.9375,5.875,10.25],"rotation":0,"texture":"#0","tintindex":0}}}],"display":{"head":{"translation":[0.0,-6.4,0.0],"scale":[4.0,4.0,4.0]}}}