{"textures":{"0":"modelengine:entity/nocsy_drakonin7"},"elements":[{"from":[9.3714285,7.3431034,8.313452],"to":[11.657143,7.3431034,12.88488],"rotation":{"angle":-22.5,"axis":"z","origin":[10.285714,8.885961,7.1705947]},"faces":{"east":{"uv":[12.25,2.9375,12.75,2.9375],"rotation":0,"texture":"#0","tintindex":0},"south":{"uv":[12.25,3.0,12.5,3.0],"rotation":0,"texture":"#0","tintindex":0},"north":{"uv":[12.1875,11.875,12.4375,11.875],"rotation":0,"texture":"#0","tintindex":0},"west":{"uv":[12.25,3.0625,12.75,3.0625],"rotation":0,"texture":"#0","tintindex":0},"up":{"uv":[5.5625,10.75,5.3125,10.25],"rotation":0,"texture":"#0","tintindex":0},"down":{"uv":[10.5625,3.3125,10.3125,3.8125],"rotation":0,"texture":"#0","tintindex":0}}},{"from":[3.771428,7.3431034,8.313452],"to":[6.0571427,7.3431034,12.88488],"rotation":{"angle":22.5,"axis":"z","origin":[5.142857,8.885961,7.1705947]},"faces":{"east":{"uv":[12.25,4.125,12.75,4.125],"rotation":0,"texture":"#0","tintindex":0},"south":{"uv":[12.25,4.1875,12.5,4.1875],"rotation":0,"texture":"#0","tintindex":0},"north":{"uv":[12.25,3.125,12.5,3.125],"rotation":0,"texture":"#0","tintindex":0},"west":{"uv":[12.25,4.25,12.75,4.25],"rotation":0,"texture":"#0","tintindex":0},"up":{"uv":[4.75,10.8125,4.5,10.3125],"rotation":0,"texture":"#0","tintindex":0},"down":{"uv":[5.0625,10.3125,4.8125,10.8125],"rotation":0,"texture":"#0","tintindex":0}}},{"from":[6.5714283,6.7228823,6.9336557],"to":[8.857143,9.580025,10.362227],"rotation":{"angle":0.0,"axis":"y","origin":[8.0,8.0,9.3714285]},"faces":{"east":{"uv":[10.25,1.625,10.625,1.9375],"rotation":0,"texture":"#0","tintindex":0},"south":{"uv":[0.0,11.5,0.25,11.8125],"rotation":0,"texture":"#0","tintindex":0},"north":{"uv":[10.3125,11.4375,10.5625,11.75],"rotation":0,"texture":"#0","tintindex":0},"west":{"uv":[7.125,10.3125,7.5,10.625],"rotation":0,"texture":"#0","tintindex":0},"up":{"uv":[11.1875,9.125,10.9375,8.75],"rotation":0,"texture":"#0","tintindex":0},"down":{"uv":[9.1875,10.9375,8.9375,11.3125],"rotation":0,"texture":"#0","tintindex":0}}},{"from":[6.857143,7.0085964,10.362227],"to":[8.571428,9.294311,12.076513],"rotation":{"angle":0.0,"axis":"y","origin":[8.285714,8.0,9.3714285]},"faces":{"east":{"uv":[9.875,11.9375,10.0625,12.1875],"rotation":0,"texture":"#0","tintindex":0},"south":{"uv":[11.9375,11.0625,12.125,11.3125],"rotation":0,"texture":"#0","tintindex":0},"north":{"uv":[9.3125,11.9375,9.5,12.1875],"rotation":0,"texture":"#0","tintindex":0},"west":{"uv":[11.375,11.9375,11.5625,12.1875],"rotation":0,"texture":"#0","tintindex":0},"up":{"uv":[12.375,9.3125,12.1875,9.125],"rotation":0,"texture":"#0","tintindex":0},"down":{"uv":[12.375,9.375,12.1875,9.5625],"rotation":0,"texture":"#0","tintindex":0}}},{"from":[6.9714284,7.2794766,11.731037],"to":[8.457143,9.336619,13.216752],"rotation":{"angle":-22.5,"axis":"x","origin":[7.714286,7.955305,12.297401]},"faces":{"east":{"uv":[11.9375,11.625,12.125,11.875],"rotation":0,"texture":"#0","tintindex":0},"south":{"uv":[11.875,11.9375,12.0625,12.1875],"rotation":0,"texture":"#0","tintindex":0},"north":{"uv":[11.625,11.9375,11.8125,12.1875],"rotation":0,"texture":"#0","tintindex":0},"west":{"uv":[12.0,0.0,12.1875,0.25],"rotation":0,"texture":"#0","tintindex":0},"up":{"uv":[12.375,10.75,12.1875,10.5625],"rotation":0,"texture":"#0","tintindex":0},"down":{"uv":[12.375,10.8125,12.1875,11.0],"rotation":0,"texture":"#0","tintindex":0}}},{"from":[7.714286,4.479476,12.0738945],"to":[7.714286,13.622334,20.645323],"rotation":{"angle":-22.5,"axis":"x","origin":[8.0,7.955305,12.297401]},"faces":{"east":{"uv":[1.375,7.875,2.3125,8.875],"rotation":0,"texture":"#0","tintindex":0},"south":{"uv":[10.0625,12.25,10.0625,13.25],"rotation":0,"texture":"#0","tintindex":0},"north":{"uv":[10.0,12.25,10.0,13.25],"rotation":0,"texture":"#0","tintindex":0},"west":{"uv":[2.375,7.875,3.3125,8.875],"rotation":0,"texture":"#0","tintindex":0},"up":{"uv":[10.5,13.1875,10.5,12.25],"rotation":0,"texture":"#0","tintindex":0},"down":{"uv":[10.5625,12.25,10.5625,13.1875],"rotation":0,"texture":"#0","tintindex":0}}}],"display":{"head":{"translation":[0.0,-6.4,0.0],"scale":[4.0,4.0,4.0]}}}