{"textures":{"0":"modelengine:entity/nocsy_drakonin5"},"elements":[{"from":[5.422857,5.6222057,5.5689697],"to":[10.577143,10.776492,11.866113],"rotation":{"angle":0.0,"axis":"y","origin":[7.714286,8.043497,8.31351]},"faces":{"east":{"uv":[4.875,5.25,5.5625,5.8125],"rotation":0,"texture":"#0","tintindex":0},"south":{"uv":[5.5,4.125,6.0625,4.6875],"rotation":0,"texture":"#0","tintindex":0},"north":{"uv":[5.5,3.5,6.0625,4.0625],"rotation":0,"texture":"#0","tintindex":0},"west":{"uv":[5.5,0.0,6.1875,0.5625],"rotation":0,"texture":"#0","tintindex":0},"up":{"uv":[6.0625,1.3125,5.5,0.625],"rotation":0,"texture":"#0","tintindex":0},"down":{"uv":[6.0625,1.375,5.5,2.0625],"rotation":0,"texture":"#0","tintindex":0}}},{"from":[5.4342856,5.078662,10.546252],"to":[10.565714,9.638661,15.106253],"rotation":{"angle":22.5,"axis":"x","origin":[7.714286,6.90543,14.028778]},"faces":{"east":{"uv":[6.125,3.4375,6.625,3.9375],"rotation":0,"texture":"#0","tintindex":0},"south":{"uv":[6.125,0.625,6.6875,1.125],"rotation":0,"texture":"#0","tintindex":0},"north":{"uv":[4.875,5.875,5.4375,6.375],"rotation":0,"texture":"#0","tintindex":0},"west":{"uv":[6.125,4.0,6.625,4.5],"rotation":0,"texture":"#0","tintindex":0},"up":{"uv":[6.6875,1.6875,6.125,1.1875],"rotation":0,"texture":"#0","tintindex":0},"down":{"uv":[6.6875,1.75,6.125,2.25],"rotation":0,"texture":"#0","tintindex":0}}},{"from":[5.428571,6.6436005,4.380292],"to":[10.571428,12.357887,8.951721],"rotation":{"angle":-22.5,"axis":"x","origin":[7.428571,9.138068,7.5305724]},"faces":{"east":{"uv":[5.625,4.75,6.125,5.375],"rotation":0,"texture":"#0","tintindex":0},"south":{"uv":[5.5,2.8125,6.0625,3.4375],"rotation":0,"texture":"#0","tintindex":0},"north":{"uv":[5.5,2.125,6.0625,2.75],"rotation":0,"texture":"#0","tintindex":0},"west":{"uv":[5.625,5.4375,6.125,6.0625],"rotation":0,"texture":"#0","tintindex":0},"up":{"uv":[6.6875,2.8125,6.125,2.3125],"rotation":0,"texture":"#0","tintindex":0},"down":{"uv":[6.6875,2.875,6.125,3.375],"rotation":0,"texture":"#0","tintindex":0}}}],"display":{"head":{"translation":[0.0,-6.4,0.0],"scale":[4.0,4.0,4.0]}}}