{"textures":{"0":"modelengine:entity/nocsy_drakonin5"},"elements":[{"from":[5.8527174,6.01961,6.9694037],"to":[8.138432,8.305325,10.969404],"rotation":{"angle":22.5,"axis":"z","origin":[7.4527173,7.1624675,10.055119]},"faces":{"east":{"uv":[8.4375,4.125,8.875,4.375],"rotation":0,"texture":"#0","tintindex":0},"south":{"uv":[10.3125,1.75,10.5625,2.0],"rotation":0,"texture":"#0","tintindex":0},"north":{"uv":[10.25,10.0625,10.5,10.3125],"rotation":0,"texture":"#0","tintindex":0},"west":{"uv":[8.5,2.75,8.9375,3.0],"rotation":0,"texture":"#0","tintindex":0},"up":{"uv":[3.125,9.0,2.875,8.5625],"rotation":0,"texture":"#0","tintindex":0},"down":{"uv":[8.8125,3.0625,8.5625,3.5],"rotation":0,"texture":"#0","tintindex":0}}},{"from":[6.085982,7.244941,3.903809],"to":[7.8002677,11.244942,5.618095],"rotation":{"angle":-22.5,"axis":"x","origin":[6.65741,9.41637,5.218095]},"faces":{"east":{"uv":[9.5,9.4375,9.6875,9.875],"rotation":0,"texture":"#0","tintindex":0},"south":{"uv":[4.4375,9.5625,4.625,10.0],"rotation":0,"texture":"#0","tintindex":0},"north":{"uv":[9.5,4.9375,9.6875,5.375],"rotation":0,"texture":"#0","tintindex":0},"west":{"uv":[4.6875,9.5625,4.875,10.0],"rotation":0,"texture":"#0","tintindex":0},"up":{"uv":[8.0,11.0625,7.8125,10.875],"rotation":0,"texture":"#0","tintindex":0},"down":{"uv":[11.0625,7.875,10.875,8.0625],"rotation":0,"texture":"#0","tintindex":0}}},{"from":[7.138742,3.447988,8.235605],"to":[8.624456,4.933703,11.435606],"rotation":{"angle":22.5,"axis":"x","origin":[3.3101702,7.619417,11.549891]},"faces":{"east":{"uv":[1.5625,9.9375,1.9375,10.125],"rotation":0,"texture":"#0","tintindex":0},"south":{"uv":[10.875,8.375,11.0625,8.5625],"rotation":0,"texture":"#0","tintindex":0},"north":{"uv":[10.875,8.125,11.0625,8.3125],"rotation":0,"texture":"#0","tintindex":0},"west":{"uv":[2.0,9.9375,2.375,10.125],"rotation":0,"texture":"#0","tintindex":0},"up":{"uv":[10.125,2.75,9.9375,2.375],"rotation":0,"texture":"#0","tintindex":0},"down":{"uv":[2.625,9.9375,2.4375,10.3125],"rotation":0,"texture":"#0","tintindex":0}}},{"from":[6.9673133,2.5526366,5.255154],"to":[8.453028,4.038351,8.455154],"rotation":{"angle":45.0,"axis":"x","origin":[7.881599,3.524065,7.9980116]},"faces":{"east":{"uv":[3.0,9.9375,3.375,10.125],"rotation":0,"texture":"#0","tintindex":0},"south":{"uv":[10.875,8.875,11.0625,9.0625],"rotation":0,"texture":"#0","tintindex":0},"north":{"uv":[10.875,8.625,11.0625,8.8125],"rotation":0,"texture":"#0","tintindex":0},"west":{"uv":[3.4375,9.9375,3.8125,10.125],"rotation":0,"texture":"#0","tintindex":0},"up":{"uv":[4.0625,10.3125,3.875,9.9375],"rotation":0,"texture":"#0","tintindex":0},"down":{"uv":[4.3125,9.9375,4.125,10.3125],"rotation":0,"texture":"#0","tintindex":0}}}],"display":{"head":{"translation":[0.0,-6.4,0.0],"scale":[4.0,4.0,4.0]}}}