{"textures":{"0":"modelengine:entity/nocsy_drakonin5"},"elements":[{"from":[6.857143,5.3486032,6.7942166],"to":[9.142858,8.777175,9.079931],"rotation":{"angle":22.5,"axis":"x","origin":[7.714286,8.662889,7.594217]},"faces":{"east":{"uv":[8.1875,8.6875,8.4375,9.0625],"rotation":0,"texture":"#0","tintindex":0},"south":{"uv":[8.5,8.6875,8.75,9.0625],"rotation":0,"texture":"#0","tintindex":0},"north":{"uv":[5.625,8.6875,5.875,9.0625],"rotation":0,"texture":"#0","tintindex":0},"west":{"uv":[8.75,4.75,9.0,5.125],"rotation":0,"texture":"#0","tintindex":0},"up":{"uv":[5.75,10.5625,5.5,10.3125],"rotation":0,"texture":"#0","tintindex":0},"down":{"uv":[8.25,10.3125,8.0,10.5625],"rotation":0,"texture":"#0","tintindex":0}}}],"display":{"head":{"translation":[0.0,-6.4,0.0],"scale":[4.0,4.0,4.0]}}}