{"textures":{"0":"modelengine:entity/nocsy_drakonin5"},"elements":[{"from":[5.885714,5.121703,6.46508],"to":[8.742857,8.550275,9.893651],"rotation":{"angle":-22.5,"axis":"x","origin":[10.0,7.978846,8.750794]},"faces":{"east":{"uv":[7.25,4.375,7.625,4.75],"rotation":0,"texture":"#0","tintindex":0},"south":{"uv":[6.5,8.125,6.8125,8.5],"rotation":0,"texture":"#0","tintindex":0},"north":{"uv":[8.125,2.9375,8.4375,3.3125],"rotation":0,"texture":"#0","tintindex":0},"west":{"uv":[6.9375,7.3125,7.3125,7.6875],"rotation":0,"texture":"#0","tintindex":0},"up":{"uv":[7.1875,8.5,6.875,8.125],"rotation":0,"texture":"#0","tintindex":0},"down":{"uv":[7.5625,8.125,7.25,8.5],"rotation":0,"texture":"#0","tintindex":0}}},{"from":[5.6,7.978846,6.693651],"to":[7.885714,10.835989,8.979365],"rotation":{"angle":22.5,"axis":"z","origin":[7.3142858,9.407417,7.8365083]},"faces":{"east":{"uv":[9.75,3.1875,10.0,3.5],"rotation":0,"texture":"#0","tintindex":0},"south":{"uv":[9.75,4.4375,10.0,4.75],"rotation":0,"texture":"#0","tintindex":0},"north":{"uv":[9.75,2.8125,10.0,3.125],"rotation":0,"texture":"#0","tintindex":0},"west":{"uv":[9.75,4.8125,10.0,5.125],"rotation":0,"texture":"#0","tintindex":0},"up":{"uv":[10.5625,3.0,10.3125,2.75],"rotation":0,"texture":"#0","tintindex":0},"down":{"uv":[10.5625,4.4375,10.3125,4.6875],"rotation":0,"texture":"#0","tintindex":0}}},{"from":[6.6857142,7.3502746,5.4936514],"to":[8.4,10.778846,7.207937],"rotation":{"angle":-45.0,"axis":"x","origin":[6.742857,9.407417,7.8365083]},"faces":{"east":{"uv":[6.4375,9.9375,6.625,10.3125],"rotation":0,"texture":"#0","tintindex":0},"south":{"uv":[6.6875,9.9375,6.875,10.3125],"rotation":0,"texture":"#0","tintindex":0},"north":{"uv":[5.8125,9.9375,6.0,10.3125],"rotation":0,"texture":"#0","tintindex":0},"west":{"uv":[6.9375,9.9375,7.125,10.3125],"rotation":0,"texture":"#0","tintindex":0},"up":{"uv":[11.0625,9.3125,10.875,9.125],"rotation":0,"texture":"#0","tintindex":0},"down":{"uv":[11.0625,10.3125,10.875,10.5],"rotation":0,"texture":"#0","tintindex":0}}},{"from":[3.771428,7.46456,8.350794],"to":[5.485714,10.893131,10.06508],"rotation":{"angle":45.0,"axis":"z","origin":[6.4,10.2074175,9.207937]},"faces":{"east":{"uv":[7.1875,9.9375,7.375,10.3125],"rotation":0,"texture":"#0","tintindex":0},"south":{"uv":[7.4375,9.9375,7.625,10.3125],"rotation":0,"texture":"#0","tintindex":0},"north":{"uv":[9.9375,7.125,10.125,7.5],"rotation":0,"texture":"#0","tintindex":0},"west":{"uv":[8.4375,9.9375,8.625,10.3125],"rotation":0,"texture":"#0","tintindex":0},"up":{"uv":[10.9375,11.0625,10.75,10.875],"rotation":0,"texture":"#0","tintindex":0},"down":{"uv":[11.125,0.0,10.9375,0.1875],"rotation":0,"texture":"#0","tintindex":0}}}],"display":{"head":{"translation":[0.0,-6.4,0.0],"scale":[4.0,4.0,4.0]}}}