{"textures":{"0":"modelengine:entity/nocsy_drakonin5"},"elements":[{"from":[5.885714,5.121703,5.893651],"to":[8.742857,9.121703,9.893651],"rotation":{"angle":-22.5,"axis":"x","origin":[10.0,7.978846,8.750794]},"faces":{"east":{"uv":[6.0,6.6875,6.4375,7.125],"rotation":0,"texture":"#0","tintindex":0},"south":{"uv":[7.8125,0.8125,8.125,1.25],"rotation":0,"texture":"#0","tintindex":0},"north":{"uv":[7.6875,7.75,8.0,8.1875],"rotation":0,"texture":"#0","tintindex":0},"west":{"uv":[6.75,0.0,7.1875,0.4375],"rotation":0,"texture":"#0","tintindex":0},"up":{"uv":[8.125,3.875,7.8125,3.4375],"rotation":0,"texture":"#0","tintindex":0},"down":{"uv":[4.8125,7.8125,4.5,8.25],"rotation":0,"texture":"#0","tintindex":0}}},{"from":[3.6571426,7.978846,7.9507937],"to":[5.3714285,11.407417,9.66508],"rotation":{"angle":45.0,"axis":"z","origin":[6.5142856,10.950274,8.807937]},"faces":{"east":{"uv":[10.0625,8.1875,10.25,8.5625],"rotation":0,"texture":"#0","tintindex":0},"south":{"uv":[10.0625,8.625,10.25,9.0],"rotation":0,"texture":"#0","tintindex":0},"north":{"uv":[4.625,10.0625,4.8125,10.4375],"rotation":0,"texture":"#0","tintindex":0},"west":{"uv":[10.0625,9.0625,10.25,9.4375],"rotation":0,"texture":"#0","tintindex":0},"up":{"uv":[8.5,11.125,8.3125,10.9375],"rotation":0,"texture":"#0","tintindex":0},"down":{"uv":[8.75,10.9375,8.5625,11.125],"rotation":0,"texture":"#0","tintindex":0}}},{"from":[5.3142858,8.321703,6.293651],"to":[7.6,11.750275,8.579366],"rotation":{"angle":22.5,"axis":"z","origin":[7.428571,10.150274,7.436508]},"faces":{"east":{"uv":[2.25,9.0,2.5,9.375],"rotation":0,"texture":"#0","tintindex":0},"south":{"uv":[2.5625,9.0,2.8125,9.375],"rotation":0,"texture":"#0","tintindex":0},"north":{"uv":[7.0625,8.875,7.3125,9.25],"rotation":0,"texture":"#0","tintindex":0},"west":{"uv":[3.1875,9.0,3.4375,9.375],"rotation":0,"texture":"#0","tintindex":0},"up":{"uv":[6.5625,10.625,6.3125,10.375],"rotation":0,"texture":"#0","tintindex":0},"down":{"uv":[6.875,10.375,6.625,10.625],"rotation":0,"texture":"#0","tintindex":0}}},{"from":[6.8,8.093132,4.5222225],"to":[9.085714,11.521703,6.8079367],"rotation":{"angle":-45.0,"axis":"x","origin":[6.857143,10.150274,7.436508]},"faces":{"east":{"uv":[3.8125,9.0,4.0625,9.375],"rotation":0,"texture":"#0","tintindex":0},"south":{"uv":[5.9375,9.0,6.1875,9.375],"rotation":0,"texture":"#0","tintindex":0},"north":{"uv":[3.5,9.0,3.75,9.375],"rotation":0,"texture":"#0","tintindex":0},"west":{"uv":[9.0,6.75,9.25,7.125],"rotation":0,"texture":"#0","tintindex":0},"up":{"uv":[7.1875,10.625,6.9375,10.375],"rotation":0,"texture":"#0","tintindex":0},"down":{"uv":[7.5,10.375,7.25,10.625],"rotation":0,"texture":"#0","tintindex":0}}}],"display":{"head":{"translation":[0.0,-6.4,0.0],"scale":[4.0,4.0,4.0]}}}