{"textures":{"0":"modelengine:entity/nocsy_drakonin5"},"elements":[{"from":[6.857143,5.3486032,6.7942166],"to":[9.142858,8.777175,9.079931],"rotation":{"angle":22.5,"axis":"x","origin":[7.714286,8.662889,7.594217]},"faces":{"east":{"uv":[7.6875,9.0,7.9375,9.375],"rotation":0,"texture":"#0","tintindex":0},"south":{"uv":[0.0,9.0625,0.25,9.4375],"rotation":0,"texture":"#0","tintindex":0},"north":{"uv":[7.375,9.0,7.625,9.375],"rotation":0,"texture":"#0","tintindex":0},"west":{"uv":[1.0,9.0625,1.25,9.4375],"rotation":0,"texture":"#0","tintindex":0},"up":{"uv":[8.5625,10.625,8.3125,10.375],"rotation":0,"texture":"#0","tintindex":0},"down":{"uv":[10.125,10.375,9.875,10.625],"rotation":0,"texture":"#0","tintindex":0}}}],"display":{"head":{"translation":[0.0,-6.4,0.0],"scale":[4.0,4.0,4.0]}}}