{"textures":{"0":"modelengine:entity/nocsy_drakonin5"},"elements":[{"from":[6.857143,5.3486032,6.7942166],"to":[9.142858,8.777175,9.079931],"rotation":{"angle":22.5,"axis":"x","origin":[8.285714,8.662889,7.594217]},"faces":{"east":{"uv":[9.0,4.75,8.75,5.125],"rotation":0,"texture":"#0","tintindex":0},"south":{"uv":[8.75,8.6875,8.5,9.0625],"rotation":0,"texture":"#0","tintindex":0},"north":{"uv":[5.875,8.6875,5.625,9.0625],"rotation":0,"texture":"#0","tintindex":0},"west":{"uv":[8.4375,8.6875,8.1875,9.0625],"rotation":0,"texture":"#0","tintindex":0},"up":{"uv":[5.5,10.5625,5.75,10.3125],"rotation":0,"texture":"#0","tintindex":0},"down":{"uv":[8.0,10.3125,8.25,10.5625],"rotation":0,"texture":"#0","tintindex":0}}}],"display":{"head":{"translation":[0.0,-6.4,0.0],"scale":[4.0,4.0,4.0]}}}