{"textures":{"0":"modelengine:entity/nocsy_drakonin5"},"elements":[{"from":[7.081559,6.6546144,6.857143],"to":[9.938702,8.940329,9.142858],"rotation":{"angle":0.0,"axis":"y","origin":[7.6529875,6.555906,6.7388253]},"faces":{"east":{"uv":[10.25,3.5,10.5,3.75],"rotation":0,"texture":"#0","tintindex":0},"south":{"uv":[9.625,6.3125,9.9375,6.5625],"rotation":0,"texture":"#0","tintindex":0},"north":{"uv":[9.625,2.0625,9.9375,2.3125],"rotation":0,"texture":"#0","tintindex":0},"west":{"uv":[10.25,3.8125,10.5,4.0625],"rotation":0,"texture":"#0","tintindex":0},"up":{"uv":[6.8125,9.875,6.5,9.625],"rotation":0,"texture":"#0","tintindex":0},"down":{"uv":[7.1875,9.625,6.875,9.875],"rotation":0,"texture":"#0","tintindex":0}}},{"from":[9.367273,6.9403286,7.0857143],"to":[16.795845,8.654614,8.8],"rotation":{"angle":0.0,"axis":"y","origin":[7.6529875,6.555906,6.7388253]},"faces":{"east":{"uv":[10.8125,5.625,11.0,5.8125],"rotation":0,"texture":"#0","tintindex":0},"south":{"uv":[2.75,7.25,3.5625,7.4375],"rotation":0,"texture":"#0","tintindex":0},"north":{"uv":[7.25,2.6875,8.0625,2.875],"rotation":0,"texture":"#0","tintindex":0},"west":{"uv":[10.8125,7.375,11.0,7.5625],"rotation":0,"texture":"#0","tintindex":0},"up":{"uv":[8.0625,3.125,7.25,2.9375],"rotation":0,"texture":"#0","tintindex":0},"down":{"uv":[8.0625,3.1875,7.25,3.375],"rotation":0,"texture":"#0","tintindex":0}}},{"from":[16.613888,6.946043,2.8344297],"to":[18.316744,8.6489,6.8230014],"rotation":{"angle":-45.0,"axis":"y","origin":[15.179602,7.797472,5.971573]},"faces":{"east":{"uv":[9.375,3.8125,9.8125,4.0],"rotation":0,"texture":"#0","tintindex":0},"south":{"uv":[10.8125,9.5625,11.0,9.75],"rotation":0,"texture":"#0","tintindex":0},"north":{"uv":[7.5625,10.8125,7.75,11.0],"rotation":0,"texture":"#0","tintindex":0},"west":{"uv":[9.375,4.0625,9.8125,4.25],"rotation":0,"texture":"#0","tintindex":0},"up":{"uv":[2.4375,9.875,2.25,9.4375],"rotation":0,"texture":"#0","tintindex":0},"down":{"uv":[2.6875,9.4375,2.5,9.875],"rotation":0,"texture":"#0","tintindex":0}}},{"from":[18.7406,6.9403286,1.7957988],"to":[20.454885,8.654614,5.7957993],"rotation":{"angle":-22.5,"axis":"y","origin":[19.597744,7.797472,3.7957993]},"faces":{"east":{"uv":[9.4375,0.75,9.875,0.9375],"rotation":0,"texture":"#0","tintindex":0},"south":{"uv":[10.8125,10.0625,11.0,10.25],"rotation":0,"texture":"#0","tintindex":0},"north":{"uv":[10.8125,9.8125,11.0,10.0],"rotation":0,"texture":"#0","tintindex":0},"west":{"uv":[9.4375,2.5625,9.875,2.75],"rotation":0,"texture":"#0","tintindex":0},"up":{"uv":[3.375,9.875,3.1875,9.4375],"rotation":0,"texture":"#0","tintindex":0},"down":{"uv":[3.625,9.4375,3.4375,9.875],"rotation":0,"texture":"#0","tintindex":0}}},{"from":[8.324392,7.8546147,2.4518275],"to":[20.324394,7.9689,25.8804],"rotation":{"angle":0.0,"axis":"y","origin":[21.181538,7.797472,4.451828]},"faces":{"east":{"uv":[7.1875,5.9375,9.75,6.0],"rotation":0,"texture":"#0","tintindex":0},"south":{"uv":[9.375,4.3125,10.6875,4.375],"rotation":0,"texture":"#0","tintindex":0},"north":{"uv":[9.3125,7.0,10.625,7.0625],"rotation":0,"texture":"#0","tintindex":0},"west":{"uv":[7.25,0.0,9.8125,0.0625],"rotation":0,"texture":"#0","tintindex":0},"up":{"uv":[1.3125,7.8125,0.0,5.25],"rotation":0,"texture":"#0","tintindex":0},"down":{"uv":[2.6875,5.25,1.375,7.8125],"rotation":0,"texture":"#0","tintindex":0}}}],"display":{"head":{"translation":[0.0,-6.4,0.0],"scale":[4.0,4.0,4.0]}}}