{"textures":{"0":"modelengine:entity/nocsy_drakonin5"},"elements":[{"from":[8.796465,6.3524675,5.5592756],"to":[10.522179,8.078182,7.8564186],"rotation":{"angle":-22.5,"axis":"y","origin":[7.945036,7.215325,5.279276]},"faces":{"east":{"uv":[9.0,5.1875,8.75,5.375],"rotation":0,"texture":"#0","tintindex":0},"south":{"uv":[1.875,10.9375,1.6875,11.125],"rotation":0,"texture":"#0","tintindex":0},"north":{"uv":[11.125,0.5,10.9375,0.6875],"rotation":0,"texture":"#0","tintindex":0},"west":{"uv":[8.8125,3.5625,8.5625,3.75],"rotation":0,"texture":"#0","tintindex":0},"up":{"uv":[10.5625,4.0625,10.75,3.8125],"rotation":0,"texture":"#0","tintindex":0},"down":{"uv":[10.5625,5.0,10.75,5.25],"rotation":0,"texture":"#0","tintindex":0}}},{"from":[8.066186,6.490466,10.541795],"to":[8.066186,8.77618,13.398937],"rotation":{"angle":0.0,"axis":"y","origin":[7.7804723,7.0618944,10.427509]},"faces":{"east":{"uv":[10.0625,6.625,9.75,6.875],"rotation":0,"texture":"#0","tintindex":0},"south":{"uv":[8.5,3.0625,8.5,3.3125],"rotation":0,"texture":"#0","tintindex":0},"north":{"uv":[8.125,4.5,8.125,4.75],"rotation":0,"texture":"#0","tintindex":0},"west":{"uv":[10.0625,5.1875,9.75,5.4375],"rotation":0,"texture":"#0","tintindex":0},"up":{"uv":[9.125,11.3125,9.125,11.0],"rotation":0,"texture":"#0","tintindex":0},"down":{"uv":[9.1875,11.0,9.1875,11.3125],"rotation":0,"texture":"#0","tintindex":0}}},{"from":[7.214758,6.3638964,9.833306],"to":[8.917615,8.638182,10.964735],"rotation":{"angle":0.0,"axis":"y","origin":[7.4947577,7.215325,7.084735]},"faces":{"east":{"uv":[2.8125,8.6875,2.6875,8.9375],"rotation":0,"texture":"#0","tintindex":0},"south":{"uv":[10.75,5.625,10.5625,5.875],"rotation":0,"texture":"#0","tintindex":0},"north":{"uv":[5.3125,10.5625,5.125,10.8125],"rotation":0,"texture":"#0","tintindex":0},"west":{"uv":[6.625,7.8125,6.5,8.0625],"rotation":0,"texture":"#0","tintindex":0},"up":{"uv":[3.875,6.375,4.0625,6.25],"rotation":0,"texture":"#0","tintindex":0},"down":{"uv":[4.125,6.25,4.3125,6.375],"rotation":0,"texture":"#0","tintindex":0}}},{"from":[5.6101937,6.3524675,5.5592756],"to":[7.335908,8.078182,7.8564186],"rotation":{"angle":22.5,"axis":"y","origin":[8.187337,7.215325,5.279276]},"faces":{"east":{"uv":[7.8125,10.5625,7.5625,10.75],"rotation":0,"texture":"#0","tintindex":0},"south":{"uv":[11.125,2.6875,10.9375,2.875],"rotation":0,"texture":"#0","tintindex":0},"north":{"uv":[2.4375,10.9375,2.25,11.125],"rotation":0,"texture":"#0","tintindex":0},"west":{"uv":[10.8125,6.5625,10.5625,6.75],"rotation":0,"texture":"#0","tintindex":0},"up":{"uv":[6.0625,10.8125,6.25,10.5625],"rotation":0,"texture":"#0","tintindex":0},"down":{"uv":[10.5625,9.5625,10.75,9.8125],"rotation":0,"texture":"#0","tintindex":0}}},{"from":[7.1473365,6.346753,5.553561],"to":[8.8844795,8.655325,7.862133],"rotation":{"angle":0.0,"axis":"y","origin":[9.615908,7.215325,5.279276]},"faces":{"east":{"uv":[10.5625,8.375,10.3125,8.625],"rotation":0,"texture":"#0","tintindex":0},"south":{"uv":[10.8125,1.25,10.625,1.5],"rotation":0,"texture":"#0","tintindex":0},"north":{"uv":[10.75,9.875,10.5625,10.125],"rotation":0,"texture":"#0","tintindex":0},"west":{"uv":[10.5625,8.0625,10.3125,8.3125],"rotation":0,"texture":"#0","tintindex":0},"up":{"uv":[10.625,1.8125,10.8125,1.5625],"rotation":0,"texture":"#0","tintindex":0},"down":{"uv":[1.75,10.625,1.9375,10.875],"rotation":0,"texture":"#0","tintindex":0}}},{"from":[7.9760404,6.2591753,2.8337293],"to":[7.9760404,8.544889,6.2623005],"rotation":{"angle":0.0,"axis":"y","origin":[8.318897,5.859175,2.7194428]},"faces":{"east":{"uv":[9.125,8.1875,8.75,8.4375],"rotation":0,"texture":"#0","tintindex":0},"south":{"uv":[3.6875,8.6875,3.6875,8.9375],"rotation":0,"texture":"#0","tintindex":0},"north":{"uv":[3.625,8.6875,3.625,8.9375],"rotation":0,"texture":"#0","tintindex":0},"west":{"uv":[9.125,6.4375,8.75,6.6875],"rotation":0,"texture":"#0","tintindex":0},"up":{"uv":[9.25,11.375,9.25,11.0],"rotation":0,"texture":"#0","tintindex":0},"down":{"uv":[9.3125,11.0,9.3125,11.375],"rotation":0,"texture":"#0","tintindex":0}}},{"from":[9.97604,6.2591753,2.8337293],"to":[9.97604,8.544889,6.2623005],"rotation":{"angle":-22.5,"axis":"y","origin":[7.8617544,7.4020324,4.5480146]},"faces":{"east":{"uv":[4.9375,8.8125,4.5625,9.0625],"rotation":0,"texture":"#0","tintindex":0},"south":{"uv":[2.1875,9.0625,2.1875,9.3125],"rotation":0,"texture":"#0","tintindex":0},"north":{"uv":[6.25,9.0,6.25,9.25],"rotation":0,"texture":"#0","tintindex":0},"west":{"uv":[4.5,8.8125,4.125,9.0625],"rotation":0,"texture":"#0","tintindex":0},"up":{"uv":[9.375,11.375,9.375,11.0],"rotation":0,"texture":"#0","tintindex":0},"down":{"uv":[9.4375,11.0,9.4375,11.375],"rotation":0,"texture":"#0","tintindex":0}}},{"from":[5.97604,6.2591753,2.8337293],"to":[5.97604,8.544889,6.2623005],"rotation":{"angle":22.5,"axis":"y","origin":[7.8617544,7.4020324,4.5480146]},"faces":{"east":{"uv":[9.1875,7.5625,8.8125,7.8125],"rotation":0,"texture":"#0","tintindex":0},"south":{"uv":[5.875,9.125,5.875,9.375],"rotation":0,"texture":"#0","tintindex":0},"north":{"uv":[5.8125,9.125,5.8125,9.375],"rotation":0,"texture":"#0","tintindex":0},"west":{"uv":[5.375,8.8125,5.0,9.0625],"rotation":0,"texture":"#0","tintindex":0},"up":{"uv":[9.5,11.375,9.5,11.0],"rotation":0,"texture":"#0","tintindex":0},"down":{"uv":[11.0,10.5625,11.0,10.9375],"rotation":0,"texture":"#0","tintindex":0}}},{"from":[6.0661864,6.358182,6.570449],"to":[10.066187,8.643896,9.999021],"rotation":{"angle":0.0,"axis":"y","origin":[8.694757,11.386753,8.170449]},"faces":{"east":{"uv":[9.1875,8.8125,8.8125,9.0625],"rotation":0,"texture":"#0","tintindex":0},"south":{"uv":[9.0,4.4375,8.5625,4.6875],"rotation":0,"texture":"#0","tintindex":0},"north":{"uv":[9.0,1.125,8.5625,1.375],"rotation":0,"texture":"#0","tintindex":0},"west":{"uv":[9.1875,8.5,8.8125,8.75],"rotation":0,"texture":"#0","tintindex":0},"up":{"uv":[7.1875,4.3125,7.625,3.9375],"rotation":0,"texture":"#0","tintindex":0},"down":{"uv":[4.25,7.1875,4.6875,7.5625],"rotation":0,"texture":"#0","tintindex":0}}},{"from":[6.4090433,8.643896,6.913306],"to":[9.837615,9.215324,9.770449],"rotation":{"angle":0.0,"axis":"y","origin":[8.694757,11.386753,8.170449]},"faces":{"east":{"uv":[10.4375,6.8125,10.125,6.875],"rotation":0,"texture":"#0","tintindex":0},"south":{"uv":[7.625,4.8125,7.25,4.875],"rotation":0,"texture":"#0","tintindex":0},"north":{"uv":[4.75,6.25,4.375,6.3125],"rotation":0,"texture":"#0","tintindex":0},"west":{"uv":[9.6875,5.4375,9.375,5.5],"rotation":0,"texture":"#0","tintindex":0},"up":{"uv":[8.1875,1.0625,8.5625,0.75],"rotation":0,"texture":"#0","tintindex":0},"down":{"uv":[2.875,8.1875,3.25,8.5],"rotation":0,"texture":"#0","tintindex":0}}},{"from":[9.837615,9.215324,6.913306],"to":[9.837615,10.929611,9.770449],"rotation":{"angle":0.0,"axis":"y","origin":[8.694757,11.386753,8.170449]},"faces":{"east":{"uv":[4.4375,10.5,4.125,10.6875],"rotation":0,"texture":"#0","tintindex":0},"south":{"uv":[4.375,8.0625,4.375,8.25],"rotation":0,"texture":"#0","tintindex":0},"north":{"uv":[5.125,7.8125,5.125,8.0],"rotation":0,"texture":"#0","tintindex":0},"west":{"uv":[4.125,10.5,4.4375,10.6875],"rotation":0,"texture":"#0","tintindex":0},"up":{"uv":[11.0,11.3125,11.0,11.0],"rotation":0,"texture":"#0","tintindex":0},"down":{"uv":[0.0,11.0625,0.0,11.375],"rotation":0,"texture":"#0","tintindex":0}}},{"from":[6.4090433,9.215324,6.913306],"to":[6.4090433,10.929611,9.770449],"rotation":{"angle":0.0,"axis":"y","origin":[8.694757,11.386753,8.170449]},"faces":{"east":{"uv":[4.5,10.5,4.8125,10.6875],"rotation":0,"texture":"#0","tintindex":0},"south":{"uv":[6.4375,8.3125,6.4375,8.5],"rotation":0,"texture":"#0","tintindex":0},"north":{"uv":[4.4375,8.0625,4.4375,8.25],"rotation":0,"texture":"#0","tintindex":0},"west":{"uv":[4.8125,10.5,4.5,10.6875],"rotation":0,"texture":"#0","tintindex":0},"up":{"uv":[0.0625,11.375,0.0625,11.0625],"rotation":0,"texture":"#0","tintindex":0},"down":{"uv":[0.125,11.0625,0.125,11.375],"rotation":0,"texture":"#0","tintindex":0}}},{"from":[6.4090433,9.215324,6.913306],"to":[9.837615,10.929611,6.913306],"rotation":{"angle":0.0,"axis":"y","origin":[8.694757,11.386753,8.170449]},"faces":{"east":{"uv":[6.3125,8.625,6.3125,8.8125],"rotation":0,"texture":"#0","tintindex":0},"south":{"uv":[9.9375,6.0625,10.3125,6.25],"rotation":0,"texture":"#0","tintindex":0},"north":{"uv":[10.3125,6.0625,9.9375,6.25],"rotation":0,"texture":"#0","tintindex":0},"west":{"uv":[8.5625,7.3125,8.5625,7.5],"rotation":0,"texture":"#0","tintindex":0},"up":{"uv":[7.1875,6.0625,7.5625,6.0625],"rotation":0,"texture":"#0","tintindex":0},"down":{"uv":[8.8125,7.875,9.1875,7.875],"rotation":0,"texture":"#0","tintindex":0}}},{"from":[6.4090433,9.215324,9.770449],"to":[9.837615,10.929611,9.770449],"rotation":{"angle":0.0,"axis":"y","origin":[8.694757,11.386753,8.170449]},"faces":{"east":{"uv":[0.3125,9.0625,0.3125,9.25],"rotation":0,"texture":"#0","tintindex":0},"south":{"uv":[9.9375,9.9375,9.5625,10.125],"rotation":0,"texture":"#0","tintindex":0},"north":{"uv":[9.5625,9.9375,9.9375,10.125],"rotation":0,"texture":"#0","tintindex":0},"west":{"uv":[6.375,8.625,6.375,8.8125],"rotation":0,"texture":"#0","tintindex":0},"up":{"uv":[9.0625,1.375,9.4375,1.375],"rotation":0,"texture":"#0","tintindex":0},"down":{"uv":[9.0625,5.375,9.4375,5.375],"rotation":0,"texture":"#0","tintindex":0}}}],"display":{"head":{"translation":[0.0,-6.4,0.0],"scale":[4.0,4.0,4.0]}}}