{"textures":{"0":"modelengine:entity/nocsy_drakonin5"},"elements":[{"from":[8.796465,6.3524675,5.5592756],"to":[10.522179,8.078182,7.8564186],"rotation":{"angle":-22.5,"axis":"y","origin":[7.945036,7.215325,5.279276]},"faces":{"east":{"uv":[3.875,10.6875,3.625,10.875],"rotation":0,"texture":"#0","tintindex":0},"south":{"uv":[10.0,10.9375,9.8125,11.125],"rotation":0,"texture":"#0","tintindex":0},"north":{"uv":[9.75,10.9375,9.5625,11.125],"rotation":0,"texture":"#0","tintindex":0},"west":{"uv":[2.5625,10.6875,2.3125,10.875],"rotation":0,"texture":"#0","tintindex":0},"up":{"uv":[10.6875,6.1875,10.875,5.9375],"rotation":0,"texture":"#0","tintindex":0},"down":{"uv":[6.3125,10.6875,6.5,10.9375],"rotation":0,"texture":"#0","tintindex":0}}},{"from":[8.066186,6.490466,10.084652],"to":[8.066186,8.77618,12.941794],"rotation":{"angle":0.0,"axis":"y","origin":[7.7804723,7.0618944,10.427509]},"faces":{"east":{"uv":[10.1875,0.3125,9.875,0.5625],"rotation":0,"texture":"#0","tintindex":0},"south":{"uv":[2.8125,11.0625,2.8125,11.3125],"rotation":0,"texture":"#0","tintindex":0},"north":{"uv":[11.0625,2.375,11.0625,2.625],"rotation":0,"texture":"#0","tintindex":0},"west":{"uv":[10.1875,0.0,9.875,0.25],"rotation":0,"texture":"#0","tintindex":0},"up":{"uv":[11.0625,4.0,11.0625,3.6875],"rotation":0,"texture":"#0","tintindex":0},"down":{"uv":[3.9375,11.0625,3.9375,11.375],"rotation":0,"texture":"#0","tintindex":0}}},{"from":[7.214758,6.3638964,9.3761635],"to":[8.917615,8.066753,10.507592],"rotation":{"angle":0.0,"axis":"y","origin":[7.4947577,7.215325,7.084735]},"faces":{"east":{"uv":[1.6875,9.6875,1.5625,9.875],"rotation":0,"texture":"#0","tintindex":0},"south":{"uv":[10.5,10.9375,10.3125,11.125],"rotation":0,"texture":"#0","tintindex":0},"north":{"uv":[10.25,10.9375,10.0625,11.125],"rotation":0,"texture":"#0","tintindex":0},"west":{"uv":[5.3125,7.375,5.1875,7.5625],"rotation":0,"texture":"#0","tintindex":0},"up":{"uv":[7.8125,7.6875,8.0,7.5625],"rotation":0,"texture":"#0","tintindex":0},"down":{"uv":[8.1875,1.125,8.375,1.25],"rotation":0,"texture":"#0","tintindex":0}}},{"from":[5.6101937,6.3524675,5.5592756],"to":[7.335908,8.078182,7.8564186],"rotation":{"angle":22.5,"axis":"y","origin":[8.187337,7.215325,5.279276]},"faces":{"east":{"uv":[10.9375,6.8125,10.6875,7.0],"rotation":0,"texture":"#0","tintindex":0},"south":{"uv":[0.9375,11.0,0.75,11.1875],"rotation":0,"texture":"#0","tintindex":0},"north":{"uv":[0.6875,11.0,0.5,11.1875],"rotation":0,"texture":"#0","tintindex":0},"west":{"uv":[6.8125,10.6875,6.5625,10.875],"rotation":0,"texture":"#0","tintindex":0},"up":{"uv":[6.875,10.9375,7.0625,10.6875],"rotation":0,"texture":"#0","tintindex":0},"down":{"uv":[7.125,10.6875,7.3125,10.9375],"rotation":0,"texture":"#0","tintindex":0}}},{"from":[7.1473365,6.346753,5.553561],"to":[8.8844795,8.083896,7.862133],"rotation":{"angle":0.0,"axis":"y","origin":[9.615908,7.215325,5.279276]},"faces":{"east":{"uv":[8.75,10.6875,8.5,10.875],"rotation":0,"texture":"#0","tintindex":0},"south":{"uv":[11.1875,1.0,11.0,1.1875],"rotation":0,"texture":"#0","tintindex":0},"north":{"uv":[11.1875,0.75,11.0,0.9375],"rotation":0,"texture":"#0","tintindex":0},"west":{"uv":[8.4375,10.6875,8.1875,10.875],"rotation":0,"texture":"#0","tintindex":0},"up":{"uv":[8.8125,10.9375,9.0,10.6875],"rotation":0,"texture":"#0","tintindex":0},"down":{"uv":[9.0625,10.6875,9.25,10.9375],"rotation":0,"texture":"#0","tintindex":0}}},{"from":[7.9760404,6.2591753,2.8337293],"to":[7.9760404,8.544889,6.2623005],"rotation":{"angle":0.0,"axis":"y","origin":[8.318897,5.859175,2.7194428]},"faces":{"east":{"uv":[9.375,6.0625,9.0,6.3125],"rotation":0,"texture":"#0","tintindex":0},"south":{"uv":[4.0625,11.0625,4.0625,11.3125],"rotation":0,"texture":"#0","tintindex":0},"north":{"uv":[4.0,11.0625,4.0,11.3125],"rotation":0,"texture":"#0","tintindex":0},"west":{"uv":[9.375,2.75,9.0,3.0],"rotation":0,"texture":"#0","tintindex":0},"up":{"uv":[7.375,11.4375,7.375,11.0625],"rotation":0,"texture":"#0","tintindex":0},"down":{"uv":[7.4375,11.0625,7.4375,11.4375],"rotation":0,"texture":"#0","tintindex":0}}},{"from":[9.97604,6.2591753,2.8337293],"to":[9.97604,8.544889,6.2623005],"rotation":{"angle":-22.5,"axis":"y","origin":[7.8617544,7.4020324,4.5480146]},"faces":{"east":{"uv":[9.4375,1.0625,9.0625,1.3125],"rotation":0,"texture":"#0","tintindex":0},"south":{"uv":[11.0625,5.5,11.0625,5.75],"rotation":0,"texture":"#0","tintindex":0},"north":{"uv":[11.0625,4.875,11.0625,5.125],"rotation":0,"texture":"#0","tintindex":0},"west":{"uv":[9.375,7.1875,9.0,7.4375],"rotation":0,"texture":"#0","tintindex":0},"up":{"uv":[7.5,11.4375,7.5,11.0625],"rotation":0,"texture":"#0","tintindex":0},"down":{"uv":[7.5625,11.0625,7.5625,11.4375],"rotation":0,"texture":"#0","tintindex":0}}},{"from":[5.97604,6.2591753,2.8337293],"to":[5.97604,8.544889,6.2623005],"rotation":{"angle":22.5,"axis":"y","origin":[7.8617544,7.4020324,4.5480146]},"faces":{"east":{"uv":[2.125,9.0625,1.75,9.3125],"rotation":0,"texture":"#0","tintindex":0},"south":{"uv":[11.0625,7.3125,11.0625,7.5625],"rotation":0,"texture":"#0","tintindex":0},"north":{"uv":[11.0625,6.75,11.0625,7.0],"rotation":0,"texture":"#0","tintindex":0},"west":{"uv":[1.6875,9.0625,1.3125,9.3125],"rotation":0,"texture":"#0","tintindex":0},"up":{"uv":[7.625,11.4375,7.625,11.0625],"rotation":0,"texture":"#0","tintindex":0},"down":{"uv":[7.6875,11.0625,7.6875,11.4375],"rotation":0,"texture":"#0","tintindex":0}}},{"from":[6.3519006,6.358182,6.570449],"to":[9.780472,8.643896,9.999021],"rotation":{"angle":0.0,"axis":"y","origin":[8.694757,11.386753,8.170449]},"faces":{"east":{"uv":[4.5,9.125,4.125,9.375],"rotation":0,"texture":"#0","tintindex":0},"south":{"uv":[9.4375,5.0625,9.0625,5.3125],"rotation":0,"texture":"#0","tintindex":0},"north":{"uv":[9.4375,4.4375,9.0625,4.6875],"rotation":0,"texture":"#0","tintindex":0},"west":{"uv":[9.4375,4.75,9.0625,5.0],"rotation":0,"texture":"#0","tintindex":0},"up":{"uv":[7.375,7.6875,7.75,7.3125],"rotation":0,"texture":"#0","tintindex":0},"down":{"uv":[7.4375,6.875,7.8125,7.25],"rotation":0,"texture":"#0","tintindex":0}}},{"from":[6.3519006,8.072468,6.570449],"to":[9.780472,9.786754,6.570449],"rotation":{"angle":0.0,"axis":"y","origin":[8.694757,11.386753,8.170449]},"faces":{"east":{"uv":[1.3125,10.5,1.3125,10.6875],"rotation":0,"texture":"#0","tintindex":0},"south":{"uv":[10.0625,3.25,10.4375,3.4375],"rotation":0,"texture":"#0","tintindex":0},"north":{"uv":[10.4375,3.25,10.0625,3.4375],"rotation":0,"texture":"#0","tintindex":0},"west":{"uv":[6.375,10.125,6.375,10.3125],"rotation":0,"texture":"#0","tintindex":0},"up":{"uv":[10.875,9.375,11.25,9.375],"rotation":0,"texture":"#0","tintindex":0},"down":{"uv":[10.875,9.4375,11.25,9.4375],"rotation":0,"texture":"#0","tintindex":0}}},{"from":[6.3519006,8.072468,9.999021],"to":[9.780472,9.786754,9.999021],"rotation":{"angle":0.0,"axis":"y","origin":[8.694757,11.386753,8.170449]},"faces":{"east":{"uv":[10.375,10.6875,10.375,10.875],"rotation":0,"texture":"#0","tintindex":0},"south":{"uv":[10.5,5.125,10.125,5.3125],"rotation":0,"texture":"#0","tintindex":0},"north":{"uv":[10.125,5.125,10.5,5.3125],"rotation":0,"texture":"#0","tintindex":0},"west":{"uv":[1.375,10.5,1.375,10.6875],"rotation":0,"texture":"#0","tintindex":0},"up":{"uv":[10.875,9.5,11.25,9.5],"rotation":0,"texture":"#0","tintindex":0},"down":{"uv":[11.0,4.3125,11.375,4.3125],"rotation":0,"texture":"#0","tintindex":0}}},{"from":[9.780472,8.072468,6.570449],"to":[9.780472,9.786754,9.999021],"rotation":{"angle":0.0,"axis":"y","origin":[8.694757,11.386753,8.170449]},"faces":{"east":{"uv":[0.875,10.1875,0.5,10.375],"rotation":0,"texture":"#0","tintindex":0},"south":{"uv":[11.0625,0.25,11.0625,0.4375],"rotation":0,"texture":"#0","tintindex":0},"north":{"uv":[10.4375,10.6875,10.4375,10.875],"rotation":0,"texture":"#0","tintindex":0},"west":{"uv":[0.5,10.1875,0.875,10.375],"rotation":0,"texture":"#0","tintindex":0},"up":{"uv":[7.75,11.4375,7.75,11.0625],"rotation":0,"texture":"#0","tintindex":0},"down":{"uv":[11.0625,9.5625,11.0625,9.9375],"rotation":0,"texture":"#0","tintindex":0}}},{"from":[6.3519006,8.072468,6.570449],"to":[6.3519006,9.786754,9.999021],"rotation":{"angle":0.0,"axis":"y","origin":[8.694757,11.386753,8.170449]},"faces":{"east":{"uv":[10.1875,1.25,10.5625,1.4375],"rotation":0,"texture":"#0","tintindex":0},"south":{"uv":[11.0625,10.0,11.0625,10.1875],"rotation":0,"texture":"#0","tintindex":0},"north":{"uv":[11.0625,1.875,11.0625,2.0625],"rotation":0,"texture":"#0","tintindex":0},"west":{"uv":[10.5625,1.25,10.1875,1.4375],"rotation":0,"texture":"#0","tintindex":0},"up":{"uv":[11.0625,10.9375,11.0625,10.5625],"rotation":0,"texture":"#0","tintindex":0},"down":{"uv":[11.0625,11.0,11.0625,11.375],"rotation":0,"texture":"#0","tintindex":0}}}],"display":{"head":{"translation":[0.0,-6.4,0.0],"scale":[4.0,4.0,4.0]}}}