{"textures":{"0":"modelengine:entity/nocsy_drakonin5"},"elements":[{"from":[7.257143,5.121703,6.46508],"to":[10.114286,8.550275,9.893651],"rotation":{"angle":-22.5,"axis":"x","origin":[6.0,7.978846,8.750794]},"faces":{"east":{"uv":[7.3125,7.3125,6.9375,7.6875],"rotation":0,"texture":"#0","tintindex":0},"south":{"uv":[6.8125,8.125,6.5,8.5],"rotation":0,"texture":"#0","tintindex":0},"north":{"uv":[8.4375,2.9375,8.125,3.3125],"rotation":0,"texture":"#0","tintindex":0},"west":{"uv":[7.625,4.375,7.25,4.75],"rotation":0,"texture":"#0","tintindex":0},"up":{"uv":[6.875,8.5,7.1875,8.125],"rotation":0,"texture":"#0","tintindex":0},"down":{"uv":[7.25,8.125,7.5625,8.5],"rotation":0,"texture":"#0","tintindex":0}}},{"from":[8.114285,7.978846,6.693651],"to":[10.4,10.835989,8.979365],"rotation":{"angle":-22.5,"axis":"z","origin":[8.685715,9.407417,7.8365083]},"faces":{"east":{"uv":[10.0,4.8125,9.75,5.125],"rotation":0,"texture":"#0","tintindex":0},"south":{"uv":[10.0,4.4375,9.75,4.75],"rotation":0,"texture":"#0","tintindex":0},"north":{"uv":[10.0,2.8125,9.75,3.125],"rotation":0,"texture":"#0","tintindex":0},"west":{"uv":[10.0,3.1875,9.75,3.5],"rotation":0,"texture":"#0","tintindex":0},"up":{"uv":[10.3125,3.0,10.5625,2.75],"rotation":0,"texture":"#0","tintindex":0},"down":{"uv":[10.3125,4.4375,10.5625,4.6875],"rotation":0,"texture":"#0","tintindex":0}}},{"from":[7.6,7.3502746,5.4936514],"to":[9.314285,10.778846,7.207937],"rotation":{"angle":-45.0,"axis":"x","origin":[9.257143,9.407417,7.8365083]},"faces":{"east":{"uv":[7.125,9.9375,6.9375,10.3125],"rotation":0,"texture":"#0","tintindex":0},"south":{"uv":[6.875,9.9375,6.6875,10.3125],"rotation":0,"texture":"#0","tintindex":0},"north":{"uv":[6.0,9.9375,5.8125,10.3125],"rotation":0,"texture":"#0","tintindex":0},"west":{"uv":[6.625,9.9375,6.4375,10.3125],"rotation":0,"texture":"#0","tintindex":0},"up":{"uv":[10.875,9.3125,11.0625,9.125],"rotation":0,"texture":"#0","tintindex":0},"down":{"uv":[10.875,10.3125,11.0625,10.5],"rotation":0,"texture":"#0","tintindex":0}}},{"from":[10.514286,7.46456,8.350794],"to":[12.228572,10.893131,10.06508],"rotation":{"angle":-45.0,"axis":"z","origin":[9.6,10.2074175,9.207937]},"faces":{"east":{"uv":[8.625,9.9375,8.4375,10.3125],"rotation":0,"texture":"#0","tintindex":0},"south":{"uv":[7.625,9.9375,7.4375,10.3125],"rotation":0,"texture":"#0","tintindex":0},"north":{"uv":[10.125,7.125,9.9375,7.5],"rotation":0,"texture":"#0","tintindex":0},"west":{"uv":[7.375,9.9375,7.1875,10.3125],"rotation":0,"texture":"#0","tintindex":0},"up":{"uv":[10.75,11.0625,10.9375,10.875],"rotation":0,"texture":"#0","tintindex":0},"down":{"uv":[10.9375,0.0,11.125,0.1875],"rotation":0,"texture":"#0","tintindex":0}}}],"display":{"head":{"translation":[0.0,-6.4,0.0],"scale":[4.0,4.0,4.0]}}}