{"textures":{"0":"modelengine:entity/nm_squirrel_brown_texture"},"elements":[{"from":[6.7964287,7.175831,5.9791403],"to":[9.196428,9.461545,8.836284],"rotation":{"angle":0.0,"axis":"y","origin":[7.0392857,0.7901163,5.7077117]},"faces":{"east":{"uv":[8.25,3.25,9.5,4.25],"rotation":0,"texture":"#0","tintindex":0},"south":{"uv":[9.0,7.5,10.0,8.5],"rotation":0,"texture":"#0","tintindex":0},"north":{"uv":[7.0,9.0,8.0,10.0],"rotation":0,"texture":"#0","tintindex":0},"west":{"uv":[8.25,4.25,9.5,5.25],"rotation":0,"texture":"#0","tintindex":0},"up":{"uv":[9.0,10.0,8.0,8.75],"rotation":0,"texture":"#0","tintindex":0},"down":{"uv":[5.0,9.0,4.0,10.25],"rotation":0,"texture":"#0","tintindex":0}}},{"from":[7.153571,6.913657,5.232533],"to":[8.867857,7.9708004,6.37539],"rotation":{"angle":-22.5,"axis":"x","origin":[7.4392858,7.485086,5.232533]},"faces":{"east":{"uv":[6.5,8.0,7.0,8.5],"rotation":0,"texture":"#0","tintindex":0},"south":{"uv":[10.75,2.0,11.5,2.5],"rotation":0,"texture":"#0","tintindex":0},"north":{"uv":[10.75,1.5,11.5,2.0],"rotation":0,"texture":"#0","tintindex":0},"west":{"uv":[6.5,8.5,7.0,9.0],"rotation":0,"texture":"#0","tintindex":0},"up":{"uv":[3.75,11.25,3.0,10.75],"rotation":0,"texture":"#0","tintindex":0},"down":{"uv":[4.5,10.75,3.75,11.25],"rotation":0,"texture":"#0","tintindex":0}}},{"from":[8.751856,9.0421505,7.1219974],"to":[9.4089985,10.185008,8.264854],"rotation":{"angle":-22.5,"axis":"z","origin":[9.33757,9.756436,7.693426]},"faces":{"east":{"uv":[9.5,4.5,10.0,5.0],"rotation":0,"texture":"#0","tintindex":0},"south":{"uv":[11.0,2.5,11.25,3.0],"rotation":0,"texture":"#0","tintindex":0},"north":{"uv":[2.5,11.0,2.75,11.5],"rotation":0,"texture":"#0","tintindex":0},"west":{"uv":[10.75,7.75,11.25,8.25],"rotation":0,"texture":"#0","tintindex":0},"up":{"uv":[3.0,11.5,2.75,11.0],"rotation":0,"texture":"#0","tintindex":0},"down":{"uv":[11.25,4.25,11.0,4.75],"rotation":0,"texture":"#0","tintindex":0}}},{"from":[6.5838585,9.0421505,7.1219974],"to":[7.241001,10.185008,8.264854],"rotation":{"angle":22.5,"axis":"z","origin":[6.655287,9.756436,7.693426]},"faces":{"east":{"uv":[10.75,8.25,11.25,8.75],"rotation":0,"texture":"#0","tintindex":0},"south":{"uv":[11.0,5.75,11.25,6.25],"rotation":0,"texture":"#0","tintindex":0},"north":{"uv":[11.0,4.75,11.25,5.25],"rotation":0,"texture":"#0","tintindex":0},"west":{"uv":[10.75,8.75,11.25,9.25],"rotation":0,"texture":"#0","tintindex":0},"up":{"uv":[6.25,11.5,6.0,11.0],"rotation":0,"texture":"#0","tintindex":0},"down":{"uv":[6.5,11.0,6.25,11.5],"rotation":0,"texture":"#0","tintindex":0}}}],"display":{"head":{"translation":[0.0,-6.4,0.0],"scale":[4.0,4.0,4.0]}}}