{"textures":{"0":"modelengine:entity/nm_squirrel_brown_texture"},"elements":[{"from":[7.5857143,5.950979,7.6928573],"to":[8.1285715,8.808122,9.407143],"rotation":{"angle":-45.0,"axis":"x","origin":[7.857143,7.665265,9.1214285]},"faces":{"east":{"uv":[0.0,9.75,0.75,11.0],"rotation":0,"texture":"#0","tintindex":0},"south":{"uv":[5.0,10.75,5.25,12.0],"rotation":0,"texture":"#0","tintindex":0},"north":{"uv":[4.75,10.75,5.0,12.0],"rotation":0,"texture":"#0","tintindex":0},"west":{"uv":[0.75,9.75,1.5,11.0],"rotation":0,"texture":"#0","tintindex":0},"up":{"uv":[2.25,11.75,2.0,11.0],"rotation":0,"texture":"#0","tintindex":0},"down":{"uv":[2.5,11.0,2.25,11.75],"rotation":0,"texture":"#0","tintindex":0}}},{"from":[7.5714283,5.2265406,7.3948874],"to":[8.142858,5.7979693,9.680602],"rotation":{"angle":0.0,"axis":"y","origin":[7.857143,6.6551123,9.32346]},"faces":{"east":{"uv":[10.75,9.25,11.75,9.5],"rotation":0,"texture":"#0","tintindex":0},"south":{"uv":[10.5,4.25,10.75,4.5],"rotation":0,"texture":"#0","tintindex":0},"north":{"uv":[10.25,4.25,10.5,4.5],"rotation":0,"texture":"#0","tintindex":0},"west":{"uv":[0.0,11.0,1.0,11.25],"rotation":0,"texture":"#0","tintindex":0},"up":{"uv":[1.25,12.0,1.0,11.0],"rotation":0,"texture":"#0","tintindex":0},"down":{"uv":[1.5,11.0,1.25,12.0],"rotation":0,"texture":"#0","tintindex":0}}}],"display":{"head":{"translation":[0.0,-6.4,0.0],"scale":[4.0,4.0,4.0]}}}