{"textures":{"0":"modelengine:entity/nocsy_drakonin_water_geyser"},"elements":[{"from":[6.285714,-2.2458067,6.285714],"to":[9.714286,9.754194,9.714286],"rotation":{"angle":0.0,"axis":"y","origin":[9.142858,-2.2458067,6.285714]},"faces":{"east":{"uv":[2.5,6.5,3.25,9.125],"rotation":0,"texture":"#0","tintindex":0},"south":{"uv":[5.375,6.5,6.125,9.125],"rotation":0,"texture":"#0","tintindex":0},"north":{"uv":[1.625,6.5,2.375,9.125],"rotation":0,"texture":"#0","tintindex":0},"west":{"uv":[6.25,6.5,7.0,9.125],"rotation":0,"texture":"#0","tintindex":0},"up":{"uv":[8.0,0.75,7.25,0.0],"rotation":0,"texture":"#0","tintindex":0},"down":{"uv":[8.0,0.875,7.25,1.625],"rotation":0,"texture":"#0","tintindex":0}}},{"from":[4.8571424,9.8113365,4.8571424],"to":[11.142858,9.8113365,11.142858],"rotation":{"angle":0.0,"axis":"y","origin":[7.714286,-2.2458067,7.714286]},"faces":{"east":{"uv":[2.5,6.5,3.25,9.125],"rotation":0,"texture":"#0","tintindex":0},"south":{"uv":[5.375,6.5,6.125,9.125],"rotation":0,"texture":"#0","tintindex":0},"north":{"uv":[1.625,6.5,3.0,6.5],"rotation":0,"texture":"#0","tintindex":0},"west":{"uv":[6.25,6.5,7.0,9.125],"rotation":0,"texture":"#0","tintindex":0},"up":{"uv":[12.125,1.375,10.75,0.0],"rotation":0,"texture":"#0","tintindex":0},"down":{"uv":[12.125,0.0,10.75,1.375],"rotation":0,"texture":"#0","tintindex":0}}},{"from":[4.8571424,8.608618,-1.1893358],"to":[11.142858,8.608618,5.0963783],"rotation":{"angle":-22.5,"axis":"x","origin":[8.0,8.608618,1.9535213]},"faces":{"east":{"uv":[2.5,6.5,3.25,9.125],"rotation":0,"texture":"#0","tintindex":0},"south":{"uv":[5.375,6.5,6.125,9.125],"rotation":0,"texture":"#0","tintindex":0},"north":{"uv":[1.625,6.5,3.0,6.5],"rotation":0,"texture":"#0","tintindex":0},"west":{"uv":[6.25,6.5,7.0,9.125],"rotation":0,"texture":"#0","tintindex":0},"up":{"uv":[12.0,4.0,10.625,2.625],"rotation":0,"texture":"#0","tintindex":0},"down":{"uv":[12.0,2.625,10.625,4.0],"rotation":0,"texture":"#0","tintindex":0}}},{"from":[4.8571424,8.608618,10.903622],"to":[11.142858,8.608618,17.189335],"rotation":{"angle":22.5,"axis":"x","origin":[8.0,8.608618,14.046478]},"faces":{"east":{"uv":[3.25,6.5,2.5,9.125],"rotation":0,"texture":"#0","tintindex":0},"south":{"uv":[3.0,6.5,1.625,6.5],"rotation":0,"texture":"#0","tintindex":0},"north":{"uv":[6.125,6.5,5.375,9.125],"rotation":0,"texture":"#0","tintindex":0},"west":{"uv":[7.0,6.5,6.25,9.125],"rotation":0,"texture":"#0","tintindex":0},"up":{"uv":[12.0,2.625,10.625,4.0],"rotation":0,"texture":"#0","tintindex":0},"down":{"uv":[12.0,4.0,10.625,2.625],"rotation":0,"texture":"#0","tintindex":0}}},{"from":[10.903622,8.608618,4.8571424],"to":[17.189335,8.608618,11.142858],"rotation":{"angle":-22.5,"axis":"z","origin":[14.046478,8.608618,8.0]},"faces":{"east":{"uv":[1.625,6.5,3.0,6.5],"rotation":0,"texture":"#0","tintindex":0},"south":{"uv":[2.5,6.5,3.25,9.125],"rotation":0,"texture":"#0","tintindex":0},"north":{"uv":[6.25,6.5,7.0,9.125],"rotation":0,"texture":"#0","tintindex":0},"west":{"uv":[5.375,6.5,6.125,9.125],"rotation":0,"texture":"#0","tintindex":0},"up":{"uv":[12.0,4.0,10.625,2.625],"rotation":90,"texture":"#0","tintindex":0},"down":{"uv":[12.0,2.625,10.625,4.0],"rotation":270,"texture":"#0","tintindex":0}}},{"from":[-1.1893358,8.608618,4.8571424],"to":[5.0963783,8.608618,11.142858],"rotation":{"angle":22.5,"axis":"z","origin":[1.9535213,8.608618,8.0]},"faces":{"east":{"uv":[6.125,6.5,5.375,9.125],"rotation":0,"texture":"#0","tintindex":0},"south":{"uv":[3.25,6.5,2.5,9.125],"rotation":0,"texture":"#0","tintindex":0},"north":{"uv":[7.0,6.5,6.25,9.125],"rotation":0,"texture":"#0","tintindex":0},"west":{"uv":[3.0,6.5,1.625,6.5],"rotation":0,"texture":"#0","tintindex":0},"up":{"uv":[12.0,2.625,10.625,4.0],"rotation":90,"texture":"#0","tintindex":0},"down":{"uv":[12.0,4.0,10.625,2.625],"rotation":270,"texture":"#0","tintindex":0}}}],"display":{"head":{"translation":[0.0,-6.4,0.0],"scale":[4.0,4.0,4.0]}}}