{"textures":{"0":"modelengine:entity/nm_squirrel_gray_texture"},"elements":[{"from":[6.857143,5.2725954,7.109394],"to":[9.142858,8.715452,9.966537],"rotation":{"angle":-22.5,"axis":"x","origin":[8.0,7.001167,8.537966]},"faces":{"east":{"uv":[7.0,3.25,8.25,4.75],"rotation":0,"texture":"#0","tintindex":0},"south":{"uv":[7.0,6.25,8.0,7.75],"rotation":0,"texture":"#0","tintindex":0},"north":{"uv":[3.0,6.5,4.0,8.0],"rotation":0,"texture":"#0","tintindex":0},"west":{"uv":[7.0,4.75,8.25,6.25],"rotation":0,"texture":"#0","tintindex":0},"up":{"uv":[8.0,9.0,7.0,7.75],"rotation":0,"texture":"#0","tintindex":0},"down":{"uv":[4.0,8.0,3.0,9.25],"rotation":0,"texture":"#0","tintindex":0}}},{"from":[6.8714285,7.726154,6.194309],"to":[9.1285715,10.0118685,8.837167],"rotation":{"angle":-45.0,"axis":"x","origin":[8.207143,8.869011,7.3228807]},"faces":{"east":{"uv":[4.0,8.0,5.25,9.0],"rotation":0,"texture":"#0","tintindex":0},"south":{"uv":[9.0,6.5,10.0,7.5],"rotation":0,"texture":"#0","tintindex":0},"north":{"uv":[6.0,9.0,7.0,10.0],"rotation":0,"texture":"#0","tintindex":0},"west":{"uv":[5.25,8.0,6.5,9.0],"rotation":0,"texture":"#0","tintindex":0},"up":{"uv":[9.0,7.5,8.0,6.25],"rotation":0,"texture":"#0","tintindex":0},"down":{"uv":[9.0,7.5,8.0,8.75],"rotation":0,"texture":"#0","tintindex":0}}}],"display":{"head":{"translation":[0.0,-6.4,0.0],"scale":[4.0,4.0,4.0]}}}