{"textures":{"0":"modelengine:entity/nm_squirrel_gray_texture"},"elements":[{"from":[7.1571426,6.9676294,6.9597015],"to":[8.842857,8.953343,9.116844],"rotation":{"angle":0.0,"axis":"y","origin":[8.014286,7.3533435,7.2168446]},"faces":{"east":{"uv":[10.0,2.5,11.0,3.25],"rotation":0,"texture":"#0","tintindex":0},"south":{"uv":[10.5,10.25,11.25,11.0],"rotation":0,"texture":"#0","tintindex":0},"north":{"uv":[10.5,9.5,11.25,10.25],"rotation":0,"texture":"#0","tintindex":0},"west":{"uv":[10.0,5.75,11.0,6.5],"rotation":0,"texture":"#0","tintindex":0},"up":{"uv":[9.0,6.25,8.25,5.25],"rotation":0,"texture":"#0","tintindex":0},"down":{"uv":[6.75,10.0,6.0,11.0],"rotation":0,"texture":"#0","tintindex":0}}},{"from":[7.1285715,7.520516,8.165916],"to":[8.8714285,9.649087,10.451631],"rotation":{"angle":-45.0,"axis":"x","origin":[8.0,8.391944,9.308774]},"faces":{"east":{"uv":[9.0,8.5,10.0,9.5],"rotation":0,"texture":"#0","tintindex":0},"south":{"uv":[6.75,10.0,7.5,11.0],"rotation":0,"texture":"#0","tintindex":0},"north":{"uv":[10.0,6.5,10.75,7.5],"rotation":0,"texture":"#0","tintindex":0},"west":{"uv":[3.0,9.25,4.0,10.25],"rotation":0,"texture":"#0","tintindex":0},"up":{"uv":[8.25,11.0,7.5,10.0],"rotation":0,"texture":"#0","tintindex":0},"down":{"uv":[10.75,7.5,10.0,8.5],"rotation":0,"texture":"#0","tintindex":0}}},{"from":[7.142857,8.583874,8.7330885],"to":[8.857143,11.441016,10.7330885],"rotation":{"angle":0.0,"axis":"y","origin":[7.957143,10.012445,9.725945]},"faces":{"east":{"uv":[2.25,9.75,3.0,11.0],"rotation":0,"texture":"#0","tintindex":0},"south":{"uv":[9.75,9.5,10.5,10.75],"rotation":0,"texture":"#0","tintindex":0},"north":{"uv":[1.5,9.75,2.25,11.0],"rotation":0,"texture":"#0","tintindex":0},"west":{"uv":[10.0,0.0,10.75,1.25],"rotation":0,"texture":"#0","tintindex":0},"up":{"uv":[11.5,0.75,10.75,0.0],"rotation":0,"texture":"#0","tintindex":0},"down":{"uv":[11.5,0.75,10.75,1.5],"rotation":0,"texture":"#0","tintindex":0}}},{"from":[7.1571426,10.477808,8.536268],"to":[8.842857,13.33495,10.421983],"rotation":{"angle":-45.0,"axis":"x","origin":[8.0,11.33495,9.41484]},"faces":{"east":{"uv":[5.0,9.0,6.0,10.25],"rotation":0,"texture":"#0","tintindex":0},"south":{"uv":[10.0,4.5,10.75,5.75],"rotation":0,"texture":"#0","tintindex":0},"north":{"uv":[10.0,1.25,10.75,2.5],"rotation":0,"texture":"#0","tintindex":0},"west":{"uv":[9.0,5.25,10.0,6.5],"rotation":0,"texture":"#0","tintindex":0},"up":{"uv":[9.0,11.0,8.25,10.0],"rotation":0,"texture":"#0","tintindex":0},"down":{"uv":[10.75,8.5,10.0,9.5],"rotation":0,"texture":"#0","tintindex":0}}}],"display":{"head":{"translation":[0.0,-6.4,0.0],"scale":[4.0,4.0,4.0]}}}