{"textures":{"0":"modelengine:entity/nocsy_drakonin_baby6"},"elements":[{"from":[7.6685715,6.299968,7.12048],"to":[8.811429,8.585682,8.263337],"rotation":{"angle":22.5,"axis":"x","origin":[7.8342857,8.222254,7.5844803]},"faces":{"east":{"uv":[2.375,9.625,2.625,10.125],"rotation":0,"texture":"#0","tintindex":0},"south":{"uv":[9.625,2.5,9.875,3.0],"rotation":0,"texture":"#0","tintindex":0},"north":{"uv":[2.0,9.625,2.25,10.125],"rotation":0,"texture":"#0","tintindex":0},"west":{"uv":[2.75,9.625,3.0,10.125],"rotation":0,"texture":"#0","tintindex":0},"up":{"uv":[10.625,5.625,10.375,5.375],"rotation":0,"texture":"#0","tintindex":0},"down":{"uv":[10.625,5.75,10.375,6.0],"rotation":0,"texture":"#0","tintindex":0}}}],"display":{"head":{"translation":[0.0,-6.4,0.0],"scale":[4.0,4.0,4.0]}}}