{"textures":{"0":"modelengine:entity/nocsy_drakonin_baby6"},"elements":[{"from":[7.722885,6.3877306,6.5529633],"to":[8.865743,8.673445,8.838677],"rotation":{"angle":-22.5,"axis":"x","origin":[6.7114563,7.759159,7.8786774]},"faces":{"east":{"uv":[7.25,1.5,7.75,2.0],"rotation":0,"texture":"#0","tintindex":0},"south":{"uv":[3.5,9.625,3.75,10.125],"rotation":0,"texture":"#0","tintindex":0},"north":{"uv":[3.125,9.625,3.375,10.125],"rotation":0,"texture":"#0","tintindex":0},"west":{"uv":[7.25,2.125,7.75,2.625],"rotation":0,"texture":"#0","tintindex":0},"up":{"uv":[4.125,10.125,3.875,9.625],"rotation":0,"texture":"#0","tintindex":0},"down":{"uv":[4.5,9.625,4.25,10.125],"rotation":0,"texture":"#0","tintindex":0}}}],"display":{"head":{"translation":[0.0,-6.4,0.0],"scale":[4.0,4.0,4.0]}}}