{"textures":{"0":"modelengine:entity/nocsy_drakonin_baby6"},"elements":[{"from":[7.0835,6.4026194,6.32434],"to":[8.797786,8.116905,8.610054],"rotation":{"angle":0.0,"axis":"y","origin":[8.4480715,9.319191,7.938054]},"faces":{"east":{"uv":[8.5,8.5,9.0,8.875],"rotation":0,"texture":"#0","tintindex":0},"south":{"uv":[4.625,9.125,5.0,9.5],"rotation":0,"texture":"#0","tintindex":0},"north":{"uv":[9.125,3.0,9.5,3.375],"rotation":0,"texture":"#0","tintindex":0},"west":{"uv":[2.0,8.625,2.5,9.0],"rotation":0,"texture":"#0","tintindex":0},"up":{"uv":[3.0,9.125,2.625,8.625],"rotation":0,"texture":"#0","tintindex":0},"down":{"uv":[9.0,2.625,8.625,3.125],"rotation":0,"texture":"#0","tintindex":0}}},{"from":[7.089214,5.9552517,6.2810335],"to":[8.792071,6.5152516,6.8410335],"rotation":{"angle":45.0,"axis":"x","origin":[7.9406424,6.80668,7.132462]},"faces":{"east":{"uv":[9.875,6.625,10.0,6.75],"rotation":0,"texture":"#0","tintindex":0},"south":{"uv":[10.375,10.25,10.75,10.375],"rotation":0,"texture":"#0","tintindex":0},"north":{"uv":[10.375,10.0,10.75,10.125],"rotation":0,"texture":"#0","tintindex":0},"west":{"uv":[9.875,8.0,10.0,8.125],"rotation":0,"texture":"#0","tintindex":0},"up":{"uv":[10.875,1.5,10.5,1.375],"rotation":0,"texture":"#0","tintindex":0},"down":{"uv":[10.875,1.625,10.5,1.75],"rotation":0,"texture":"#0","tintindex":0}}}],"display":{"head":{"translation":[0.0,-6.4,0.0],"scale":[4.0,4.0,4.0]}}}