{"textures":{"1":"modelengine:entity/crumb"},"elements":[{"from":[7.428571,8.0,7.428571],"to":[8.571428,9.142858,8.571428],"rotation":{"angle":0.0,"axis":"y","origin":[8.0,8.0,8.0]},"faces":{"east":{"uv":[0.0,3.0,2.0,5.0],"rotation":0,"texture":"#1","tintindex":0},"south":{"uv":[3.0,0.0,5.0,2.0],"rotation":0,"texture":"#1","tintindex":0},"north":{"uv":[0.0,0.0,2.0,2.0],"rotation":0,"texture":"#1","tintindex":0},"west":{"uv":[3.0,3.0,5.0,5.0],"rotation":0,"texture":"#1","tintindex":0},"up":{"uv":[2.0,8.0,0.0,6.0],"rotation":0,"texture":"#1","tintindex":0},"down":{"uv":[8.0,0.0,6.0,2.0],"rotation":0,"texture":"#1","tintindex":0}}}],"display":{"head":{"translation":[0.0,-6.4,0.0],"scale":[4.0,4.0,4.0]}}}