{"textures":{"0":"modelengine:entity/rat_gray"},"elements":[{"from":[7.142857,7.257143,5.0687943],"to":[8.857143,8.971429,7.925937],"rotation":{"angle":0.0,"axis":"y","origin":[8.0,8.114285,11.661373]},"faces":{"east":{"uv":[6.0,2.5,8.5,4.0],"rotation":0,"texture":"#0","tintindex":0},"south":{"uv":[9.0,4.0,10.5,5.5],"rotation":0,"texture":"#0","tintindex":0},"north":{"uv":[3.0,9.0,4.5,10.5],"rotation":0,"texture":"#0","tintindex":0},"west":{"uv":[3.0,7.0,5.5,8.5],"rotation":0,"texture":"#0","tintindex":0},"up":{"uv":[7.5,9.5,6.0,7.0],"rotation":0,"texture":"#0","tintindex":0},"down":{"uv":[9.5,7.0,8.0,9.5],"rotation":0,"texture":"#0","tintindex":0}}},{"from":[6.0,8.4,6.78308],"to":[7.714286,10.114286,7.3545084],"rotation":{"angle":0.0,"axis":"y","origin":[8.0,8.114285,11.661373]},"faces":{"east":{"uv":[7.5,12.0,8.0,13.5],"rotation":0,"texture":"#0","tintindex":0},"south":{"uv":[5.0,10.0,6.5,11.5],"rotation":0,"texture":"#0","tintindex":0},"north":{"uv":[0.0,9.5,1.5,11.0],"rotation":0,"texture":"#0","tintindex":0},"west":{"uv":[12.0,11.0,12.5,12.5],"rotation":0,"texture":"#0","tintindex":0},"up":{"uv":[13.5,3.5,12.0,3.0],"rotation":0,"texture":"#0","tintindex":0},"down":{"uv":[14.0,4.0,12.5,4.5],"rotation":0,"texture":"#0","tintindex":0}}},{"from":[8.016688,7.257143,5.24261],"to":[9.730974,8.971429,5.24261],"rotation":{"angle":22.5,"axis":"y","origin":[8.0,8.114285,11.661373]},"faces":{"east":{"uv":[12.0,14.0,12.0,15.5],"rotation":0,"texture":"#0","tintindex":0},"south":{"uv":[10.5,0.0,9.0,1.5],"rotation":0,"texture":"#0","tintindex":0},"north":{"uv":[9.0,0.0,10.5,1.5],"rotation":0,"texture":"#0","tintindex":0},"west":{"uv":[12.5,14.0,12.5,15.5],"rotation":0,"texture":"#0","tintindex":0},"up":{"uv":[14.5,14.0,13.0,14.0],"rotation":0,"texture":"#0","tintindex":0},"down":{"uv":[16.0,4.0,14.5,4.0],"rotation":0,"texture":"#0","tintindex":0}}},{"from":[6.269026,7.257143,5.24261],"to":[7.9833117,8.971429,5.24261],"rotation":{"angle":-22.5,"axis":"y","origin":[8.0,8.114285,11.661373]},"faces":{"east":{"uv":[12.5,14.0,12.5,15.5],"rotation":0,"texture":"#0","tintindex":0},"south":{"uv":[9.0,0.0,10.5,1.5],"rotation":0,"texture":"#0","tintindex":0},"north":{"uv":[10.5,0.0,9.0,1.5],"rotation":0,"texture":"#0","tintindex":0},"west":{"uv":[12.0,14.0,12.0,15.5],"rotation":0,"texture":"#0","tintindex":0},"up":{"uv":[13.0,14.0,14.5,14.0],"rotation":0,"texture":"#0","tintindex":0},"down":{"uv":[14.5,4.0,16.0,4.0],"rotation":0,"texture":"#0","tintindex":0}}},{"from":[8.285714,8.4,6.78308],"to":[10.0,10.114286,7.3545084],"rotation":{"angle":0.0,"axis":"y","origin":[8.0,8.114285,11.661373]},"faces":{"east":{"uv":[3.0,13.0,3.5,14.5],"rotation":0,"texture":"#0","tintindex":0},"south":{"uv":[7.0,10.0,8.5,11.5],"rotation":0,"texture":"#0","tintindex":0},"north":{"uv":[10.0,6.0,11.5,7.5],"rotation":0,"texture":"#0","tintindex":0},"west":{"uv":[8.5,13.0,9.0,14.5],"rotation":0,"texture":"#0","tintindex":0},"up":{"uv":[14.0,5.5,12.5,5.0],"rotation":0,"texture":"#0","tintindex":0},"down":{"uv":[11.0,13.0,9.5,13.5],"rotation":0,"texture":"#0","tintindex":0}}}],"display":{"head":{"translation":[0.0,-6.4,0.0],"scale":[4.0,4.0,4.0]}}}