{"textures":{"0":"modelengine:entity/rat_gray"},"elements":[{"from":[7.428571,7.428571,6.857143],"to":[8.571428,8.0,8.571428],"rotation":{"angle":0.0,"axis":"y","origin":[7.142857,8.857143,8.306865]},"faces":{"east":{"uv":[14.5,11.0,13.0,11.5],"rotation":0,"texture":"#0","tintindex":0},"south":{"uv":[14.5,13.0,13.5,13.5],"rotation":0,"texture":"#0","tintindex":0},"north":{"uv":[14.5,9.0,13.5,9.5],"rotation":0,"texture":"#0","tintindex":0},"west":{"uv":[14.5,10.0,13.0,10.5],"rotation":0,"texture":"#0","tintindex":0},"up":{"uv":[3.0,12.5,4.0,11.0],"rotation":0,"texture":"#0","tintindex":0},"down":{"uv":[11.0,4.0,12.0,5.5],"rotation":0,"texture":"#0","tintindex":0}}}],"display":{"head":{"translation":[0.0,-6.4,0.0],"scale":[4.0,4.0,4.0]}}}