{"textures":{"0":"modelengine:entity/rat_gray"},"elements":[{"from":[7.714286,7.714286,8.0],"to":[8.285714,8.285714,12.0],"rotation":{"angle":0.0,"axis":"y","origin":[8.0,7.428571,3.7354355]},"faces":{"east":{"uv":[10.0,8.0,13.5,8.5],"rotation":0,"texture":"#0","tintindex":0},"south":{"uv":[9.0,6.0,9.5,6.5],"rotation":0,"texture":"#0","tintindex":0},"north":{"uv":[5.0,9.0,5.5,9.5],"rotation":0,"texture":"#0","tintindex":0},"west":{"uv":[9.0,10.0,12.5,10.5],"rotation":0,"texture":"#0","tintindex":0},"up":{"uv":[2.5,13.0,2.0,9.5],"rotation":0,"texture":"#0","tintindex":0},"down":{"uv":[11.5,0.0,11.0,3.5],"rotation":0,"texture":"#0","tintindex":0}}}],"display":{"head":{"translation":[0.0,-6.4,0.0],"scale":[4.0,4.0,4.0]}}}