{"textures":{"0":"modelengine:entity/rat_gray"},"elements":[{"from":[6.5714283,7.428571,4.5714283],"to":[9.428572,9.714286,9.142858],"rotation":{"angle":0.0,"axis":"y","origin":[8.0,8.285714,8.306865]},"faces":{"east":{"uv":[0.0,4.5,4.0,6.5],"rotation":0,"texture":"#0","tintindex":0},"south":{"uv":[6.0,0.0,8.5,2.0],"rotation":0,"texture":"#0","tintindex":0},"north":{"uv":[6.0,0.0,8.5,2.0],"rotation":0,"texture":"#0","tintindex":0},"west":{"uv":[4.5,4.5,8.5,6.5],"rotation":0,"texture":"#0","tintindex":0},"up":{"uv":[2.5,4.0,0.0,0.0],"rotation":0,"texture":"#0","tintindex":0},"down":{"uv":[5.5,0.0,3.0,4.0],"rotation":0,"texture":"#0","tintindex":0}}}],"display":{"head":{"translation":[0.0,-6.4,0.0],"scale":[4.0,4.0,4.0]}}}