{"textures":{"0":"modelengine:entity/squirrel_gray"},"elements":[{"from":[6.842857,6.806464,5.8571424],"to":[9.157143,9.092178,8.142858],"rotation":{"angle":0.0,"axis":"y","origin":[8.0,8.242839,8.7200575]},"faces":{"east":{"uv":[7.0,0.0,5.0,2.0],"rotation":0,"texture":"#0","tintindex":0},"south":{"uv":[0.0,5.0,2.0,7.0],"rotation":0,"texture":"#0","tintindex":0},"north":{"uv":[2.5,0.0,4.5,2.0],"rotation":0,"texture":"#0","tintindex":0},"west":{"uv":[5.0,0.0,7.0,2.0],"rotation":0,"texture":"#0","tintindex":0},"up":{"uv":[4.5,7.0,2.5,5.0],"rotation":0,"texture":"#0","tintindex":0},"down":{"uv":[7.0,2.5,5.0,4.5],"rotation":0,"texture":"#0","tintindex":0}}},{"from":[7.142857,6.806464,5.285714],"to":[8.857143,7.9493213,5.8571424],"rotation":{"angle":0.0,"axis":"y","origin":[8.0,8.242839,8.7200575]},"faces":{"east":{"uv":[14.5,1.5,15.0,2.5],"rotation":0,"texture":"#0","tintindex":0},"south":{"uv":[11.5,11.5,13.0,12.5],"rotation":0,"texture":"#0","tintindex":0},"north":{"uv":[11.5,10.0,13.0,11.0],"rotation":0,"texture":"#0","tintindex":0},"west":{"uv":[14.5,3.0,15.0,4.0],"rotation":0,"texture":"#0","tintindex":0},"up":{"uv":[15.5,8.0,14.0,7.5],"rotation":0,"texture":"#0","tintindex":0},"down":{"uv":[15.5,8.5,14.0,9.0],"rotation":0,"texture":"#0","tintindex":0}}},{"from":[7.9624777,9.026329,7.5714283],"to":[9.105335,10.169187,7.5714283],"rotation":{"angle":-22.5,"axis":"z","origin":[8.0,8.242839,8.7200575]},"faces":{"east":{"uv":[12.5,14.5,12.5,15.5],"rotation":0,"texture":"#0","tintindex":0},"south":{"uv":[12.5,8.5,13.5,9.5],"rotation":0,"texture":"#0","tintindex":0},"north":{"uv":[13.5,8.5,12.5,9.5],"rotation":0,"texture":"#0","tintindex":0},"west":{"uv":[9.5,6.0,9.5,7.0],"rotation":0,"texture":"#0","tintindex":0},"up":{"uv":[9.5,7.5,10.5,7.5],"rotation":0,"texture":"#0","tintindex":0},"down":{"uv":[14.0,9.5,15.0,9.5],"rotation":0,"texture":"#0","tintindex":0}}},{"from":[6.894665,9.026329,7.5714283],"to":[8.037522,10.169187,7.5714283],"rotation":{"angle":22.5,"axis":"z","origin":[8.0,8.242839,8.7200575]},"faces":{"east":{"uv":[9.5,6.0,9.5,7.0],"rotation":0,"texture":"#0","tintindex":0},"south":{"uv":[13.5,8.5,12.5,9.5],"rotation":0,"texture":"#0","tintindex":0},"north":{"uv":[12.5,8.5,13.5,9.5],"rotation":0,"texture":"#0","tintindex":0},"west":{"uv":[12.5,14.5,12.5,15.5],"rotation":0,"texture":"#0","tintindex":0},"up":{"uv":[10.5,7.5,9.5,7.5],"rotation":0,"texture":"#0","tintindex":0},"down":{"uv":[15.0,9.5,14.0,9.5],"rotation":0,"texture":"#0","tintindex":0}}}],"display":{"head":{"translation":[0.0,-6.4,0.0],"scale":[4.0,4.0,4.0]}}}