{"textures":{"0":"modelengine:entity/squirrel_gray"},"elements":[{"from":[7.4428573,7.5714283,6.285714],"to":[8.557143,8.142858,8.571428],"rotation":{"angle":0.0,"axis":"y","origin":[9.142858,9.605926,6.8683515]},"faces":{"east":{"uv":[13.0,5.5,15.0,6.0],"rotation":0,"texture":"#0","tintindex":0},"south":{"uv":[6.0,14.5,7.0,15.0],"rotation":0,"texture":"#0","tintindex":0},"north":{"uv":[14.5,4.5,15.5,5.0],"rotation":0,"texture":"#0","tintindex":0},"west":{"uv":[13.5,10.0,15.5,10.5],"rotation":0,"texture":"#0","tintindex":0},"up":{"uv":[9.5,12.0,8.5,10.0],"rotation":0,"texture":"#0","tintindex":0},"down":{"uv":[11.0,10.0,10.0,12.0],"rotation":0,"texture":"#0","tintindex":0}}}],"display":{"head":{"translation":[0.0,-6.4,0.0],"scale":[4.0,4.0,4.0]}}}