{"textures":{"0":"modelengine:entity/squirrel_gray"},"elements":[{"from":[6.857143,7.428571,6.0],"to":[9.142858,9.142858,8.285714],"rotation":{"angle":0.0,"axis":"y","origin":[8.0,8.579231,6.5772]},"faces":{"east":{"uv":[7.5,2.0,9.5,3.5],"rotation":0,"texture":"#0","tintindex":0},"south":{"uv":[2.5,7.5,4.5,9.0],"rotation":0,"texture":"#0","tintindex":0},"north":{"uv":[7.5,0.0,9.5,1.5],"rotation":0,"texture":"#0","tintindex":0},"west":{"uv":[7.5,4.0,9.5,5.5],"rotation":0,"texture":"#0","tintindex":0},"up":{"uv":[2.0,2.0,0.0,0.0],"rotation":0,"texture":"#0","tintindex":0},"down":{"uv":[2.0,2.5,0.0,4.5],"rotation":0,"texture":"#0","tintindex":0}}}],"display":{"head":{"translation":[0.0,-6.4,0.0],"scale":[4.0,4.0,4.0]}}}