{"textures":{"0":"modelengine:entity/crocodile"},"elements":[{"from":[6.5582275,5.881282,6.8408017],"to":[8.272513,8.166996,8.555087],"rotation":{"angle":-22.5,"axis":"z","origin":[7.9867992,6.738425,7.6979446]},"faces":{"east":{"uv":[8.625,0.375,9.0,0.875],"rotation":0,"texture":"#0","tintindex":0},"south":{"uv":[0.5,8.625,0.875,9.125],"rotation":0,"texture":"#0","tintindex":0},"north":{"uv":[0.0,8.625,0.375,9.125],"rotation":0,"texture":"#0","tintindex":0},"west":{"uv":[1.0,8.625,1.375,9.125],"rotation":0,"texture":"#0","tintindex":0},"up":{"uv":[8.125,9.0,7.75,8.625],"rotation":0,"texture":"#0","tintindex":0},"down":{"uv":[3.875,8.75,3.5,9.125],"rotation":0,"texture":"#0","tintindex":0}}}],"display":{"head":{"translation":[0.0,-6.4,0.0],"scale":[4.0,4.0,4.0]}}}