{"textures":{"2":"modelengine:entity/crocodile_meat"},"elements":[{"from":[5.714286,7.142857,6.285714],"to":[10.285714,8.857143,9.714286],"rotation":{"angle":0.0,"axis":"y","origin":[8.0,7.714286,26.285715]},"faces":{"east":{"uv":[0.0,8.5,3.0,10.0],"rotation":0,"texture":"#2","tintindex":0},"south":{"uv":[4.5,2.0,8.5,3.5],"rotation":0,"texture":"#2","tintindex":0},"north":{"uv":[4.5,0.0,8.5,1.5],"rotation":0,"texture":"#2","tintindex":0},"west":{"uv":[3.5,8.5,6.5,10.0],"rotation":0,"texture":"#2","tintindex":0},"up":{"uv":[4.0,3.0,0.0,0.0],"rotation":0,"texture":"#2","tintindex":0},"down":{"uv":[4.0,0.0,0.0,3.0],"rotation":0,"texture":"#2","tintindex":0}}},{"from":[5.142857,7.428571,7.428571],"to":[10.857143,8.571428,8.571428],"rotation":{"angle":0.0,"axis":"y","origin":[8.0,7.714286,26.285715]},"faces":{"east":{"uv":[7.0,8.5,8.0,9.5],"rotation":0,"texture":"#2","tintindex":0},"south":{"uv":[4.5,5.5,9.5,6.5],"rotation":0,"texture":"#2","tintindex":0},"north":{"uv":[4.5,4.0,9.5,5.0],"rotation":0,"texture":"#2","tintindex":0},"west":{"uv":[8.5,8.5,9.5,9.5],"rotation":0,"texture":"#2","tintindex":0},"up":{"uv":[5.0,8.0,0.0,7.0],"rotation":0,"texture":"#2","tintindex":0},"down":{"uv":[10.5,7.0,5.5,8.0],"rotation":0,"texture":"#2","tintindex":0}}}],"display":{"head":{"translation":[0.0,-6.4,0.0],"scale":[4.0,4.0,4.0]}}}