{"textures":{"0":"modelengine:entity/nocsy_drakonin_baby"},"elements":[{"from":[7.2022147,6.4026194,6.895768],"to":[8.9165,8.116905,8.610054],"rotation":{"angle":0.0,"axis":"y","origin":[7.551929,9.319191,7.938054]},"faces":{"east":{"uv":[8.875,6.375,9.25,6.75],"rotation":0,"texture":"#0","tintindex":0},"south":{"uv":[6.875,8.875,7.25,9.25],"rotation":0,"texture":"#0","tintindex":0},"north":{"uv":[6.375,8.875,6.75,9.25],"rotation":0,"texture":"#0","tintindex":0},"west":{"uv":[8.875,6.875,9.25,7.25],"rotation":0,"texture":"#0","tintindex":0},"up":{"uv":[7.75,9.25,7.375,8.875],"rotation":0,"texture":"#0","tintindex":0},"down":{"uv":[9.25,7.375,8.875,7.75],"rotation":0,"texture":"#0","tintindex":0}}},{"from":[7.2079287,6.52668,6.6157684],"to":[8.910786,7.0866804,7.1757684],"rotation":{"angle":45.0,"axis":"x","origin":[8.059358,6.80668,6.895768]},"faces":{"east":{"uv":[10.125,10.375,10.25,10.5],"rotation":0,"texture":"#0","tintindex":0},"south":{"uv":[6.125,10.375,6.5,10.5],"rotation":0,"texture":"#0","tintindex":0},"north":{"uv":[10.375,5.875,10.75,6.0],"rotation":0,"texture":"#0","tintindex":0},"west":{"uv":[10.375,10.375,10.5,10.5],"rotation":0,"texture":"#0","tintindex":0},"up":{"uv":[7.0,10.5,6.625,10.375],"rotation":0,"texture":"#0","tintindex":0},"down":{"uv":[7.5,10.375,7.125,10.5],"rotation":0,"texture":"#0","tintindex":0}}}],"display":{"head":{"translation":[0.0,-6.4,0.0],"scale":[4.0,4.0,4.0]}}}