{"textures":{"0":"modelengine:entity/nocsy_drakonin_baby"},"elements":[{"from":[6.8755527,7.448248,7.337143],"to":[8.589839,8.591105,8.48],"rotation":{"angle":0.0,"axis":"y","origin":[8.201267,7.162425,7.268519]},"faces":{"east":{"uv":[8.625,10.0,8.875,10.25],"rotation":0,"texture":"#0","tintindex":0},"south":{"uv":[2.375,9.75,2.75,10.0],"rotation":0,"texture":"#0","tintindex":0},"north":{"uv":[9.75,2.0,10.125,2.25],"rotation":0,"texture":"#0","tintindex":0},"west":{"uv":[9.875,10.0,10.125,10.25],"rotation":0,"texture":"#0","tintindex":0},"up":{"uv":[10.125,2.625,9.75,2.375],"rotation":0,"texture":"#0","tintindex":0},"down":{"uv":[10.125,5.5,9.75,5.75],"rotation":0,"texture":"#0","tintindex":0}}},{"from":[5.389838,7.5625334,7.4514284],"to":[7.4469814,8.476819,8.365714],"rotation":{"angle":0.0,"axis":"y","origin":[8.772696,7.162425,7.268519]},"faces":{"east":{"uv":[0.0,10.125,0.25,10.375],"rotation":0,"texture":"#0","tintindex":0},"south":{"uv":[9.125,5.5,9.625,5.75],"rotation":0,"texture":"#0","tintindex":0},"north":{"uv":[4.375,9.125,4.875,9.375],"rotation":0,"texture":"#0","tintindex":0},"west":{"uv":[0.375,10.125,0.625,10.375],"rotation":0,"texture":"#0","tintindex":0},"up":{"uv":[9.75,0.25,9.25,0.0],"rotation":0,"texture":"#0","tintindex":0},"down":{"uv":[9.75,0.375,9.25,0.625],"rotation":0,"texture":"#0","tintindex":0}}},{"from":[3.391492,7.568248,6.863727],"to":[6.0086346,8.471106,7.7665844],"rotation":{"angle":-45.0,"axis":"y","origin":[4.9857774,8.019676,7.3151555]},"faces":{"east":{"uv":[1.875,10.125,2.125,10.375],"rotation":0,"texture":"#0","tintindex":0},"south":{"uv":[1.625,8.375,2.25,8.625],"rotation":0,"texture":"#0","tintindex":0},"north":{"uv":[8.375,1.375,9.0,1.625],"rotation":0,"texture":"#0","tintindex":0},"west":{"uv":[2.25,10.125,2.5,10.375],"rotation":0,"texture":"#0","tintindex":0},"up":{"uv":[9.0,5.75,8.375,5.5],"rotation":0,"texture":"#0","tintindex":0},"down":{"uv":[6.25,8.375,5.625,8.625],"rotation":0,"texture":"#0","tintindex":0}}},{"from":[3.9688845,7.9625335,6.8081794],"to":[7.397456,8.019676,17.665323],"rotation":{"angle":0.0,"axis":"y","origin":[3.3117418,8.019676,7.9510365]},"faces":{"east":{"uv":[0.625,6.75,3.0,6.875],"rotation":0,"texture":"#0","tintindex":0},"south":{"uv":[9.75,6.5,10.5,6.625],"rotation":0,"texture":"#0","tintindex":0},"north":{"uv":[9.75,6.25,10.5,6.375],"rotation":0,"texture":"#0","tintindex":0},"west":{"uv":[3.125,6.75,5.5,6.875],"rotation":0,"texture":"#0","tintindex":0},"up":{"uv":[5.375,2.375,4.625,0.0],"rotation":0,"texture":"#0","tintindex":0},"down":{"uv":[5.375,2.5,4.625,4.875],"rotation":0,"texture":"#0","tintindex":0}}}],"display":{"head":{"translation":[0.0,-6.4,0.0],"scale":[4.0,4.0,4.0]}}}