{"textures":{"0":"modelengine:entity/nocsy_drakonin_baby"},"elements":[{"from":[7.6685715,6.299968,7.12048],"to":[8.811429,8.585682,8.263337],"rotation":{"angle":22.5,"axis":"x","origin":[7.8342857,8.222254,7.5844803]},"faces":{"east":{"uv":[9.5,3.375,9.75,3.875],"rotation":0,"texture":"#0","tintindex":0},"south":{"uv":[3.5,9.5,3.75,10.0],"rotation":0,"texture":"#0","tintindex":0},"north":{"uv":[3.125,9.5,3.375,10.0],"rotation":0,"texture":"#0","tintindex":0},"west":{"uv":[3.875,9.5,4.125,10.0],"rotation":0,"texture":"#0","tintindex":0},"up":{"uv":[10.625,1.375,10.375,1.125],"rotation":0,"texture":"#0","tintindex":0},"down":{"uv":[1.75,10.375,1.5,10.625],"rotation":0,"texture":"#0","tintindex":0}}}],"display":{"head":{"translation":[0.0,-6.4,0.0],"scale":[4.0,4.0,4.0]}}}