{"textures":{"0":"modelengine:entity/nocsy_drakonin_baby"},"elements":[{"from":[7.0857143,8.151183,7.594853],"to":[8.914286,10.585469,10.269138],"rotation":{"angle":0.0,"axis":"y","origin":[7.234286,9.047367,8.844574]},"faces":{"east":{"uv":[5.625,6.75,6.125,7.25],"rotation":0,"texture":"#0","tintindex":0},"south":{"uv":[7.625,0.625,8.0,1.125],"rotation":0,"texture":"#0","tintindex":0},"north":{"uv":[7.625,0.0,8.0,0.5],"rotation":0,"texture":"#0","tintindex":0},"west":{"uv":[6.25,6.75,6.75,7.25],"rotation":0,"texture":"#0","tintindex":0},"up":{"uv":[1.25,8.125,0.875,7.625],"rotation":0,"texture":"#0","tintindex":0},"down":{"uv":[1.75,7.625,1.375,8.125],"rotation":0,"texture":"#0","tintindex":0}}},{"from":[7.1485715,9.534488,7.4850464],"to":[8.851429,11.808773,9.759332],"rotation":{"angle":-22.5,"axis":"x","origin":[8.139543,10.821501,8.789421]},"faces":{"east":{"uv":[6.875,5.5,7.375,6.0],"rotation":0,"texture":"#0","tintindex":0},"south":{"uv":[2.875,7.625,3.25,8.125],"rotation":0,"texture":"#0","tintindex":0},"north":{"uv":[2.375,7.625,2.75,8.125],"rotation":0,"texture":"#0","tintindex":0},"west":{"uv":[6.875,6.75,7.375,7.25],"rotation":0,"texture":"#0","tintindex":0},"up":{"uv":[3.75,8.125,3.375,7.625],"rotation":0,"texture":"#0","tintindex":0},"down":{"uv":[4.25,7.625,3.875,8.125],"rotation":0,"texture":"#0","tintindex":0}}}],"display":{"head":{"translation":[0.0,-6.4,0.0],"scale":[4.0,4.0,4.0]}}}