{"textures":{"0":"modelengine:entity/nocsy_drakonin_baby"},"elements":[{"from":[7.722885,6.3877306,6.5529633],"to":[8.865743,8.673445,8.838677],"rotation":{"angle":-22.5,"axis":"x","origin":[6.7114563,7.759159,7.8786774]},"faces":{"east":{"uv":[1.125,7.0,0.625,7.5],"rotation":0,"texture":"#0","tintindex":0},"south":{"uv":[9.625,8.875,9.375,9.375],"rotation":0,"texture":"#0","tintindex":0},"north":{"uv":[9.0,9.375,8.75,9.875],"rotation":0,"texture":"#0","tintindex":0},"west":{"uv":[7.5,0.0,7.0,0.5],"rotation":0,"texture":"#0","tintindex":0},"up":{"uv":[0.0,10.0,0.25,9.5],"rotation":0,"texture":"#0","tintindex":0},"down":{"uv":[9.5,2.75,9.75,3.25],"rotation":0,"texture":"#0","tintindex":0}}}],"display":{"head":{"translation":[0.0,-6.4,0.0],"scale":[4.0,4.0,4.0]}}}