{"textures":{"0":"modelengine:entity/nocsy_drakonin_baby5"},"elements":[{"from":[6.5714283,7.640972,6.392003],"to":[9.428572,10.498116,9.249146],"rotation":{"angle":0.0,"axis":"y","origin":[8.302857,8.898342,7.846291]},"faces":{"east":{"uv":[6.0,4.5,6.625,5.125],"rotation":0,"texture":"#0","tintindex":0},"south":{"uv":[4.75,6.0,5.375,6.625],"rotation":0,"texture":"#0","tintindex":0},"north":{"uv":[4.0,6.0,4.625,6.625],"rotation":0,"texture":"#0","tintindex":0},"west":{"uv":[6.0,5.25,6.625,5.875],"rotation":0,"texture":"#0","tintindex":0},"up":{"uv":[6.125,6.625,5.5,6.0],"rotation":0,"texture":"#0","tintindex":0},"down":{"uv":[6.875,0.0,6.25,0.625],"rotation":0,"texture":"#0","tintindex":0}}},{"from":[6.5294285,8.040972,6.261146],"to":[6.5294285,10.2124,6.832575],"rotation":{"angle":0.0,"axis":"y","origin":[8.0,9.012628,7.846291]},"faces":{"east":{"uv":[2.125,10.75,2.25,11.25],"rotation":0,"texture":"#0","tintindex":0},"south":{"uv":[3.25,11.125,3.25,11.625],"rotation":0,"texture":"#0","tintindex":0},"north":{"uv":[6.5,11.0,6.5,11.5],"rotation":0,"texture":"#0","tintindex":0},"west":{"uv":[2.375,10.75,2.5,11.25],"rotation":0,"texture":"#0","tintindex":0},"up":{"uv":[3.625,7.25,3.625,7.125],"rotation":0,"texture":"#0","tintindex":0},"down":{"uv":[1.75,7.25,1.75,7.375],"rotation":0,"texture":"#0","tintindex":0}}},{"from":[6.7002854,8.269544,6.2468605],"to":[7.843143,9.412401,6.2468605],"rotation":{"angle":0.0,"axis":"y","origin":[6.0936537,9.012628,7.6702304]},"faces":{"east":{"uv":[3.5,8.125,3.5,8.375],"rotation":0,"texture":"#0","tintindex":0},"south":{"uv":[3.75,10.75,4.0,11.0],"rotation":0,"texture":"#0","tintindex":0},"north":{"uv":[3.0,10.75,3.25,11.0],"rotation":0,"texture":"#0","tintindex":0},"west":{"uv":[8.25,4.25,8.25,4.5],"rotation":0,"texture":"#0","tintindex":0},"up":{"uv":[2.125,7.0,1.875,7.0],"rotation":0,"texture":"#0","tintindex":0},"down":{"uv":[8.125,1.0,7.875,1.0],"rotation":0,"texture":"#0","tintindex":0}}},{"from":[6.528857,8.040972,6.261146],"to":[7.9002857,10.2124,6.261146],"rotation":{"angle":0.0,"axis":"y","origin":[6.4365106,9.012628,7.6702304]},"faces":{"east":{"uv":[4.75,11.125,4.75,11.625],"rotation":0,"texture":"#0","tintindex":0},"south":{"uv":[0.375,7.625,0.0,8.125],"rotation":0,"texture":"#0","tintindex":0},"north":{"uv":[0.0,7.625,0.375,8.125],"rotation":0,"texture":"#0","tintindex":0},"west":{"uv":[11.25,4.875,11.25,5.375],"rotation":0,"texture":"#0","tintindex":0},"up":{"uv":[8.625,1.0,8.25,1.0],"rotation":0,"texture":"#0","tintindex":0},"down":{"uv":[9.125,5.5,8.75,5.5],"rotation":0,"texture":"#0","tintindex":0}}},{"from":[6.5002856,9.28383,6.661146],"to":[9.357429,11.569544,6.661146],"rotation":{"angle":22.5,"axis":"x","origin":[7.1857142,10.612401,6.918289]},"faces":{"east":{"uv":[4.75,11.125,4.75,11.625],"rotation":0,"texture":"#0","tintindex":0},"south":{"uv":[0.625,11.875,0.0,12.375],"rotation":0,"texture":"#0","tintindex":0},"north":{"uv":[0.0,11.875,0.625,12.375],"rotation":0,"texture":"#0","tintindex":0},"west":{"uv":[11.25,4.875,11.25,5.375],"rotation":0,"texture":"#0","tintindex":0},"up":{"uv":[8.625,1.0,8.25,1.0],"rotation":0,"texture":"#0","tintindex":0},"down":{"uv":[9.125,5.5,8.75,5.5],"rotation":0,"texture":"#0","tintindex":0}}},{"from":[6.499714,9.28383,6.661146],"to":[6.499714,11.569544,9.51829],"rotation":{"angle":22.5,"axis":"x","origin":[7.1857142,10.612401,6.918289]},"faces":{"east":{"uv":[0.0,11.875,0.625,12.375],"rotation":0,"texture":"#0","tintindex":0},"south":{"uv":[4.75,11.125,4.75,11.625],"rotation":0,"texture":"#0","tintindex":0},"north":{"uv":[11.25,4.875,11.25,5.375],"rotation":0,"texture":"#0","tintindex":0},"west":{"uv":[0.625,11.875,0.0,12.375],"rotation":0,"texture":"#0","tintindex":0},"up":{"uv":[8.625,1.0,8.25,1.0],"rotation":90,"texture":"#0","tintindex":0},"down":{"uv":[9.125,5.5,8.75,5.5],"rotation":270,"texture":"#0","tintindex":0}}},{"from":[7.6425714,9.28383,6.661146],"to":[7.6425714,11.569544,9.51829],"rotation":{"angle":22.5,"axis":"x","origin":[7.1857142,10.612401,6.918289]},"faces":{"east":{"uv":[0.0,11.875,0.625,12.375],"rotation":0,"texture":"#0","tintindex":0},"south":{"uv":[4.75,11.125,4.75,11.625],"rotation":0,"texture":"#0","tintindex":0},"north":{"uv":[11.25,4.875,11.25,5.375],"rotation":0,"texture":"#0","tintindex":0},"west":{"uv":[0.625,11.875,0.0,12.375],"rotation":0,"texture":"#0","tintindex":0},"up":{"uv":[8.625,1.0,8.25,1.0],"rotation":90,"texture":"#0","tintindex":0},"down":{"uv":[9.125,5.5,8.75,5.5],"rotation":270,"texture":"#0","tintindex":0}}},{"from":[8.357429,9.28383,6.661146],"to":[8.357429,11.569544,9.51829],"rotation":{"angle":22.5,"axis":"x","origin":[8.814286,10.612401,6.918289]},"faces":{"east":{"uv":[0.0,11.875,0.625,12.375],"rotation":0,"texture":"#0","tintindex":0},"south":{"uv":[4.75,11.125,4.75,11.625],"rotation":0,"texture":"#0","tintindex":0},"north":{"uv":[11.25,4.875,11.25,5.375],"rotation":0,"texture":"#0","tintindex":0},"west":{"uv":[0.625,11.875,0.0,12.375],"rotation":0,"texture":"#0","tintindex":0},"up":{"uv":[8.625,1.0,8.25,1.0],"rotation":90,"texture":"#0","tintindex":0},"down":{"uv":[9.125,5.5,8.75,5.5],"rotation":270,"texture":"#0","tintindex":0}}},{"from":[6.6425714,9.28383,6.661146],"to":[9.499714,11.569544,6.661146],"rotation":{"angle":22.5,"axis":"x","origin":[8.814286,10.612401,6.918289]},"faces":{"east":{"uv":[11.25,4.875,11.25,5.375],"rotation":0,"texture":"#0","tintindex":0},"south":{"uv":[0.0,11.875,0.625,12.375],"rotation":0,"texture":"#0","tintindex":0},"north":{"uv":[0.625,11.875,0.0,12.375],"rotation":0,"texture":"#0","tintindex":0},"west":{"uv":[4.75,11.125,4.75,11.625],"rotation":0,"texture":"#0","tintindex":0},"up":{"uv":[8.25,1.0,8.625,1.0],"rotation":0,"texture":"#0","tintindex":0},"down":{"uv":[8.75,5.5,9.125,5.5],"rotation":0,"texture":"#0","tintindex":0}}},{"from":[9.500286,9.28383,6.661146],"to":[9.500286,11.569544,9.51829],"rotation":{"angle":22.5,"axis":"x","origin":[8.814286,10.612401,6.918289]},"faces":{"east":{"uv":[0.0,11.875,0.625,12.375],"rotation":0,"texture":"#0","tintindex":0},"south":{"uv":[4.75,11.125,4.75,11.625],"rotation":0,"texture":"#0","tintindex":0},"north":{"uv":[11.25,4.875,11.25,5.375],"rotation":0,"texture":"#0","tintindex":0},"west":{"uv":[0.625,11.875,0.0,12.375],"rotation":0,"texture":"#0","tintindex":0},"up":{"uv":[8.625,1.0,8.25,1.0],"rotation":90,"texture":"#0","tintindex":0},"down":{"uv":[9.125,5.5,8.75,5.5],"rotation":270,"texture":"#0","tintindex":0}}},{"from":[8.099714,8.040972,6.261146],"to":[9.471143,10.2124,6.261146],"rotation":{"angle":0.0,"axis":"y","origin":[9.56349,9.012628,7.6702304]},"faces":{"east":{"uv":[11.25,4.875,11.25,5.375],"rotation":0,"texture":"#0","tintindex":0},"south":{"uv":[0.0,7.625,0.375,8.125],"rotation":0,"texture":"#0","tintindex":0},"north":{"uv":[0.375,7.625,0.0,8.125],"rotation":0,"texture":"#0","tintindex":0},"west":{"uv":[4.75,11.125,4.75,11.625],"rotation":0,"texture":"#0","tintindex":0},"up":{"uv":[8.25,1.0,8.625,1.0],"rotation":0,"texture":"#0","tintindex":0},"down":{"uv":[8.75,5.5,9.125,5.5],"rotation":0,"texture":"#0","tintindex":0}}},{"from":[6.7574286,9.169543,6.2325745],"to":[6.928857,9.340972,6.2325745],"rotation":{"angle":0.0,"axis":"y","origin":[6.0936537,9.012628,7.6702304]},"faces":{"east":{"uv":[6.75,7.25,6.75,7.375],"rotation":0,"texture":"#0","tintindex":0},"south":{"uv":[2.0,8.25,2.125,8.375],"rotation":0,"texture":"#0","tintindex":0},"north":{"uv":[7.875,6.875,8.0,7.0],"rotation":0,"texture":"#0","tintindex":0},"west":{"uv":[7.625,4.625,7.625,4.75],"rotation":0,"texture":"#0","tintindex":0},"up":{"uv":[2.375,7.0,2.25,7.0],"rotation":0,"texture":"#0","tintindex":0},"down":{"uv":[4.25,7.375,4.125,7.375],"rotation":0,"texture":"#0","tintindex":0}}},{"from":[8.842571,9.169543,6.2325745],"to":[9.014,9.340972,6.2325745],"rotation":{"angle":0.0,"axis":"y","origin":[9.906346,9.012628,7.6702304]},"faces":{"east":{"uv":[7.75,5.75,7.75,5.875],"rotation":0,"texture":"#0","tintindex":0},"south":{"uv":[9.625,6.5,9.75,6.625],"rotation":0,"texture":"#0","tintindex":0},"north":{"uv":[8.5,9.5,8.625,9.625],"rotation":0,"texture":"#0","tintindex":0},"west":{"uv":[2.5,7.875,2.5,8.0],"rotation":0,"texture":"#0","tintindex":0},"up":{"uv":[5.25,7.5,5.125,7.5],"rotation":0,"texture":"#0","tintindex":0},"down":{"uv":[7.75,0.625,7.625,0.625],"rotation":0,"texture":"#0","tintindex":0}}},{"from":[8.1568575,8.269544,6.2468605],"to":[9.299714,9.412401,6.2468605],"rotation":{"angle":0.0,"axis":"y","origin":[9.906346,9.012628,7.6702304]},"faces":{"east":{"uv":[3.375,9.125,3.375,9.375],"rotation":0,"texture":"#0","tintindex":0},"south":{"uv":[4.5,10.75,4.75,11.0],"rotation":0,"texture":"#0","tintindex":0},"north":{"uv":[4.125,10.75,4.375,11.0],"rotation":0,"texture":"#0","tintindex":0},"west":{"uv":[9.25,1.625,9.25,1.875],"rotation":0,"texture":"#0","tintindex":0},"up":{"uv":[8.5,5.625,8.25,5.625],"rotation":0,"texture":"#0","tintindex":0},"down":{"uv":[9.25,5.0,9.0,5.0],"rotation":0,"texture":"#0","tintindex":0}}},{"from":[9.4705715,8.098115,6.261146],"to":[9.4705715,10.269544,6.832575],"rotation":{"angle":0.0,"axis":"y","origin":[8.0,9.069771,7.846291]},"faces":{"east":{"uv":[4.875,10.75,5.0,11.25],"rotation":0,"texture":"#0","tintindex":0},"south":{"uv":[6.625,11.25,6.625,11.75],"rotation":0,"texture":"#0","tintindex":0},"north":{"uv":[5.375,11.25,5.375,11.75],"rotation":0,"texture":"#0","tintindex":0},"west":{"uv":[8.5,10.75,8.625,11.25],"rotation":0,"texture":"#0","tintindex":0},"up":{"uv":[8.125,7.0,8.125,6.875],"rotation":0,"texture":"#0","tintindex":0},"down":{"uv":[6.625,8.375,6.625,8.5],"rotation":0,"texture":"#0","tintindex":0}}},{"from":[7.0857143,8.020757,5.016585],"to":[8.914286,9.2779,6.845156],"rotation":{"angle":0.0,"axis":"y","origin":[8.0,8.615176,5.85763]},"faces":{"east":{"uv":[2.125,9.625,2.5,9.875],"rotation":0,"texture":"#0","tintindex":0},"south":{"uv":[3.375,9.625,3.75,9.875],"rotation":0,"texture":"#0","tintindex":0},"north":{"uv":[1.625,9.625,2.0,9.875],"rotation":0,"texture":"#0","tintindex":0},"west":{"uv":[9.625,4.625,10.0,4.875],"rotation":0,"texture":"#0","tintindex":0},"up":{"uv":[1.875,8.625,1.5,8.25],"rotation":0,"texture":"#0","tintindex":0},"down":{"uv":[8.625,5.125,8.25,5.5],"rotation":0,"texture":"#0","tintindex":0}}}],"display":{"head":{"translation":[0.0,-6.4,0.0],"scale":[4.0,4.0,4.0]}}}