{"textures":{"0":"modelengine:entity/nocsy_drakonin_baby5"},"elements":[{"from":[7.8544807,6.956251,7.3514943],"to":[9.225909,8.32768,9.86578],"rotation":{"angle":-22.5,"axis":"z","origin":[8.317424,7.514231,9.191969]},"faces":{"east":{"uv":[8.75,0.875,9.25,1.125],"rotation":0,"texture":"#0","tintindex":0},"south":{"uv":[0.75,10.875,1.0,11.125],"rotation":0,"texture":"#0","tintindex":0},"north":{"uv":[10.75,10.125,11.0,10.375],"rotation":0,"texture":"#0","tintindex":0},"west":{"uv":[1.25,8.75,1.75,9.0],"rotation":0,"texture":"#0","tintindex":0},"up":{"uv":[7.5,9.125,7.25,8.625],"rotation":0,"texture":"#0","tintindex":0},"down":{"uv":[9.0,2.0,8.75,2.5],"rotation":0,"texture":"#0","tintindex":0}}},{"from":[7.8544807,5.641965,7.46578],"to":[8.997338,6.7848225,9.751494],"rotation":{"angle":22.5,"axis":"x","origin":[8.317424,7.514231,9.191969]},"faces":{"east":{"uv":[8.75,1.25,9.25,1.5],"rotation":0,"texture":"#0","tintindex":0},"south":{"uv":[10.875,3.75,11.125,4.0],"rotation":0,"texture":"#0","tintindex":0},"north":{"uv":[10.875,1.875,11.125,2.125],"rotation":0,"texture":"#0","tintindex":0},"west":{"uv":[8.75,2.625,9.25,2.875],"rotation":0,"texture":"#0","tintindex":0},"up":{"uv":[9.0,3.5,8.75,3.0],"rotation":0,"texture":"#0","tintindex":0},"down":{"uv":[9.0,3.625,8.75,4.125],"rotation":0,"texture":"#0","tintindex":0}}},{"from":[8.420653,7.8314915,5.3702526],"to":[9.449225,10.00292,6.3988247],"rotation":{"angle":-22.5,"axis":"x","origin":[9.111624,9.212535,6.315296]},"faces":{"east":{"uv":[8.75,6.75,9.0,7.25],"rotation":0,"texture":"#0","tintindex":0},"south":{"uv":[8.75,7.375,9.0,7.875],"rotation":0,"texture":"#0","tintindex":0},"north":{"uv":[5.5,8.75,5.75,9.25],"rotation":0,"texture":"#0","tintindex":0},"west":{"uv":[8.75,8.0,9.0,8.5],"rotation":0,"texture":"#0","tintindex":0},"up":{"uv":[11.125,4.375,10.875,4.125],"rotation":0,"texture":"#0","tintindex":0},"down":{"uv":[11.125,4.875,10.875,5.125],"rotation":0,"texture":"#0","tintindex":0}}}],"display":{"head":{"translation":[0.0,-6.4,0.0],"scale":[4.0,4.0,4.0]}}}