{"textures":{"0":"modelengine:entity/nocsy_drakonin_baby5"},"elements":[{"from":[7.199252,6.3602586,7.147766],"to":[8.913538,7.5031157,8.862052],"rotation":{"angle":0.0,"axis":"y","origin":[7.548967,9.27683,8.190052]},"faces":{"east":{"uv":[9.875,5.0,10.25,5.25],"rotation":0,"texture":"#0","tintindex":0},"south":{"uv":[5.75,9.875,6.125,10.125],"rotation":0,"texture":"#0","tintindex":0},"north":{"uv":[9.875,3.75,10.25,4.0],"rotation":0,"texture":"#0","tintindex":0},"west":{"uv":[7.0,9.875,7.375,10.125],"rotation":0,"texture":"#0","tintindex":0},"up":{"uv":[8.625,7.75,8.25,7.375],"rotation":0,"texture":"#0","tintindex":0},"down":{"uv":[8.625,7.875,8.25,8.25],"rotation":0,"texture":"#0","tintindex":0}}},{"from":[7.199252,7.5031157,7.147766],"to":[8.913538,8.645973,7.147766],"rotation":{"angle":0.0,"axis":"y","origin":[7.548967,9.27683,8.190052]},"faces":{"east":{"uv":[7.25,11.25,7.25,11.5],"rotation":0,"texture":"#0","tintindex":0},"south":{"uv":[10.25,9.0,9.875,9.25],"rotation":0,"texture":"#0","tintindex":0},"north":{"uv":[9.875,9.0,10.25,9.25],"rotation":0,"texture":"#0","tintindex":0},"west":{"uv":[11.25,7.25,11.25,7.5],"rotation":0,"texture":"#0","tintindex":0},"up":{"uv":[11.625,4.375,11.25,4.375],"rotation":0,"texture":"#0","tintindex":0},"down":{"uv":[11.625,5.875,11.25,5.875],"rotation":0,"texture":"#0","tintindex":0}}},{"from":[7.199252,7.5031157,8.862052],"to":[8.913538,8.645973,8.862052],"rotation":{"angle":0.0,"axis":"y","origin":[7.548967,9.27683,8.190052]},"faces":{"east":{"uv":[7.375,11.25,7.375,11.5],"rotation":0,"texture":"#0","tintindex":0},"south":{"uv":[10.0,0.0,10.375,0.25],"rotation":0,"texture":"#0","tintindex":0},"north":{"uv":[10.375,0.0,10.0,0.25],"rotation":0,"texture":"#0","tintindex":0},"west":{"uv":[7.5,11.25,7.5,11.5],"rotation":0,"texture":"#0","tintindex":0},"up":{"uv":[8.0,11.25,7.625,11.25],"rotation":0,"texture":"#0","tintindex":0},"down":{"uv":[9.125,11.25,8.75,11.25],"rotation":0,"texture":"#0","tintindex":0}}},{"from":[7.199252,7.5031157,7.147766],"to":[7.199252,8.645973,8.862052],"rotation":{"angle":0.0,"axis":"y","origin":[7.548967,9.27683,8.190052]},"faces":{"east":{"uv":[2.0,10.0,1.625,10.25],"rotation":0,"texture":"#0","tintindex":0},"south":{"uv":[8.25,11.25,8.25,11.5],"rotation":0,"texture":"#0","tintindex":0},"north":{"uv":[8.125,11.25,8.125,11.5],"rotation":0,"texture":"#0","tintindex":0},"west":{"uv":[1.625,10.0,2.0,10.25],"rotation":0,"texture":"#0","tintindex":0},"up":{"uv":[8.375,11.625,8.375,11.25],"rotation":0,"texture":"#0","tintindex":0},"down":{"uv":[9.25,11.25,9.25,11.625],"rotation":0,"texture":"#0","tintindex":0}}},{"from":[8.913538,7.5031157,7.147766],"to":[8.913538,8.645973,8.862052],"rotation":{"angle":0.0,"axis":"y","origin":[7.548967,9.27683,8.190052]},"faces":{"east":{"uv":[2.125,10.0,2.5,10.25],"rotation":0,"texture":"#0","tintindex":0},"south":{"uv":[9.375,11.25,9.375,11.5],"rotation":0,"texture":"#0","tintindex":0},"north":{"uv":[11.25,9.25,11.25,9.5],"rotation":0,"texture":"#0","tintindex":0},"west":{"uv":[2.5,10.0,2.125,10.25],"rotation":0,"texture":"#0","tintindex":0},"up":{"uv":[9.5,11.625,9.5,11.25],"rotation":0,"texture":"#0","tintindex":0},"down":{"uv":[9.625,11.25,9.625,11.625],"rotation":0,"texture":"#0","tintindex":0}}},{"from":[7.2049665,6.3702927,6.5836687],"to":[8.907824,6.930293,7.143669],"rotation":{"angle":45.0,"axis":"x","origin":[7.4803452,6.3643703,7.1433597]},"faces":{"east":{"uv":[9.75,1.75,9.875,1.875],"rotation":0,"texture":"#0","tintindex":0},"south":{"uv":[11.0,6.0,11.375,6.125],"rotation":0,"texture":"#0","tintindex":0},"north":{"uv":[8.125,0.375,8.5,0.5],"rotation":0,"texture":"#0","tintindex":0},"west":{"uv":[10.0,7.25,10.125,7.375],"rotation":0,"texture":"#0","tintindex":0},"up":{"uv":[7.375,11.125,7.0,11.0],"rotation":0,"texture":"#0","tintindex":0},"down":{"uv":[7.875,11.0,7.5,11.125],"rotation":0,"texture":"#0","tintindex":0}}}],"display":{"head":{"translation":[0.0,-6.4,0.0],"scale":[4.0,4.0,4.0]}}}