{"textures":{"0":"modelengine:entity/nocsy_drakonin_baby5"},"elements":[{"from":[7.134258,6.3877306,6.5529633],"to":[8.277115,8.673445,8.838677],"rotation":{"angle":-22.5,"axis":"x","origin":[9.288544,7.759159,7.8786774]},"faces":{"east":{"uv":[3.125,6.5,3.625,7.0],"rotation":0,"texture":"#0","tintindex":0},"south":{"uv":[5.0,9.125,5.25,9.625],"rotation":0,"texture":"#0","tintindex":0},"north":{"uv":[4.625,9.125,4.875,9.625],"rotation":0,"texture":"#0","tintindex":0},"west":{"uv":[6.25,6.625,6.75,7.125],"rotation":0,"texture":"#0","tintindex":0},"up":{"uv":[9.375,7.25,9.125,6.75],"rotation":0,"texture":"#0","tintindex":0},"down":{"uv":[9.375,7.375,9.125,7.875],"rotation":0,"texture":"#0","tintindex":0}}},{"from":[6.962829,8.20997,6.874347],"to":[7.877115,9.695684,7.788633],"rotation":{"angle":22.5,"axis":"z","origin":[7.705686,8.838542,7.2743473]},"faces":{"east":{"uv":[0.0,10.125,0.25,10.5],"rotation":0,"texture":"#0","tintindex":0},"south":{"uv":[2.625,10.125,2.875,10.5],"rotation":0,"texture":"#0","tintindex":0},"north":{"uv":[6.625,10.0,6.875,10.375],"rotation":0,"texture":"#0","tintindex":0},"west":{"uv":[10.125,8.5,10.375,8.875],"rotation":0,"texture":"#0","tintindex":0},"up":{"uv":[11.25,1.75,11.0,1.5],"rotation":0,"texture":"#0","tintindex":0},"down":{"uv":[11.25,2.25,11.0,2.5],"rotation":0,"texture":"#0","tintindex":0}}},{"from":[7.1399717,7.0143256,6.178453],"to":[8.2714,8.717183,7.309881],"rotation":{"angle":-45.0,"axis":"x","origin":[7.6485434,7.865754,6.5727386]},"faces":{"east":{"uv":[1.25,10.25,1.5,10.625],"rotation":0,"texture":"#0","tintindex":0},"south":{"uv":[10.25,2.5,10.5,2.875],"rotation":0,"texture":"#0","tintindex":0},"north":{"uv":[9.875,10.125,10.125,10.5],"rotation":0,"texture":"#0","tintindex":0},"west":{"uv":[3.0,10.25,3.25,10.625],"rotation":0,"texture":"#0","tintindex":0},"up":{"uv":[2.875,11.25,2.625,11.0],"rotation":0,"texture":"#0","tintindex":0},"down":{"uv":[11.25,2.625,11.0,2.875],"rotation":0,"texture":"#0","tintindex":0}}},{"from":[6.911401,7.8156843,7.7021303],"to":[7.8142576,9.28997,8.604988],"rotation":{"angle":45.0,"axis":"z","origin":[7.6485434,8.495685,7.9821305]},"faces":{"east":{"uv":[4.125,10.25,4.375,10.625],"rotation":0,"texture":"#0","tintindex":0},"south":{"uv":[4.5,10.25,4.75,10.625],"rotation":0,"texture":"#0","tintindex":0},"north":{"uv":[3.75,10.25,4.0,10.625],"rotation":0,"texture":"#0","tintindex":0},"west":{"uv":[4.875,10.25,5.125,10.625],"rotation":0,"texture":"#0","tintindex":0},"up":{"uv":[11.25,3.25,11.0,3.0],"rotation":0,"texture":"#0","tintindex":0},"down":{"uv":[3.625,11.0,3.375,11.25],"rotation":0,"texture":"#0","tintindex":0}}}],"display":{"head":{"translation":[0.0,-6.4,0.0],"scale":[4.0,4.0,4.0]}}}