{"textures":{"0":"modelengine:entity/nocsy_drakonin_baby5"},"elements":[{"from":[6.8755527,7.448248,7.337143],"to":[8.589839,8.591105,8.48],"rotation":{"angle":0.0,"axis":"y","origin":[8.201267,7.162425,7.268519]},"faces":{"east":{"uv":[10.625,4.5,10.875,4.75],"rotation":0,"texture":"#0","tintindex":0},"south":{"uv":[5.75,9.5,6.125,9.75],"rotation":0,"texture":"#0","tintindex":0},"north":{"uv":[9.5,4.25,9.875,4.5],"rotation":0,"texture":"#0","tintindex":0},"west":{"uv":[5.75,10.625,6.0,10.875],"rotation":0,"texture":"#0","tintindex":0},"up":{"uv":[9.875,7.0,9.5,6.75],"rotation":0,"texture":"#0","tintindex":0},"down":{"uv":[9.875,7.125,9.5,7.375],"rotation":0,"texture":"#0","tintindex":0}}},{"from":[5.389838,7.5625334,7.4514284],"to":[7.4469814,8.476819,8.365714],"rotation":{"angle":0.0,"axis":"y","origin":[8.772696,7.162425,7.268519]},"faces":{"east":{"uv":[10.625,6.0,10.875,6.25],"rotation":0,"texture":"#0","tintindex":0},"south":{"uv":[6.625,8.625,7.125,8.875],"rotation":0,"texture":"#0","tintindex":0},"north":{"uv":[8.625,6.375,9.125,6.625],"rotation":0,"texture":"#0","tintindex":0},"west":{"uv":[7.0,10.625,7.25,10.875],"rotation":0,"texture":"#0","tintindex":0},"up":{"uv":[0.5,9.0,0.0,8.75],"rotation":0,"texture":"#0","tintindex":0},"down":{"uv":[1.125,8.75,0.625,9.0],"rotation":0,"texture":"#0","tintindex":0}}},{"from":[3.391492,7.568248,6.863727],"to":[6.0086346,8.471106,7.7665844],"rotation":{"angle":-45.0,"axis":"y","origin":[4.9857774,8.019676,7.3151555]},"faces":{"east":{"uv":[7.375,10.625,7.625,10.875],"rotation":0,"texture":"#0","tintindex":0},"south":{"uv":[7.875,6.5,8.5,6.75],"rotation":0,"texture":"#0","tintindex":0},"north":{"uv":[7.875,6.125,8.5,6.375],"rotation":0,"texture":"#0","tintindex":0},"west":{"uv":[7.75,10.625,8.0,10.875],"rotation":0,"texture":"#0","tintindex":0},"up":{"uv":[8.75,0.25,8.125,0.0],"rotation":0,"texture":"#0","tintindex":0},"down":{"uv":[2.875,8.125,2.25,8.375],"rotation":0,"texture":"#0","tintindex":0}}},{"from":[3.9688845,7.9625335,6.8081794],"to":[7.397456,8.019676,17.665323],"rotation":{"angle":0.0,"axis":"y","origin":[3.3117418,8.019676,7.9510365]},"faces":{"east":{"uv":[6.25,3.25,8.625,3.375],"rotation":0,"texture":"#0","tintindex":0},"south":{"uv":[7.625,9.5,8.375,9.625],"rotation":0,"texture":"#0","tintindex":0},"north":{"uv":[9.5,7.5,10.25,7.625],"rotation":0,"texture":"#0","tintindex":0},"west":{"uv":[6.25,3.5,8.625,3.625],"rotation":0,"texture":"#0","tintindex":0},"up":{"uv":[5.375,2.375,4.625,0.0],"rotation":0,"texture":"#0","tintindex":0},"down":{"uv":[5.375,2.5,4.625,4.875],"rotation":0,"texture":"#0","tintindex":0}}}],"display":{"head":{"translation":[0.0,-6.4,0.0],"scale":[4.0,4.0,4.0]}}}