{"textures":{"0":"modelengine:entity/nocsy_drakonin_baby5"},"elements":[{"from":[7.0857143,7.9797544,7.53771],"to":[8.914286,10.414041,10.211996],"rotation":{"angle":0.0,"axis":"y","origin":[7.234286,9.047367,8.844574]},"faces":{"east":{"uv":[6.25,6.0,6.75,6.5],"rotation":0,"texture":"#0","tintindex":0},"south":{"uv":[3.625,7.375,4.0,7.875],"rotation":0,"texture":"#0","tintindex":0},"north":{"uv":[6.25,7.25,6.625,7.75],"rotation":0,"texture":"#0","tintindex":0},"west":{"uv":[0.0,6.375,0.5,6.875],"rotation":0,"texture":"#0","tintindex":0},"up":{"uv":[3.0,8.0,2.625,7.5],"rotation":0,"texture":"#0","tintindex":0},"down":{"uv":[3.5,7.5,3.125,8.0],"rotation":0,"texture":"#0","tintindex":0}}},{"from":[7.1485715,9.534488,7.4850464],"to":[8.851429,11.808773,9.759332],"rotation":{"angle":-22.5,"axis":"x","origin":[8.139543,10.821501,8.789421]},"faces":{"east":{"uv":[0.625,6.375,1.125,6.875],"rotation":0,"texture":"#0","tintindex":0},"south":{"uv":[4.625,7.5,5.0,8.0],"rotation":0,"texture":"#0","tintindex":0},"north":{"uv":[4.125,7.5,4.5,8.0],"rotation":0,"texture":"#0","tintindex":0},"west":{"uv":[1.25,6.375,1.75,6.875],"rotation":0,"texture":"#0","tintindex":0},"up":{"uv":[7.125,8.0,6.75,7.5],"rotation":0,"texture":"#0","tintindex":0},"down":{"uv":[7.625,7.5,7.25,8.0],"rotation":0,"texture":"#0","tintindex":0}}}],"display":{"head":{"translation":[0.0,-6.4,0.0],"scale":[4.0,4.0,4.0]}}}