{"textures":{"0":"modelengine:entity/nocsy_drakonin_baby5"},"elements":[{"from":[7.780028,6.6734447,6.724392],"to":[8.808599,8.273445,8.324392],"rotation":{"angle":-22.5,"axis":"x","origin":[6.7114563,7.9877305,7.8786774]},"faces":{"east":{"uv":[8.625,6.875,8.25,7.25],"rotation":0,"texture":"#0","tintindex":0},"south":{"uv":[10.0,0.75,9.75,1.125],"rotation":0,"texture":"#0","tintindex":0},"north":{"uv":[2.875,9.625,2.625,10.0],"rotation":0,"texture":"#0","tintindex":0},"west":{"uv":[6.0,8.25,5.625,8.625],"rotation":0,"texture":"#0","tintindex":0},"up":{"uv":[1.25,10.125,1.5,9.75],"rotation":0,"texture":"#0","tintindex":0},"down":{"uv":[9.75,1.25,10.0,1.625],"rotation":0,"texture":"#0","tintindex":0}}},{"from":[7.900028,7.52997,7.5307016],"to":[8.802885,9.004256,8.433559],"rotation":{"angle":22.5,"axis":"x","origin":[8.237171,8.60997,7.9821305]},"faces":{"east":{"uv":[4.875,9.75,4.625,10.125],"rotation":0,"texture":"#0","tintindex":0},"south":{"uv":[4.5,9.75,4.25,10.125],"rotation":0,"texture":"#0","tintindex":0},"north":{"uv":[3.25,9.75,3.0,10.125],"rotation":0,"texture":"#0","tintindex":0},"west":{"uv":[4.125,9.75,3.875,10.125],"rotation":0,"texture":"#0","tintindex":0},"up":{"uv":[10.875,9.5,11.125,9.25],"rotation":0,"texture":"#0","tintindex":0},"down":{"uv":[10.875,9.625,11.125,9.875],"rotation":0,"texture":"#0","tintindex":0}}},{"from":[7.900028,6.9000397,6.578453],"to":[8.802885,8.374326,7.48131],"rotation":{"angle":-45.0,"axis":"x","origin":[8.351457,7.6371827,6.5727386]},"faces":{"east":{"uv":[8.625,9.75,8.375,10.125],"rotation":0,"texture":"#0","tintindex":0},"south":{"uv":[8.25,9.75,8.0,10.125],"rotation":0,"texture":"#0","tintindex":0},"north":{"uv":[5.25,9.75,5.0,10.125],"rotation":0,"texture":"#0","tintindex":0},"west":{"uv":[7.875,9.75,7.625,10.125],"rotation":0,"texture":"#0","tintindex":0},"up":{"uv":[10.25,11.125,10.5,10.875],"rotation":0,"texture":"#0","tintindex":0},"down":{"uv":[10.625,10.875,10.875,11.125],"rotation":0,"texture":"#0","tintindex":0}}},{"from":[8.122885,7.9813986,6.874347],"to":[9.03717,9.4671135,7.788633],"rotation":{"angle":-22.5,"axis":"z","origin":[8.294313,8.60997,7.2743473]},"faces":{"east":{"uv":[10.125,2.5,9.875,2.875],"rotation":0,"texture":"#0","tintindex":0},"south":{"uv":[0.625,9.875,0.375,10.25],"rotation":0,"texture":"#0","tintindex":0},"north":{"uv":[10.0,8.5,9.75,8.875],"rotation":0,"texture":"#0","tintindex":0},"west":{"uv":[9.75,9.75,9.5,10.125],"rotation":0,"texture":"#0","tintindex":0},"up":{"uv":[0.0,11.25,0.25,11.0],"rotation":0,"texture":"#0","tintindex":0},"down":{"uv":[11.0,0.0,11.25,0.25],"rotation":0,"texture":"#0","tintindex":0}}}],"display":{"head":{"translation":[0.0,-6.4,0.0],"scale":[4.0,4.0,4.0]}}}