{"textures":{"0":"modelengine:entity/nocsy_drakonin_baby5"},"elements":[{"from":[7.722885,6.3877306,6.5529633],"to":[8.865743,8.673445,8.838677],"rotation":{"angle":-22.5,"axis":"x","origin":[6.7114563,7.759159,7.8786774]},"faces":{"east":{"uv":[6.75,6.625,6.25,7.125],"rotation":0,"texture":"#0","tintindex":0},"south":{"uv":[5.25,9.125,5.0,9.625],"rotation":0,"texture":"#0","tintindex":0},"north":{"uv":[4.875,9.125,4.625,9.625],"rotation":0,"texture":"#0","tintindex":0},"west":{"uv":[3.625,6.5,3.125,7.0],"rotation":0,"texture":"#0","tintindex":0},"up":{"uv":[9.125,7.25,9.375,6.75],"rotation":0,"texture":"#0","tintindex":0},"down":{"uv":[9.125,7.375,9.375,7.875],"rotation":0,"texture":"#0","tintindex":0}}},{"from":[8.122885,8.20997,6.874347],"to":[9.03717,9.695684,7.788633],"rotation":{"angle":-22.5,"axis":"z","origin":[8.294313,8.838542,7.2743473]},"faces":{"east":{"uv":[10.375,8.5,10.125,8.875],"rotation":0,"texture":"#0","tintindex":0},"south":{"uv":[2.875,10.125,2.625,10.5],"rotation":0,"texture":"#0","tintindex":0},"north":{"uv":[6.875,10.0,6.625,10.375],"rotation":0,"texture":"#0","tintindex":0},"west":{"uv":[0.25,10.125,0.0,10.5],"rotation":0,"texture":"#0","tintindex":0},"up":{"uv":[11.0,1.75,11.25,1.5],"rotation":0,"texture":"#0","tintindex":0},"down":{"uv":[11.0,2.25,11.25,2.5],"rotation":0,"texture":"#0","tintindex":0}}},{"from":[7.7285995,7.0143256,6.178453],"to":[8.860028,8.717183,7.309881],"rotation":{"angle":-45.0,"axis":"x","origin":[8.351457,7.865754,6.5727386]},"faces":{"east":{"uv":[3.25,10.25,3.0,10.625],"rotation":0,"texture":"#0","tintindex":0},"south":{"uv":[10.5,2.5,10.25,2.875],"rotation":0,"texture":"#0","tintindex":0},"north":{"uv":[10.125,10.125,9.875,10.5],"rotation":0,"texture":"#0","tintindex":0},"west":{"uv":[1.5,10.25,1.25,10.625],"rotation":0,"texture":"#0","tintindex":0},"up":{"uv":[2.625,11.25,2.875,11.0],"rotation":0,"texture":"#0","tintindex":0},"down":{"uv":[11.0,2.625,11.25,2.875],"rotation":0,"texture":"#0","tintindex":0}}},{"from":[8.185742,7.8156843,7.7021303],"to":[9.088599,9.28997,8.604988],"rotation":{"angle":-45.0,"axis":"z","origin":[8.351457,8.495685,7.9821305]},"faces":{"east":{"uv":[5.125,10.25,4.875,10.625],"rotation":0,"texture":"#0","tintindex":0},"south":{"uv":[4.75,10.25,4.5,10.625],"rotation":0,"texture":"#0","tintindex":0},"north":{"uv":[4.0,10.25,3.75,10.625],"rotation":0,"texture":"#0","tintindex":0},"west":{"uv":[4.375,10.25,4.125,10.625],"rotation":0,"texture":"#0","tintindex":0},"up":{"uv":[11.0,3.25,11.25,3.0],"rotation":0,"texture":"#0","tintindex":0},"down":{"uv":[3.375,11.0,3.625,11.25],"rotation":0,"texture":"#0","tintindex":0}}}],"display":{"head":{"translation":[0.0,-6.4,0.0],"scale":[4.0,4.0,4.0]}}}