{"textures":{"0":"modelengine:entity/nocsy_drakonin_baby5"},"elements":[{"from":[7.1885715,6.299968,7.12048],"to":[8.331429,8.585682,8.263337],"rotation":{"angle":22.5,"axis":"x","origin":[8.165714,8.222254,7.5844803]},"faces":{"east":{"uv":[7.5,9.25,7.25,9.75],"rotation":0,"texture":"#0","tintindex":0},"south":{"uv":[9.5,6.125,9.25,6.625],"rotation":0,"texture":"#0","tintindex":0},"north":{"uv":[9.375,8.0,9.125,8.5],"rotation":0,"texture":"#0","tintindex":0},"west":{"uv":[9.5,5.5,9.25,6.0],"rotation":0,"texture":"#0","tintindex":0},"up":{"uv":[11.0,3.625,11.25,3.375],"rotation":0,"texture":"#0","tintindex":0},"down":{"uv":[11.0,4.5,11.25,4.75],"rotation":0,"texture":"#0","tintindex":0}}}],"display":{"head":{"translation":[0.0,-6.4,0.0],"scale":[4.0,4.0,4.0]}}}