{"textures":{"0":"modelengine:entity/nocsy_drakonin8"},"elements":[{"from":[5.714286,6.155852,5.3560076],"to":[10.285714,10.727281,12.213151],"rotation":{"angle":0.0,"axis":"y","origin":[8.0,8.0,8.666262]},"faces":{"east":{"uv":[2.75,4.75,3.5,5.25],"rotation":0,"texture":"#0","tintindex":0},"south":{"uv":[1.5625,5.25,2.0625,5.75],"rotation":0,"texture":"#0","tintindex":0},"north":{"uv":[1.0,5.25,1.5,5.75],"rotation":0,"texture":"#0","tintindex":0},"west":{"uv":[3.5625,4.75,4.3125,5.25],"rotation":0,"texture":"#0","tintindex":0},"up":{"uv":[4.875,5.5,4.375,4.75],"rotation":0,"texture":"#0","tintindex":0},"down":{"uv":[5.4375,4.75,4.9375,5.5],"rotation":0,"texture":"#0","tintindex":0}}},{"from":[5.72,5.035164,10.9051895],"to":[10.280001,9.595164,15.465189],"rotation":{"angle":22.5,"axis":"x","origin":[8.0,6.861932,14.387716]},"faces":{"east":{"uv":[5.25,2.625,5.75,3.125],"rotation":0,"texture":"#0","tintindex":0},"south":{"uv":[5.25,3.1875,5.75,3.6875],"rotation":0,"texture":"#0","tintindex":0},"north":{"uv":[2.125,5.25,2.625,5.75],"rotation":0,"texture":"#0","tintindex":0},"west":{"uv":[5.25,3.75,5.75,4.25],"rotation":0,"texture":"#0","tintindex":0},"up":{"uv":[3.1875,5.8125,2.6875,5.3125],"rotation":0,"texture":"#0","tintindex":0},"down":{"uv":[3.75,5.3125,3.25,5.8125],"rotation":0,"texture":"#0","tintindex":0}}},{"from":[5.7085714,5.873857,4.072829],"to":[10.291429,10.456715,8.084257],"rotation":{"angle":45.0,"axis":"x","origin":[8.0,9.308143,7.0499716]},"faces":{"east":{"uv":[5.375,0.5625,5.8125,1.0625],"rotation":0,"texture":"#0","tintindex":0},"south":{"uv":[5.375,0.0,5.875,0.5],"rotation":0,"texture":"#0","tintindex":0},"north":{"uv":[3.8125,5.3125,4.3125,5.8125],"rotation":0,"texture":"#0","tintindex":0},"west":{"uv":[5.375,1.125,5.8125,1.625],"rotation":0,"texture":"#0","tintindex":0},"up":{"uv":[6.0,2.125,5.5,1.6875],"rotation":0,"texture":"#0","tintindex":0},"down":{"uv":[6.0,4.3125,5.5,4.75],"rotation":0,"texture":"#0","tintindex":0}}}],"display":{"head":{"translation":[0.0,-6.4,0.0],"scale":[4.0,4.0,4.0]}}}