{"textures":{"0":"modelengine:entity/nocsy_drakonin8"},"elements":[{"from":[5.82059,5.8754835,5.3885746],"to":[5.82059,8.161198,9.960003],"rotation":{"angle":-22.5,"axis":"z","origin":[5.592019,7.646912,7.6742887]},"faces":{"east":{"uv":[7.5,1.875,7.0,2.125],"rotation":0,"texture":"#0","tintindex":0},"south":{"uv":[2.3125,7.75,2.3125,8.0],"rotation":0,"texture":"#0","tintindex":0},"north":{"uv":[2.25,7.75,2.25,8.0],"rotation":0,"texture":"#0","tintindex":0},"west":{"uv":[7.0,1.875,7.5,2.125],"rotation":0,"texture":"#0","tintindex":0},"up":{"uv":[1.0625,9.75,1.0625,9.25],"rotation":0,"texture":"#0","tintindex":0},"down":{"uv":[1.125,9.25,1.125,9.75],"rotation":0,"texture":"#0","tintindex":0}}},{"from":[10.17941,5.8754835,5.3885746],"to":[10.17941,8.161198,9.960003],"rotation":{"angle":22.5,"axis":"z","origin":[10.407981,7.646912,7.6742887]},"faces":{"east":{"uv":[7.0,2.5625,7.5,2.8125],"rotation":0,"texture":"#0","tintindex":0},"south":{"uv":[8.625,9.25,8.625,9.5],"rotation":0,"texture":"#0","tintindex":0},"north":{"uv":[8.5625,9.25,8.5625,9.5],"rotation":0,"texture":"#0","tintindex":0},"west":{"uv":[7.5,2.5625,7.0,2.8125],"rotation":0,"texture":"#0","tintindex":0},"up":{"uv":[8.6875,9.75,8.6875,9.25],"rotation":0,"texture":"#0","tintindex":0},"down":{"uv":[2.4375,9.3125,2.4375,9.8125],"rotation":0,"texture":"#0","tintindex":0}}},{"from":[6.0,8.03458,5.3885746],"to":[10.0,12.03458,11.10286],"rotation":{"angle":0.0,"axis":"y","origin":[8.0,9.548865,7.734985]},"faces":{"east":{"uv":[4.125,2.125,4.75,2.5625],"rotation":0,"texture":"#0","tintindex":0},"south":{"uv":[0.0,5.9375,0.4375,6.375],"rotation":0,"texture":"#0","tintindex":0},"north":{"uv":[3.625,5.875,4.0625,6.3125],"rotation":0,"texture":"#0","tintindex":0},"west":{"uv":[4.8125,2.125,5.4375,2.5625],"rotation":0,"texture":"#0","tintindex":0},"up":{"uv":[0.4375,5.875,0.0,5.25],"rotation":0,"texture":"#0","tintindex":0},"down":{"uv":[0.9375,5.25,0.5,5.875],"rotation":0,"texture":"#0","tintindex":0}}},{"from":[5.428571,13.280203,5.9364543],"to":[10.571428,13.280203,8.222169],"rotation":{"angle":-22.5,"axis":"x","origin":[7.428571,11.280202,8.793597]},"faces":{"east":{"uv":[5.5,2.5625,5.75,2.5625],"rotation":0,"texture":"#0","tintindex":0},"south":{"uv":[6.5625,4.75,7.125,4.75],"rotation":0,"texture":"#0","tintindex":0},"north":{"uv":[5.9375,0.5,6.5,0.5],"rotation":0,"texture":"#0","tintindex":0},"west":{"uv":[6.5625,2.125,6.8125,2.125],"rotation":0,"texture":"#0","tintindex":0},"up":{"uv":[7.125,4.5625,6.5625,4.3125],"rotation":0,"texture":"#0","tintindex":0},"down":{"uv":[7.1875,0.5,6.625,0.75],"rotation":0,"texture":"#0","tintindex":0}}},{"from":[5.428571,13.717531,7.1657495],"to":[10.571428,13.717531,9.451464],"rotation":{"angle":-45.0,"axis":"x","origin":[7.428571,13.717531,8.308606]},"faces":{"east":{"uv":[4.625,6.625,4.875,6.625],"rotation":0,"texture":"#0","tintindex":0},"south":{"uv":[7.6875,4.0625,8.25,4.0625],"rotation":0,"texture":"#0","tintindex":0},"north":{"uv":[7.5625,2.125,8.125,2.125],"rotation":0,"texture":"#0","tintindex":0},"west":{"uv":[3.6875,6.8125,3.9375,6.8125],"rotation":0,"texture":"#0","tintindex":0},"up":{"uv":[2.9375,6.875,2.375,6.625],"rotation":0,"texture":"#0","tintindex":0},"down":{"uv":[4.5625,6.625,4.0,6.875],"rotation":0,"texture":"#0","tintindex":0}}},{"from":[5.428571,13.39032,6.905624],"to":[10.571428,13.39032,9.191339],"rotation":{"angle":-45.0,"axis":"x","origin":[8.0,13.609018,9.14795]},"faces":{"east":{"uv":[3.6875,6.875,3.9375,6.875],"rotation":0,"texture":"#0","tintindex":0},"south":{"uv":[8.0,4.5625,8.5625,4.5625],"rotation":0,"texture":"#0","tintindex":0},"north":{"uv":[8.0,4.5,8.5625,4.5],"rotation":0,"texture":"#0","tintindex":0},"west":{"uv":[7.0,3.75,7.25,3.75],"rotation":0,"texture":"#0","tintindex":0},"up":{"uv":[0.5625,6.9375,0.0,6.6875],"rotation":0,"texture":"#0","tintindex":0},"down":{"uv":[1.1875,6.6875,0.625,6.9375],"rotation":0,"texture":"#0","tintindex":0}}},{"from":[5.428571,13.398464,9.770222],"to":[10.571428,15.684178,9.770222],"rotation":{"angle":22.5,"axis":"x","origin":[8.0,14.541321,9.770222]},"faces":{"east":{"uv":[9.3125,1.0625,9.3125,1.3125],"rotation":0,"texture":"#0","tintindex":0},"south":{"uv":[4.625,6.6875,5.1875,6.9375],"rotation":0,"texture":"#0","tintindex":0},"north":{"uv":[1.25,6.6875,1.8125,6.9375],"rotation":0,"texture":"#0","tintindex":0},"west":{"uv":[9.3125,2.4375,9.3125,2.6875],"rotation":0,"texture":"#0","tintindex":0},"up":{"uv":[9.8125,1.875,9.25,1.875],"rotation":0,"texture":"#0","tintindex":0},"down":{"uv":[9.8125,1.9375,9.25,1.9375],"rotation":0,"texture":"#0","tintindex":0}}},{"from":[5.9714284,8.320294,5.2885747],"to":[7.6857142,12.320294,5.2885747],"rotation":{"angle":0.0,"axis":"y","origin":[7.9714284,9.548865,7.634985]},"faces":{"east":{"uv":[2.5,9.3125,2.5,9.75],"rotation":0,"texture":"#0","tintindex":0},"south":{"uv":[5.5625,8.0625,5.75,8.5],"rotation":0,"texture":"#0","tintindex":0},"north":{"uv":[5.0,8.0625,5.1875,8.5],"rotation":0,"texture":"#0","tintindex":0},"west":{"uv":[2.5625,9.3125,2.5625,9.75],"rotation":0,"texture":"#0","tintindex":0},"up":{"uv":[5.3125,6.125,5.125,6.125],"rotation":0,"texture":"#0","tintindex":0},"down":{"uv":[7.125,4.25,6.9375,4.25],"rotation":0,"texture":"#0","tintindex":0}}},{"from":[2.5572147,8.891723,6.7027884],"to":[6.5572147,12.891723,6.7027884],"rotation":{"angle":45.0,"axis":"y","origin":[4.5572147,10.320294,6.7027884]},"faces":{"east":{"uv":[2.625,9.3125,2.625,9.75],"rotation":0,"texture":"#0","tintindex":0},"south":{"uv":[6.0,4.8125,6.4375,5.25],"rotation":0,"texture":"#0","tintindex":0},"north":{"uv":[0.5,5.9375,0.9375,6.375],"rotation":0,"texture":"#0","tintindex":0},"west":{"uv":[2.75,9.3125,2.75,9.75],"rotation":0,"texture":"#0","tintindex":0},"up":{"uv":[7.6875,0.75,7.25,0.75],"rotation":0,"texture":"#0","tintindex":0},"down":{"uv":[7.8125,5.75,7.375,5.75],"rotation":0,"texture":"#0","tintindex":0}}},{"from":[8.314285,8.320294,5.2885747],"to":[10.028572,12.320294,5.2885747],"rotation":{"angle":0.0,"axis":"y","origin":[8.028571,9.548865,7.634985]},"faces":{"east":{"uv":[2.8125,9.3125,2.8125,9.75],"rotation":0,"texture":"#0","tintindex":0},"south":{"uv":[7.0625,8.0625,7.25,8.5],"rotation":0,"texture":"#0","tintindex":0},"north":{"uv":[5.8125,8.0625,6.0,8.5],"rotation":0,"texture":"#0","tintindex":0},"west":{"uv":[2.875,9.3125,2.875,9.75],"rotation":0,"texture":"#0","tintindex":0},"up":{"uv":[7.1875,3.8125,7.0,3.8125],"rotation":0,"texture":"#0","tintindex":0},"down":{"uv":[7.75,2.0625,7.5625,2.0625],"rotation":0,"texture":"#0","tintindex":0}}},{"from":[9.442785,8.891723,6.7027884],"to":[13.442785,12.891723,6.7027884],"rotation":{"angle":-45.0,"axis":"y","origin":[11.442785,10.320294,6.7027884]},"faces":{"east":{"uv":[2.9375,9.3125,2.9375,9.75],"rotation":0,"texture":"#0","tintindex":0},"south":{"uv":[6.0625,1.6875,6.5,2.125],"rotation":0,"texture":"#0","tintindex":0},"north":{"uv":[6.0,5.3125,6.4375,5.75],"rotation":0,"texture":"#0","tintindex":0},"west":{"uv":[9.3125,3.0,9.3125,3.4375],"rotation":0,"texture":"#0","tintindex":0},"up":{"uv":[9.6875,4.0,9.25,4.0],"rotation":0,"texture":"#0","tintindex":0},"down":{"uv":[9.6875,4.0625,9.25,4.0625],"rotation":0,"texture":"#0","tintindex":0}}},{"from":[5.9714284,8.320294,5.3457174],"to":[7.6857142,12.320294,5.3457174],"rotation":{"angle":0.0,"axis":"y","origin":[7.9714284,9.548865,7.6921277]},"faces":{"east":{"uv":[4.1875,9.3125,4.1875,9.75],"rotation":0,"texture":"#0","tintindex":0},"south":{"uv":[7.9375,8.0625,7.75,8.5],"rotation":0,"texture":"#0","tintindex":0},"north":{"uv":[7.75,8.0625,7.9375,8.5],"rotation":0,"texture":"#0","tintindex":0},"west":{"uv":[4.25,9.3125,4.25,9.75],"rotation":0,"texture":"#0","tintindex":0},"up":{"uv":[8.0625,3.0,7.875,3.0],"rotation":0,"texture":"#0","tintindex":0},"down":{"uv":[8.4375,4.0,8.25,4.0],"rotation":0,"texture":"#0","tintindex":0}}},{"from":[8.314285,8.320294,5.3457174],"to":[10.028572,12.320294,5.3457174],"rotation":{"angle":0.0,"axis":"y","origin":[9.171429,10.320294,5.3457174]},"faces":{"east":{"uv":[4.3125,9.3125,4.3125,9.75],"rotation":0,"texture":"#0","tintindex":0},"south":{"uv":[8.3125,0.5625,8.125,1.0],"rotation":0,"texture":"#0","tintindex":0},"north":{"uv":[8.125,0.5625,8.3125,1.0],"rotation":0,"texture":"#0","tintindex":0},"west":{"uv":[4.375,9.3125,4.375,9.75],"rotation":0,"texture":"#0","tintindex":0},"up":{"uv":[8.5,5.625,8.3125,5.625],"rotation":0,"texture":"#0","tintindex":0},"down":{"uv":[8.5,7.625,8.3125,7.625],"rotation":0,"texture":"#0","tintindex":0}}},{"from":[6.542857,7.977437,5.2885747],"to":[6.8285713,11.291723,5.2885747],"rotation":{"angle":0.0,"axis":"y","origin":[7.9714284,9.548865,7.6921277]},"faces":{"east":{"uv":[4.5,9.3125,4.5,9.6875],"rotation":0,"texture":"#0","tintindex":0},"south":{"uv":[5.4375,1.6875,5.375,2.0625],"rotation":0,"texture":"#0","tintindex":0},"north":{"uv":[5.375,1.6875,5.4375,2.0625],"rotation":0,"texture":"#0","tintindex":0},"west":{"uv":[4.5625,9.3125,4.5625,9.6875],"rotation":0,"texture":"#0","tintindex":0},"up":{"uv":[2.5625,5.8125,2.5,5.8125],"rotation":0,"texture":"#0","tintindex":0},"down":{"uv":[3.5625,6.125,3.5,6.125],"rotation":0,"texture":"#0","tintindex":0}}},{"from":[9.171429,7.977437,5.2885747],"to":[9.457143,11.291723,5.2885747],"rotation":{"angle":0.0,"axis":"y","origin":[8.028571,9.548865,7.6921277]},"faces":{"east":{"uv":[4.625,9.3125,4.625,9.6875],"rotation":0,"texture":"#0","tintindex":0},"south":{"uv":[8.1875,3.0,8.125,3.375],"rotation":0,"texture":"#0","tintindex":0},"north":{"uv":[8.125,3.0,8.1875,3.375],"rotation":0,"texture":"#0","tintindex":0},"west":{"uv":[4.6875,9.3125,4.6875,9.6875],"rotation":0,"texture":"#0","tintindex":0},"up":{"uv":[3.5625,6.1875,3.5,6.1875],"rotation":0,"texture":"#0","tintindex":0},"down":{"uv":[3.5625,6.25,3.5,6.25],"rotation":0,"texture":"#0","tintindex":0}}},{"from":[5.9714284,8.320294,5.3457174],"to":[5.9714284,12.320294,7.0600033],"rotation":{"angle":0.0,"axis":"y","origin":[8.0,9.548865,7.734985]},"faces":{"east":{"uv":[2.0,8.125,1.8125,8.5625],"rotation":0,"texture":"#0","tintindex":0},"south":{"uv":[4.8125,9.3125,4.8125,9.75],"rotation":0,"texture":"#0","tintindex":0},"north":{"uv":[4.75,9.3125,4.75,9.75],"rotation":0,"texture":"#0","tintindex":0},"west":{"uv":[1.8125,8.125,2.0,8.5625],"rotation":0,"texture":"#0","tintindex":0},"up":{"uv":[4.0,6.5625,4.0,6.375],"rotation":0,"texture":"#0","tintindex":0},"down":{"uv":[4.0625,6.375,4.0625,6.5625],"rotation":0,"texture":"#0","tintindex":0}}},{"from":[10.028572,8.320294,5.3457174],"to":[10.028572,12.320294,7.0600033],"rotation":{"angle":0.0,"axis":"y","origin":[8.0,9.548865,7.734985]},"faces":{"east":{"uv":[3.0,8.125,3.1875,8.5625],"rotation":0,"texture":"#0","tintindex":0},"south":{"uv":[4.9375,9.3125,4.9375,9.75],"rotation":0,"texture":"#0","tintindex":0},"north":{"uv":[4.875,9.3125,4.875,9.75],"rotation":0,"texture":"#0","tintindex":0},"west":{"uv":[3.1875,8.125,3.0,8.5625],"rotation":0,"texture":"#0","tintindex":0},"up":{"uv":[0.875,6.625,0.875,6.4375],"rotation":0,"texture":"#0","tintindex":0},"down":{"uv":[0.9375,6.4375,0.9375,6.625],"rotation":0,"texture":"#0","tintindex":0}}},{"from":[6.8685713,9.322348,4.91258],"to":[9.131429,10.442348,6.6040087],"rotation":{"angle":-45.0,"axis":"x","origin":[8.0,9.825205,4.6154375]},"faces":{"east":{"uv":[9.25,6.8125,9.4375,6.9375],"rotation":0,"texture":"#0","tintindex":0},"south":{"uv":[9.25,5.625,9.5,5.75],"rotation":0,"texture":"#0","tintindex":0},"north":{"uv":[8.625,7.4375,8.875,7.5625],"rotation":0,"texture":"#0","tintindex":0},"west":{"uv":[9.25,8.0625,9.4375,8.1875],"rotation":0,"texture":"#0","tintindex":0},"up":{"uv":[9.0,3.8125,8.75,3.625],"rotation":0,"texture":"#0","tintindex":0},"down":{"uv":[9.0,5.4375,8.75,5.625],"rotation":0,"texture":"#0","tintindex":0}}},{"from":[6.862857,9.030918,2.7925801],"to":[9.137143,10.733776,6.209723],"rotation":{"angle":-22.5,"axis":"x","origin":[8.0,10.110919,4.67258]},"faces":{"east":{"uv":[3.0,8.625,3.375,8.8125],"rotation":0,"texture":"#0","tintindex":0},"south":{"uv":[1.3125,8.875,1.5625,9.0625],"rotation":0,"texture":"#0","tintindex":0},"north":{"uv":[8.875,0.5625,9.125,0.75],"rotation":0,"texture":"#0","tintindex":0},"west":{"uv":[3.4375,8.625,3.8125,8.8125],"rotation":0,"texture":"#0","tintindex":0},"up":{"uv":[5.5,8.125,5.25,7.75],"rotation":0,"texture":"#0","tintindex":0},"down":{"uv":[7.6875,7.75,7.4375,8.125],"rotation":0,"texture":"#0","tintindex":0}}},{"from":[6.857143,8.689814,2.789958],"to":[9.142858,9.261242,2.789958],"rotation":{"angle":-22.5,"axis":"x","origin":[8.0,10.118385,4.6756725]},"faces":{"east":{"uv":[3.375,6.625,3.375,6.6875],"rotation":0,"texture":"#0","tintindex":0},"south":{"uv":[3.375,6.8125,3.625,6.875],"rotation":0,"texture":"#0","tintindex":0},"north":{"uv":[6.625,0.8125,6.875,0.875],"rotation":0,"texture":"#0","tintindex":0},"west":{"uv":[3.4375,6.625,3.4375,6.6875],"rotation":0,"texture":"#0","tintindex":0},"up":{"uv":[9.5625,5.875,9.3125,5.875],"rotation":0,"texture":"#0","tintindex":0},"down":{"uv":[9.5625,5.9375,9.3125,5.9375],"rotation":0,"texture":"#0","tintindex":0}}},{"from":[7.1371427,8.205845,3.5712562],"to":[8.862857,9.36013,6.439828],"rotation":{"angle":0.0,"axis":"y","origin":[7.714286,8.782988,5.005542]},"faces":{"east":{"uv":[6.5625,3.875,6.875,4.0],"rotation":0,"texture":"#0","tintindex":0},"south":{"uv":[8.3125,9.25,8.5,9.375],"rotation":0,"texture":"#0","tintindex":0},"north":{"uv":[9.25,8.25,9.4375,8.375],"rotation":0,"texture":"#0","tintindex":0},"west":{"uv":[8.3125,2.0,8.625,2.125],"rotation":0,"texture":"#0","tintindex":0},"up":{"uv":[2.6875,9.0,2.5,8.6875],"rotation":0,"texture":"#0","tintindex":0},"down":{"uv":[5.4375,8.6875,5.25,9.0],"rotation":0,"texture":"#0","tintindex":0}}},{"from":[7.142857,7.65889,3.686903],"to":[8.857143,8.801747,6.5440464],"rotation":{"angle":-22.5,"axis":"x","origin":[8.0,8.230318,5.1154747]},"faces":{"east":{"uv":[9.0,2.0,9.3125,2.125],"rotation":0,"texture":"#0","tintindex":0},"south":{"uv":[9.25,9.1875,9.4375,9.3125],"rotation":0,"texture":"#0","tintindex":0},"north":{"uv":[9.25,9.0,9.4375,9.125],"rotation":0,"texture":"#0","tintindex":0},"west":{"uv":[9.0,7.625,9.3125,7.75],"rotation":0,"texture":"#0","tintindex":0},"up":{"uv":[8.9375,7.0,8.75,6.6875],"rotation":0,"texture":"#0","tintindex":0},"down":{"uv":[5.6875,8.8125,5.5,9.125],"rotation":0,"texture":"#0","tintindex":0}}},{"from":[7.142857,4.956977,3.5769706],"to":[8.857143,7.2426915,3.5769706],"rotation":{"angle":22.5,"axis":"x","origin":[8.0,6.099834,3.5769706]},"faces":{"east":{"uv":[5.4375,9.3125,5.4375,9.5625],"rotation":0,"texture":"#0","tintindex":0},"south":{"uv":[1.875,8.875,2.0625,9.125],"rotation":0,"texture":"#0","tintindex":0},"north":{"uv":[1.625,8.875,1.8125,9.125],"rotation":0,"texture":"#0","tintindex":0},"west":{"uv":[6.5,9.3125,6.5,9.5625],"rotation":0,"texture":"#0","tintindex":0},"up":{"uv":[9.5,6.0,9.3125,6.0],"rotation":0,"texture":"#0","tintindex":0},"down":{"uv":[7.0625,9.3125,6.875,9.3125],"rotation":0,"texture":"#0","tintindex":0}}}],"display":{"head":{"translation":[0.0,-6.4,0.0],"scale":[4.0,4.0,4.0]}}}