{"textures":{"0":"modelengine:entity/nocsy_drakonin8"},"elements":[{"from":[7.8615685,6.01961,6.9694037],"to":[9.575854,8.305325,10.969404],"rotation":{"angle":-22.5,"axis":"z","origin":[8.547283,7.1624675,10.055119]},"faces":{"east":{"uv":[7.3125,3.5625,7.75,3.8125],"rotation":0,"texture":"#0","tintindex":0},"south":{"uv":[6.0,8.8125,6.1875,9.0625],"rotation":0,"texture":"#0","tintindex":0},"north":{"uv":[5.75,8.8125,5.9375,9.0625],"rotation":0,"texture":"#0","tintindex":0},"west":{"uv":[7.375,5.125,7.8125,5.375],"rotation":0,"texture":"#0","tintindex":0},"up":{"uv":[5.4375,8.625,5.25,8.1875],"rotation":0,"texture":"#0","tintindex":0},"down":{"uv":[8.375,6.25,8.1875,6.6875],"rotation":0,"texture":"#0","tintindex":0}}},{"from":[8.572567,6.3101387,8.536425],"to":[10.058281,7.795853,11.736424],"rotation":{"angle":0.0,"axis":"y","origin":[9.460329,8.590262,11.47079]},"faces":{"east":{"uv":[8.3125,5.375,8.6875,5.5625],"rotation":0,"texture":"#0","tintindex":0},"south":{"uv":[9.125,8.5,9.3125,8.6875],"rotation":0,"texture":"#0","tintindex":0},"north":{"uv":[7.375,9.125,7.5625,9.3125],"rotation":0,"texture":"#0","tintindex":0},"west":{"uv":[8.3125,5.9375,8.6875,6.125],"rotation":0,"texture":"#0","tintindex":0},"up":{"uv":[5.4375,4.6875,5.25,4.3125],"rotation":0,"texture":"#0","tintindex":0},"down":{"uv":[4.4375,8.3125,4.25,8.6875],"rotation":0,"texture":"#0","tintindex":0}}},{"from":[8.579673,7.3486204,11.102186],"to":[10.065388,7.3486204,14.530758],"rotation":{"angle":0.0,"axis":"y","origin":[9.460329,8.590262,11.47079]},"faces":{"east":{"uv":[9.25,7.5,9.625,7.5],"rotation":0,"texture":"#0","tintindex":0},"south":{"uv":[0.0,8.4375,0.1875,8.4375],"rotation":0,"texture":"#0","tintindex":0},"north":{"uv":[8.3125,7.6875,8.5,7.6875],"rotation":0,"texture":"#0","tintindex":0},"west":{"uv":[9.25,7.5625,9.625,7.5625],"rotation":0,"texture":"#0","tintindex":0},"up":{"uv":[6.25,8.75,6.0625,8.375],"rotation":0,"texture":"#0","tintindex":0},"down":{"uv":[6.25,8.375,6.0625,8.75],"rotation":0,"texture":"#0","tintindex":0}}},{"from":[9.253204,6.549192,11.114368],"to":[9.253204,8.034906,14.54294],"rotation":{"angle":0.0,"axis":"y","origin":[9.460329,8.590262,11.47079]},"faces":{"east":{"uv":[8.25,8.375,8.625,8.5625],"rotation":0,"texture":"#0","tintindex":0},"south":{"uv":[8.25,7.25,8.25,7.4375],"rotation":0,"texture":"#0","tintindex":0},"north":{"uv":[6.25,7.6875,6.25,7.875],"rotation":0,"texture":"#0","tintindex":0},"west":{"uv":[8.625,8.375,8.25,8.5625],"rotation":0,"texture":"#0","tintindex":0},"up":{"uv":[5.0,9.6875,5.0,9.3125],"rotation":0,"texture":"#0","tintindex":0},"down":{"uv":[5.0625,9.3125,5.0625,9.6875],"rotation":0,"texture":"#0","tintindex":0}}},{"from":[6.0582814,5.167281,7.3364244],"to":[7.543996,6.6529956,10.536425],"rotation":{"angle":-22.5,"axis":"y","origin":[9.865507,5.467559,11.50021]},"faces":{"east":{"uv":[8.4375,6.4375,8.8125,6.625],"rotation":0,"texture":"#0","tintindex":0},"south":{"uv":[9.1875,0.8125,9.375,1.0],"rotation":0,"texture":"#0","tintindex":0},"north":{"uv":[9.1875,0.5625,9.375,0.75],"rotation":0,"texture":"#0","tintindex":0},"west":{"uv":[0.0,8.5,0.375,8.6875],"rotation":0,"texture":"#0","tintindex":0},"up":{"uv":[6.5,8.75,6.3125,8.375],"rotation":0,"texture":"#0","tintindex":0},"down":{"uv":[1.25,8.5,1.0625,8.875],"rotation":0,"texture":"#0","tintindex":0}}},{"from":[6.0653872,5.977192,9.902185],"to":[7.5511017,5.977192,13.330757],"rotation":{"angle":-22.5,"axis":"y","origin":[9.865507,5.467559,11.50021]},"faces":{"east":{"uv":[9.25,8.4375,9.625,8.4375],"rotation":0,"texture":"#0","tintindex":0},"south":{"uv":[9.0,2.75,9.1875,2.75],"rotation":0,"texture":"#0","tintindex":0},"north":{"uv":[2.1875,8.625,2.375,8.625],"rotation":0,"texture":"#0","tintindex":0},"west":{"uv":[9.3125,0.4375,9.6875,0.4375],"rotation":0,"texture":"#0","tintindex":0},"up":{"uv":[8.6875,3.8125,8.5,3.4375],"rotation":0,"texture":"#0","tintindex":0},"down":{"uv":[8.6875,3.4375,8.5,3.8125],"rotation":0,"texture":"#0","tintindex":0}}},{"from":[6.738919,5.177763,9.914369],"to":[6.738919,6.6634774,13.34294],"rotation":{"angle":-22.5,"axis":"y","origin":[9.865507,5.467559,11.50021]},"faces":{"east":{"uv":[8.5,1.0,8.875,1.1875],"rotation":0,"texture":"#0","tintindex":0},"south":{"uv":[0.5,8.5,0.5,8.6875],"rotation":0,"texture":"#0","tintindex":0},"north":{"uv":[0.4375,8.5,0.4375,8.6875],"rotation":0,"texture":"#0","tintindex":0},"west":{"uv":[8.875,1.0,8.5,1.1875],"rotation":0,"texture":"#0","tintindex":0},"up":{"uv":[5.125,9.6875,5.125,9.3125],"rotation":0,"texture":"#0","tintindex":0},"down":{"uv":[9.3125,5.125,9.3125,5.5],"rotation":0,"texture":"#0","tintindex":0}}}],"display":{"head":{"translation":[0.0,-6.4,0.0],"scale":[4.0,4.0,4.0]}}}