{"textures":{"0":"modelengine:entity/nocsy_drakonin8"},"elements":[{"from":[6.285714,5.121703,5.893651],"to":[8.571428,9.693131,9.893651],"rotation":{"angle":-22.5,"axis":"x","origin":[10.0,7.978846,8.750794]},"faces":{"east":{"uv":[5.5,4.8125,5.9375,5.3125],"rotation":0,"texture":"#0","tintindex":0},"south":{"uv":[4.625,7.0,4.875,7.5],"rotation":0,"texture":"#0","tintindex":0},"north":{"uv":[7.0,3.1875,7.25,3.6875],"rotation":0,"texture":"#0","tintindex":0},"west":{"uv":[5.5,5.375,5.9375,5.875],"rotation":0,"texture":"#0","tintindex":0},"up":{"uv":[7.6875,6.6875,7.4375,6.25],"rotation":0,"texture":"#0","tintindex":0},"down":{"uv":[7.6875,6.75,7.4375,7.1875],"rotation":0,"texture":"#0","tintindex":0}}}],"display":{"head":{"translation":[0.0,-6.4,0.0],"scale":[4.0,4.0,4.0]}}}