{"textures":{"0":"modelengine:entity/nocsy_drakonin8"},"elements":[{"from":[5.477821,6.3524675,5.5592756],"to":[7.203535,8.078182,7.8564186],"rotation":{"angle":22.5,"axis":"y","origin":[8.054964,7.215325,5.279276]},"faces":{"east":{"uv":[3.25,8.875,3.5,9.0625],"rotation":0,"texture":"#0","tintindex":0},"south":{"uv":[5.5,9.1875,5.6875,9.375],"rotation":0,"texture":"#0","tintindex":0},"north":{"uv":[9.1875,4.125,9.375,4.3125],"rotation":0,"texture":"#0","tintindex":0},"west":{"uv":[3.5625,8.875,3.8125,9.0625],"rotation":0,"texture":"#0","tintindex":0},"up":{"uv":[9.0625,6.375,8.875,6.125],"rotation":0,"texture":"#0","tintindex":0},"down":{"uv":[9.0625,8.5,8.875,8.75],"rotation":0,"texture":"#0","tintindex":0}}},{"from":[7.9338136,6.490466,9.798937],"to":[7.9338136,8.77618,12.65608],"rotation":{"angle":0.0,"axis":"y","origin":[8.219528,7.0618944,10.427509]},"faces":{"east":{"uv":[8.125,1.0625,8.4375,1.3125],"rotation":0,"texture":"#0","tintindex":0},"south":{"uv":[6.625,9.3125,6.625,9.5625],"rotation":0,"texture":"#0","tintindex":0},"north":{"uv":[6.5625,9.3125,6.5625,9.5625],"rotation":0,"texture":"#0","tintindex":0},"west":{"uv":[8.1875,7.75,8.5,8.0],"rotation":0,"texture":"#0","tintindex":0},"up":{"uv":[6.6875,9.625,6.6875,9.3125],"rotation":0,"texture":"#0","tintindex":0},"down":{"uv":[7.125,9.3125,7.125,9.625],"rotation":0,"texture":"#0","tintindex":0}}},{"from":[7.082385,6.3638964,9.090449],"to":[8.785242,8.066753,10.221878],"rotation":{"angle":0.0,"axis":"y","origin":[8.505242,7.215325,7.084735]},"faces":{"east":{"uv":[1.3125,7.25,1.4375,7.4375],"rotation":0,"texture":"#0","tintindex":0},"south":{"uv":[9.1875,7.0,9.375,7.1875],"rotation":0,"texture":"#0","tintindex":0},"north":{"uv":[9.1875,6.3125,9.375,6.5],"rotation":0,"texture":"#0","tintindex":0},"west":{"uv":[3.9375,7.75,4.0625,7.9375],"rotation":0,"texture":"#0","tintindex":0},"up":{"uv":[0.1875,9.4375,0.0,9.3125],"rotation":0,"texture":"#0","tintindex":0},"down":{"uv":[0.4375,9.3125,0.25,9.4375],"rotation":0,"texture":"#0","tintindex":0}}},{"from":[8.664092,6.3524675,5.5592756],"to":[10.389807,8.078182,7.8564186],"rotation":{"angle":-22.5,"axis":"y","origin":[7.812663,7.215325,5.279276]},"faces":{"east":{"uv":[8.875,6.4375,9.125,6.625],"rotation":0,"texture":"#0","tintindex":0},"south":{"uv":[9.1875,8.75,9.375,8.9375],"rotation":0,"texture":"#0","tintindex":0},"north":{"uv":[9.1875,7.8125,9.375,8.0],"rotation":0,"texture":"#0","tintindex":0},"west":{"uv":[8.875,8.8125,9.125,9.0],"rotation":0,"texture":"#0","tintindex":0},"up":{"uv":[9.125,1.0625,8.9375,0.8125],"rotation":0,"texture":"#0","tintindex":0},"down":{"uv":[1.125,8.9375,0.9375,9.1875],"rotation":0,"texture":"#0","tintindex":0}}},{"from":[7.1155205,6.346753,5.553561],"to":[8.852663,8.083896,7.862133],"rotation":{"angle":0.0,"axis":"y","origin":[6.384092,7.215325,5.279276]},"faces":{"east":{"uv":[3.875,8.9375,4.125,9.125],"rotation":0,"texture":"#0","tintindex":0},"south":{"uv":[0.75,9.25,0.9375,9.4375],"rotation":0,"texture":"#0","tintindex":0},"north":{"uv":[9.25,0.0,9.4375,0.1875],"rotation":0,"texture":"#0","tintindex":0},"west":{"uv":[8.9375,3.875,9.1875,4.0625],"rotation":0,"texture":"#0","tintindex":0},"up":{"uv":[9.125,4.5,8.9375,4.25],"rotation":0,"texture":"#0","tintindex":0},"down":{"uv":[9.125,7.0625,8.9375,7.3125],"rotation":0,"texture":"#0","tintindex":0}}},{"from":[8.02396,6.2591753,2.8337293],"to":[8.02396,8.544889,6.2623005],"rotation":{"angle":0.0,"axis":"y","origin":[7.6811028,5.859175,2.7194428]},"faces":{"east":{"uv":[7.75,7.75,8.125,8.0],"rotation":0,"texture":"#0","tintindex":0},"south":{"uv":[7.25,9.3125,7.25,9.5625],"rotation":0,"texture":"#0","tintindex":0},"north":{"uv":[7.1875,9.3125,7.1875,9.5625],"rotation":0,"texture":"#0","tintindex":0},"west":{"uv":[7.8125,3.4375,8.1875,3.6875],"rotation":0,"texture":"#0","tintindex":0},"up":{"uv":[7.3125,9.6875,7.3125,9.3125],"rotation":0,"texture":"#0","tintindex":0},"down":{"uv":[7.8125,9.3125,7.8125,9.6875],"rotation":0,"texture":"#0","tintindex":0}}},{"from":[6.0239596,6.2591753,2.8337293],"to":[6.0239596,8.544889,6.2623005],"rotation":{"angle":22.5,"axis":"y","origin":[8.138246,7.4020324,4.5480146]},"faces":{"east":{"uv":[7.8125,3.75,8.1875,4.0],"rotation":0,"texture":"#0","tintindex":0},"south":{"uv":[7.9375,9.3125,7.9375,9.5625],"rotation":0,"texture":"#0","tintindex":0},"north":{"uv":[7.875,9.3125,7.875,9.5625],"rotation":0,"texture":"#0","tintindex":0},"west":{"uv":[7.8125,4.75,8.1875,5.0],"rotation":0,"texture":"#0","tintindex":0},"up":{"uv":[8.0,9.6875,8.0,9.3125],"rotation":0,"texture":"#0","tintindex":0},"down":{"uv":[8.75,9.3125,8.75,9.6875],"rotation":0,"texture":"#0","tintindex":0}}},{"from":[10.02396,6.2591753,2.8337293],"to":[10.02396,8.544889,6.2623005],"rotation":{"angle":-22.5,"axis":"y","origin":[8.138246,7.4020324,4.5480146]},"faces":{"east":{"uv":[7.8125,7.1875,8.1875,7.4375],"rotation":0,"texture":"#0","tintindex":0},"south":{"uv":[8.875,9.3125,8.875,9.5625],"rotation":0,"texture":"#0","tintindex":0},"north":{"uv":[8.8125,9.3125,8.8125,9.5625],"rotation":0,"texture":"#0","tintindex":0},"west":{"uv":[7.875,0.0,8.25,0.25],"rotation":0,"texture":"#0","tintindex":0},"up":{"uv":[8.9375,9.6875,8.9375,9.3125],"rotation":0,"texture":"#0","tintindex":0},"down":{"uv":[9.0,9.3125,9.0,9.6875],"rotation":0,"texture":"#0","tintindex":0}}},{"from":[6.5052423,6.358182,6.570449],"to":[9.362385,8.643896,9.427592],"rotation":{"angle":0.0,"axis":"y","origin":[7.305242,11.386753,8.170449]},"faces":{"east":{"uv":[8.25,8.0625,8.5625,8.3125],"rotation":0,"texture":"#0","tintindex":0},"south":{"uv":[8.3125,0.0,8.625,0.25],"rotation":0,"texture":"#0","tintindex":0},"north":{"uv":[8.25,4.75,8.5625,5.0],"rotation":0,"texture":"#0","tintindex":0},"west":{"uv":[8.3125,1.375,8.625,1.625],"rotation":0,"texture":"#0","tintindex":0},"up":{"uv":[1.8125,8.0625,1.5,7.75],"rotation":0,"texture":"#0","tintindex":0},"down":{"uv":[2.1875,7.75,1.875,8.0625],"rotation":0,"texture":"#0","tintindex":0}}}],"display":{"head":{"translation":[0.0,-6.4,0.0],"scale":[4.0,4.0,4.0]}}}