{"textures":{"0":"modelengine:entity/nocsy_drakonin8"},"elements":[{"from":[7.428571,4.7771745,6.7942166],"to":[9.142858,8.777175,9.079931],"rotation":{"angle":22.5,"axis":"x","origin":[7.714286,8.662889,7.594217]},"faces":{"east":{"uv":[7.5,7.25,7.75,7.6875],"rotation":0,"texture":"#0","tintindex":0},"south":{"uv":[8.25,3.0,8.4375,3.4375],"rotation":0,"texture":"#0","tintindex":0},"north":{"uv":[0.8125,8.25,1.0,8.6875],"rotation":0,"texture":"#0","tintindex":0},"west":{"uv":[7.5625,1.5625,7.8125,2.0],"rotation":0,"texture":"#0","tintindex":0},"up":{"uv":[9.0625,2.4375,8.875,2.1875],"rotation":0,"texture":"#0","tintindex":0},"down":{"uv":[3.1875,8.875,3.0,9.125],"rotation":0,"texture":"#0","tintindex":0}}}],"display":{"head":{"translation":[0.0,-6.4,0.0],"scale":[4.0,4.0,4.0]}}}