{"textures":{"0":"modelengine:entity/nocsy_drakonin8"},"elements":[{"from":[7.081559,6.3689003,6.5714283],"to":[9.938702,9.226044,9.428572],"rotation":{"angle":0.0,"axis":"y","origin":[7.6529875,6.555906,6.7388253]},"faces":{"east":{"uv":[2.375,7.6875,2.6875,8.0],"rotation":0,"texture":"#0","tintindex":0},"south":{"uv":[2.75,7.6875,3.0625,8.0],"rotation":0,"texture":"#0","tintindex":0},"north":{"uv":[7.6875,0.375,8.0,0.6875],"rotation":0,"texture":"#0","tintindex":0},"west":{"uv":[4.125,7.6875,4.4375,8.0],"rotation":0,"texture":"#0","tintindex":0},"up":{"uv":[6.1875,8.0,5.875,7.6875],"rotation":0,"texture":"#0","tintindex":0},"down":{"uv":[7.375,7.6875,7.0625,8.0],"rotation":0,"texture":"#0","tintindex":0}}},{"from":[9.367273,6.9403286,7.0857143],"to":[16.795845,8.654614,8.8],"rotation":{"angle":0.0,"axis":"y","origin":[7.6529875,6.555906,6.7388253]},"faces":{"east":{"uv":[9.0625,5.8125,9.25,6.0],"rotation":0,"texture":"#0","tintindex":0},"south":{"uv":[6.5,5.9375,7.3125,6.125],"rotation":0,"texture":"#0","tintindex":0},"north":{"uv":[6.5,5.5625,7.3125,5.75],"rotation":0,"texture":"#0","tintindex":0},"west":{"uv":[6.5,9.0625,6.6875,9.25],"rotation":0,"texture":"#0","tintindex":0},"up":{"uv":[7.3125,6.375,6.5,6.1875],"rotation":0,"texture":"#0","tintindex":0},"down":{"uv":[7.3125,6.4375,6.5,6.625],"rotation":0,"texture":"#0","tintindex":0}}},{"from":[16.613888,6.946043,2.8344297],"to":[18.316744,8.6489,6.8230014],"rotation":{"angle":-45.0,"axis":"y","origin":[15.179602,7.797472,5.971573]},"faces":{"east":{"uv":[8.0625,0.3125,8.5,0.5],"rotation":0,"texture":"#0","tintindex":0},"south":{"uv":[9.0,9.0625,9.1875,9.25],"rotation":0,"texture":"#0","tintindex":0},"north":{"uv":[8.75,9.0625,8.9375,9.25],"rotation":0,"texture":"#0","tintindex":0},"west":{"uv":[2.25,8.0625,2.6875,8.25],"rotation":0,"texture":"#0","tintindex":0},"up":{"uv":[7.0,8.4375,6.8125,8.0],"rotation":0,"texture":"#0","tintindex":0},"down":{"uv":[2.9375,8.0625,2.75,8.5],"rotation":0,"texture":"#0","tintindex":0}}},{"from":[18.7406,6.9403286,1.7957988],"to":[20.454885,8.654614,5.7957993],"rotation":{"angle":-22.5,"axis":"y","origin":[19.597744,7.797472,3.7957993]},"faces":{"east":{"uv":[3.5,8.0625,3.9375,8.25],"rotation":0,"texture":"#0","tintindex":0},"south":{"uv":[9.125,2.1875,9.3125,2.375],"rotation":0,"texture":"#0","tintindex":0},"north":{"uv":[1.1875,9.125,1.375,9.3125],"rotation":0,"texture":"#0","tintindex":0},"west":{"uv":[4.0,8.0625,4.4375,8.25],"rotation":0,"texture":"#0","tintindex":0},"up":{"uv":[4.6875,8.5,4.5,8.0625],"rotation":0,"texture":"#0","tintindex":0},"down":{"uv":[4.9375,8.0625,4.75,8.5],"rotation":0,"texture":"#0","tintindex":0}}},{"from":[8.324392,7.8546147,-1.548172],"to":[20.324394,7.9689,21.8804],"rotation":{"angle":0.0,"axis":"y","origin":[21.181538,7.797472,4.451828]},"faces":{"east":{"uv":[8.8125,2.1875,6.25,2.25],"rotation":0,"texture":"#0","tintindex":0},"south":{"uv":[9.1875,5.6875,7.875,5.75],"rotation":0,"texture":"#0","tintindex":0},"north":{"uv":[9.1875,2.875,7.875,2.9375],"rotation":0,"texture":"#0","tintindex":0},"west":{"uv":[8.5625,5.8125,6.0,5.875],"rotation":0,"texture":"#0","tintindex":0},"up":{"uv":[0.0,5.1875,1.3125,2.625],"rotation":0,"texture":"#0","tintindex":0},"down":{"uv":[1.375,2.625,2.6875,5.1875],"rotation":0,"texture":"#0","tintindex":0}}}],"display":{"head":{"translation":[0.0,-6.4,0.0],"scale":[4.0,4.0,4.0]}}}