{"textures":{"0":"modelengine:entity/nocsy_drakonin8"},"elements":[{"from":[8.796465,6.3524675,5.5592756],"to":[10.522179,8.078182,7.8564186],"rotation":{"angle":-22.5,"axis":"y","origin":[7.945036,7.215325,5.279276]},"faces":{"east":{"uv":[8.9375,4.5625,9.1875,4.75],"rotation":0,"texture":"#0","tintindex":0},"south":{"uv":[9.25,1.625,9.4375,1.8125],"rotation":0,"texture":"#0","tintindex":0},"north":{"uv":[9.25,1.375,9.4375,1.5625],"rotation":0,"texture":"#0","tintindex":0},"west":{"uv":[8.9375,7.375,9.1875,7.5625],"rotation":0,"texture":"#0","tintindex":0},"up":{"uv":[8.6875,9.1875,8.5,8.9375],"rotation":0,"texture":"#0","tintindex":0},"down":{"uv":[9.1875,0.0,9.0,0.25],"rotation":0,"texture":"#0","tintindex":0}}},{"from":[8.066186,6.490466,9.798937],"to":[8.066186,8.77618,12.65608],"rotation":{"angle":0.0,"axis":"y","origin":[7.7804723,7.0618944,10.427509]},"faces":{"east":{"uv":[8.3125,1.6875,8.625,1.9375],"rotation":0,"texture":"#0","tintindex":0},"south":{"uv":[9.125,9.3125,9.125,9.5625],"rotation":0,"texture":"#0","tintindex":0},"north":{"uv":[9.0625,9.3125,9.0625,9.5625],"rotation":0,"texture":"#0","tintindex":0},"west":{"uv":[2.0625,8.3125,2.375,8.5625],"rotation":0,"texture":"#0","tintindex":0},"up":{"uv":[9.1875,9.625,9.1875,9.3125],"rotation":0,"texture":"#0","tintindex":0},"down":{"uv":[1.1875,9.375,1.1875,9.6875],"rotation":0,"texture":"#0","tintindex":0}}},{"from":[7.214758,6.3638964,9.090449],"to":[8.917615,8.066753,10.221878],"rotation":{"angle":0.0,"axis":"y","origin":[7.4947577,7.215325,7.084735]},"faces":{"east":{"uv":[6.0625,8.0625,6.1875,8.25],"rotation":0,"texture":"#0","tintindex":0},"south":{"uv":[2.1875,9.25,2.375,9.4375],"rotation":0,"texture":"#0","tintindex":0},"north":{"uv":[1.9375,9.25,2.125,9.4375],"rotation":0,"texture":"#0","tintindex":0},"west":{"uv":[7.5625,8.1875,7.6875,8.375],"rotation":0,"texture":"#0","tintindex":0},"up":{"uv":[9.5,0.375,9.3125,0.25],"rotation":0,"texture":"#0","tintindex":0},"down":{"uv":[0.6875,9.3125,0.5,9.4375],"rotation":0,"texture":"#0","tintindex":0}}},{"from":[5.6101937,6.3524675,5.5592756],"to":[7.335908,8.078182,7.8564186],"rotation":{"angle":22.5,"axis":"y","origin":[8.187337,7.215325,5.279276]},"faces":{"east":{"uv":[9.0,0.3125,9.25,0.5],"rotation":0,"texture":"#0","tintindex":0},"south":{"uv":[9.25,3.75,9.4375,3.9375],"rotation":0,"texture":"#0","tintindex":0},"north":{"uv":[9.25,2.75,9.4375,2.9375],"rotation":0,"texture":"#0","tintindex":0},"west":{"uv":[9.0,1.125,9.25,1.3125],"rotation":0,"texture":"#0","tintindex":0},"up":{"uv":[9.1875,1.625,9.0,1.375],"rotation":0,"texture":"#0","tintindex":0},"down":{"uv":[9.1875,1.6875,9.0,1.9375],"rotation":0,"texture":"#0","tintindex":0}}},{"from":[7.1473365,6.346753,5.553561],"to":[8.8844795,8.083896,7.862133],"rotation":{"angle":0.0,"axis":"y","origin":[9.615908,7.215325,5.279276]},"faces":{"east":{"uv":[2.125,9.0,2.375,9.1875],"rotation":0,"texture":"#0","tintindex":0},"south":{"uv":[9.25,4.625,9.4375,4.8125],"rotation":0,"texture":"#0","tintindex":0},"north":{"uv":[9.25,4.375,9.4375,4.5625],"rotation":0,"texture":"#0","tintindex":0},"west":{"uv":[9.0,2.5,9.25,2.6875],"rotation":0,"texture":"#0","tintindex":0},"up":{"uv":[2.9375,9.25,2.75,9.0],"rotation":0,"texture":"#0","tintindex":0},"down":{"uv":[4.6875,9.0,4.5,9.25],"rotation":0,"texture":"#0","tintindex":0}}},{"from":[7.9760404,6.2591753,2.8337293],"to":[7.9760404,8.544889,6.2623005],"rotation":{"angle":0.0,"axis":"y","origin":[8.318897,5.859175,2.7194428]},"faces":{"east":{"uv":[7.875,1.5,8.25,1.75],"rotation":0,"texture":"#0","tintindex":0},"south":{"uv":[1.25,9.375,1.25,9.625],"rotation":0,"texture":"#0","tintindex":0},"north":{"uv":[9.375,1.0625,9.375,1.3125],"rotation":0,"texture":"#0","tintindex":0},"west":{"uv":[7.875,1.8125,8.25,2.0625],"rotation":0,"texture":"#0","tintindex":0},"up":{"uv":[1.3125,9.75,1.3125,9.375],"rotation":0,"texture":"#0","tintindex":0},"down":{"uv":[1.375,9.375,1.375,9.75],"rotation":0,"texture":"#0","tintindex":0}}},{"from":[9.97604,6.2591753,2.8337293],"to":[9.97604,8.544889,6.2623005],"rotation":{"angle":-22.5,"axis":"y","origin":[7.8617544,7.4020324,4.5480146]},"faces":{"east":{"uv":[7.875,2.5625,8.25,2.8125],"rotation":0,"texture":"#0","tintindex":0},"south":{"uv":[9.375,2.3125,9.375,2.5625],"rotation":0,"texture":"#0","tintindex":0},"north":{"uv":[9.375,2.0,9.375,2.25],"rotation":0,"texture":"#0","tintindex":0},"west":{"uv":[7.875,5.0625,8.25,5.3125],"rotation":0,"texture":"#0","tintindex":0},"up":{"uv":[9.375,3.375,9.375,3.0],"rotation":0,"texture":"#0","tintindex":0},"down":{"uv":[3.25,9.375,3.25,9.75],"rotation":0,"texture":"#0","tintindex":0}}},{"from":[5.97604,6.2591753,2.8337293],"to":[5.97604,8.544889,6.2623005],"rotation":{"angle":22.5,"axis":"y","origin":[7.8617544,7.4020324,4.5480146]},"faces":{"east":{"uv":[7.875,5.375,8.25,5.625],"rotation":0,"texture":"#0","tintindex":0},"south":{"uv":[3.375,9.375,3.375,9.625],"rotation":0,"texture":"#0","tintindex":0},"north":{"uv":[3.3125,9.375,3.3125,9.625],"rotation":0,"texture":"#0","tintindex":0},"west":{"uv":[7.875,5.9375,8.25,6.1875],"rotation":0,"texture":"#0","tintindex":0},"up":{"uv":[3.4375,9.75,3.4375,9.375],"rotation":0,"texture":"#0","tintindex":0},"down":{"uv":[3.5,9.375,3.5,9.75],"rotation":0,"texture":"#0","tintindex":0}}},{"from":[6.6376147,6.358182,6.570449],"to":[9.494758,8.643896,9.427592],"rotation":{"angle":0.0,"axis":"y","origin":[8.694757,11.386753,8.170449]},"faces":{"east":{"uv":[3.5,8.3125,3.8125,8.5625],"rotation":0,"texture":"#0","tintindex":0},"south":{"uv":[3.875,8.3125,4.1875,8.5625],"rotation":0,"texture":"#0","tintindex":0},"north":{"uv":[8.3125,2.5625,8.625,2.8125],"rotation":0,"texture":"#0","tintindex":0},"west":{"uv":[8.3125,5.0625,8.625,5.3125],"rotation":0,"texture":"#0","tintindex":0},"up":{"uv":[8.0625,3.375,7.75,3.0625],"rotation":0,"texture":"#0","tintindex":0},"down":{"uv":[3.4375,7.75,3.125,8.0625],"rotation":0,"texture":"#0","tintindex":0}}}],"display":{"head":{"translation":[0.0,-6.4,0.0],"scale":[4.0,4.0,4.0]}}}