{"textures":{"0":"modelengine:entity/nocsy_drakonin8"},"elements":[{"from":[7.428571,5.121703,5.893651],"to":[9.714286,9.693131,9.893651],"rotation":{"angle":-22.5,"axis":"x","origin":[6.0,7.978846,8.750794]},"faces":{"east":{"uv":[4.375,5.5625,4.8125,6.0625],"rotation":0,"texture":"#0","tintindex":0},"south":{"uv":[2.875,7.125,3.125,7.625],"rotation":0,"texture":"#0","tintindex":0},"north":{"uv":[4.9375,7.0,5.1875,7.5],"rotation":0,"texture":"#0","tintindex":0},"west":{"uv":[4.875,5.5625,5.3125,6.0625],"rotation":0,"texture":"#0","tintindex":0},"up":{"uv":[7.8125,3.0,7.5625,2.5625],"rotation":0,"texture":"#0","tintindex":0},"down":{"uv":[4.875,7.5625,4.625,8.0],"rotation":0,"texture":"#0","tintindex":0}}}],"display":{"head":{"translation":[0.0,-6.4,0.0],"scale":[4.0,4.0,4.0]}}}