{"textures":{"0":"modelengine:entity/nocsy_drakonin8"},"elements":[{"from":[6.0,6.5714283,6.857143],"to":[9.428572,9.428572,9.714286],"rotation":{"angle":0.0,"axis":"y","origin":[7.257143,8.0,9.542857]},"faces":{"east":{"uv":[7.75,0.75,8.0625,1.0625],"rotation":0,"texture":"#0","tintindex":0},"south":{"uv":[7.25,0.375,7.625,0.6875],"rotation":0,"texture":"#0","tintindex":0},"north":{"uv":[0.0,7.25,0.375,7.5625],"rotation":0,"texture":"#0","tintindex":0},"west":{"uv":[7.75,1.125,8.0625,1.4375],"rotation":0,"texture":"#0","tintindex":0},"up":{"uv":[0.8125,7.5625,0.4375,7.25],"rotation":0,"texture":"#0","tintindex":0},"down":{"uv":[1.25,7.25,0.875,7.5625],"rotation":0,"texture":"#0","tintindex":0}}},{"from":[7.640336,6.5657144,6.035991],"to":[9.937479,8.862857,8.333134],"rotation":{"angle":-22.5,"axis":"y","origin":[8.788907,8.0,7.1845627]},"faces":{"east":{"uv":[7.25,8.6875,7.5,8.9375],"rotation":0,"texture":"#0","tintindex":0},"south":{"uv":[8.6875,8.1875,8.9375,8.4375],"rotation":0,"texture":"#0","tintindex":0},"north":{"uv":[8.6875,4.8125,8.9375,5.0625],"rotation":0,"texture":"#0","tintindex":0},"west":{"uv":[0.0,8.75,0.25,9.0],"rotation":0,"texture":"#0","tintindex":0},"up":{"uv":[0.5625,9.0,0.3125,8.75],"rotation":0,"texture":"#0","tintindex":0},"down":{"uv":[0.875,8.75,0.625,9.0],"rotation":0,"texture":"#0","tintindex":0}}},{"from":[3.1527505,6.5657144,16.778849],"to":[5.449894,8.862857,19.075993],"rotation":{"angle":22.5,"axis":"y","origin":[-20.898678,8.0,7.1845627]},"faces":{"east":{"uv":[8.75,3.3125,9.0,3.5625],"rotation":0,"texture":"#0","tintindex":0},"south":{"uv":[4.1875,8.75,4.4375,9.0],"rotation":0,"texture":"#0","tintindex":0},"north":{"uv":[8.75,3.0,9.0,3.25],"rotation":0,"texture":"#0","tintindex":0},"west":{"uv":[8.75,5.125,9.0,5.375],"rotation":0,"texture":"#0","tintindex":0},"up":{"uv":[9.0,6.0625,8.75,5.8125],"rotation":0,"texture":"#0","tintindex":0},"down":{"uv":[6.8125,8.75,6.5625,9.0],"rotation":0,"texture":"#0","tintindex":0}}},{"from":[4.3013225,6.5714283,13.355991],"to":[4.3013225,9.428572,19.641705],"rotation":{"angle":22.5,"axis":"y","origin":[-20.898678,8.0,7.1845627]},"faces":{"east":{"uv":[5.8125,2.9375,6.5,3.25],"rotation":0,"texture":"#0","tintindex":0},"south":{"uv":[5.5,8.1875,5.5,8.5],"rotation":0,"texture":"#0","tintindex":0},"north":{"uv":[4.5625,7.6875,4.5625,8.0],"rotation":0,"texture":"#0","tintindex":0},"west":{"uv":[5.8125,3.3125,6.5,3.625],"rotation":0,"texture":"#0","tintindex":0},"up":{"uv":[7.75,9.8125,7.75,9.125],"rotation":0,"texture":"#0","tintindex":0},"down":{"uv":[4.0,9.1875,4.0,9.875],"rotation":0,"texture":"#0","tintindex":0}}},{"from":[8.731765,6.5714283,3.0702767],"to":[8.731765,9.428572,9.355991],"rotation":{"angle":-22.5,"axis":"y","origin":[8.788907,8.0,7.1845627]},"faces":{"east":{"uv":[5.8125,3.6875,6.5,4.0],"rotation":0,"texture":"#0","tintindex":0},"south":{"uv":[4.0625,9.1875,4.0625,9.5],"rotation":0,"texture":"#0","tintindex":0},"north":{"uv":[8.1875,6.75,8.1875,7.0625],"rotation":0,"texture":"#0","tintindex":0},"west":{"uv":[5.875,0.5625,6.5625,0.875],"rotation":0,"texture":"#0","tintindex":0},"up":{"uv":[4.125,9.875,4.125,9.1875],"rotation":0,"texture":"#0","tintindex":0},"down":{"uv":[1.0,9.25,1.0,9.9375],"rotation":0,"texture":"#0","tintindex":0}}}],"display":{"head":{"translation":[0.0,-6.4,0.0],"scale":[4.0,4.0,4.0]}}}