{"textures":{"1":"modelengine:entity/duck_crumb"},"elements":[{"from":[7.142857,7.714286,7.142857],"to":[8.857143,8.285714,8.857143],"rotation":{"angle":0.0,"axis":"y","origin":[8.285714,7.714286,10.0]},"faces":{"east":{"uv":[4.0,2.0,7.0,3.0],"rotation":0,"texture":"#1","tintindex":0},"south":{"uv":[4.0,4.0,7.0,5.0],"rotation":0,"texture":"#1","tintindex":0},"north":{"uv":[4.0,0.0,7.0,1.0],"rotation":0,"texture":"#1","tintindex":0},"west":{"uv":[4.0,6.0,7.0,7.0],"rotation":0,"texture":"#1","tintindex":0},"up":{"uv":[3.0,3.0,0.0,0.0],"rotation":0,"texture":"#1","tintindex":0},"down":{"uv":[3.0,4.0,0.0,7.0],"rotation":0,"texture":"#1","tintindex":0}}}],"display":{"head":{"translation":[0.0,-6.4,0.0],"scale":[4.0,4.0,4.0]}}}