{"textures":{"0":"modelengine:entity/duck_white"},"elements":[{"from":[6.285714,7.708401,5.7142053],"to":[9.714286,10.565544,9.1427765],"rotation":{"angle":0.0,"axis":"y","origin":[7.714286,9.708402,7.1427765]},"faces":{"east":{"uv":[0.0,6.0,1.5,7.25],"rotation":0,"texture":"#0","tintindex":0},"south":{"uv":[6.0,0.0,7.5,1.25],"rotation":0,"texture":"#0","tintindex":0},"north":{"uv":[5.5,4.75,7.0,6.0],"rotation":0,"texture":"#0","tintindex":0},"west":{"uv":[1.75,6.0,3.25,7.25],"rotation":0,"texture":"#0","tintindex":0},"up":{"uv":[3.5,5.75,2.0,4.25],"rotation":0,"texture":"#0","tintindex":0},"down":{"uv":[5.25,4.25,3.75,5.75],"rotation":0,"texture":"#0","tintindex":0}}},{"from":[6.857143,8.288656,3.714326],"to":[9.142858,8.8600855,6.00004],"rotation":{"angle":0.0,"axis":"y","origin":[8.571428,7.0457993,12.700041]},"faces":{"east":{"uv":[9.0,5.25,10.0,5.5],"rotation":0,"texture":"#0","tintindex":0},"south":{"uv":[9.25,2.5,10.25,2.75],"rotation":0,"texture":"#0","tintindex":0},"north":{"uv":[9.0,4.75,10.0,5.0],"rotation":0,"texture":"#0","tintindex":0},"west":{"uv":[9.25,3.0,10.25,3.25],"rotation":0,"texture":"#0","tintindex":0},"up":{"uv":[9.25,9.5,8.25,8.5],"rotation":0,"texture":"#0","tintindex":0},"down":{"uv":[1.0,8.75,0.0,9.75],"rotation":0,"texture":"#0","tintindex":0}}}],"display":{"head":{"translation":[0.0,-6.4,0.0],"scale":[4.0,4.0,4.0]}}}