{"textures":{"0":"modelengine:entity/duck_white"},"elements":[{"from":[7.5714283,6.285714,7.428571],"to":[8.142858,8.571428,10.857143],"rotation":{"angle":0.0,"axis":"y","origin":[4.714286,8.0,12.285715]},"faces":{"east":{"uv":[8.5,1.5,7.0,2.5],"rotation":0,"texture":"#0","tintindex":0},"south":{"uv":[6.25,9.0,6.0,10.0],"rotation":0,"texture":"#0","tintindex":0},"north":{"uv":[5.75,9.0,5.5,10.0],"rotation":0,"texture":"#0","tintindex":0},"west":{"uv":[7.0,1.5,8.5,2.5],"rotation":0,"texture":"#0","tintindex":0},"up":{"uv":[6.5,10.25,6.75,8.75],"rotation":0,"texture":"#0","tintindex":0},"down":{"uv":[7.0,8.75,7.25,10.25],"rotation":0,"texture":"#0","tintindex":0}}},{"from":[8.142858,6.285714,10.857143],"to":[8.142858,8.571428,14.285715],"rotation":{"angle":0.0,"axis":"y","origin":[4.714286,8.0,12.285715]},"faces":{"east":{"uv":[1.5,7.5,0.0,8.5],"rotation":0,"texture":"#0","tintindex":0},"south":{"uv":[4.75,9.5,4.75,10.5],"rotation":0,"texture":"#0","tintindex":0},"north":{"uv":[8.0,8.75,8.0,9.75],"rotation":0,"texture":"#0","tintindex":0},"west":{"uv":[0.0,7.5,1.5,8.5],"rotation":0,"texture":"#0","tintindex":0},"up":{"uv":[9.75,8.0,9.75,6.5],"rotation":0,"texture":"#0","tintindex":0},"down":{"uv":[8.25,9.75,8.25,11.25],"rotation":0,"texture":"#0","tintindex":0}}}],"display":{"head":{"translation":[0.0,-6.4,0.0],"scale":[4.0,4.0,4.0]}}}