{"textures":{"0":"modelengine:entity/squirrel_brown"},"elements":[{"from":[7.714286,6.372589,7.757282],"to":[8.285714,8.086875,8.900139],"rotation":{"angle":22.5,"axis":"x","origin":[9.142858,8.765883,8.542744]},"faces":{"east":{"uv":[11.5,2.5,12.5,4.0],"rotation":0,"texture":"#0","tintindex":0},"south":{"uv":[4.0,14.0,4.5,15.5],"rotation":0,"texture":"#0","tintindex":0},"north":{"uv":[1.5,10.0,2.0,11.5],"rotation":0,"texture":"#0","tintindex":0},"west":{"uv":[11.5,4.5,12.5,6.0],"rotation":0,"texture":"#0","tintindex":0},"up":{"uv":[0.5,15.5,0.0,14.5],"rotation":0,"texture":"#0","tintindex":0},"down":{"uv":[15.0,0.0,14.5,1.0],"rotation":0,"texture":"#0","tintindex":0}}}],"display":{"head":{"translation":[0.0,-6.4,0.0],"scale":[4.0,4.0,4.0]}}}