{"textures":{"0":"modelengine:entity/squirrel_brown"},"elements":[{"from":[7.428571,7.3900623,7.3261895],"to":[8.571428,9.104348,9.040476],"rotation":{"angle":22.5,"axis":"x","origin":[6.857143,8.543047,6.8962092]},"faces":{"east":{"uv":[9.0,6.0,7.5,7.5],"rotation":0,"texture":"#0","tintindex":0},"south":{"uv":[4.0,12.0,3.0,13.5],"rotation":0,"texture":"#0","tintindex":0},"north":{"uv":[2.5,12.0,1.5,13.5],"rotation":0,"texture":"#0","tintindex":0},"west":{"uv":[6.5,7.5,5.0,9.0],"rotation":0,"texture":"#0","tintindex":0},"up":{"uv":[4.5,13.5,5.5,12.0],"rotation":0,"texture":"#0","tintindex":0},"down":{"uv":[0.0,12.5,1.0,14.0],"rotation":0,"texture":"#0","tintindex":0}}}],"display":{"head":{"translation":[0.0,-6.4,0.0],"scale":[4.0,4.0,4.0]}}}