{"textures":{"0":"modelengine:entity/squirrel_brown"},"elements":[{"from":[7.428571,8.376284,7.3607125],"to":[8.571428,10.661998,8.50357],"rotation":{"angle":22.5,"axis":"x","origin":[8.0,8.459915,6.614204]},"faces":{"east":{"uv":[4.0,9.5,5.0,11.5],"rotation":0,"texture":"#0","tintindex":0},"south":{"uv":[5.5,9.5,6.5,11.5],"rotation":0,"texture":"#0","tintindex":0},"north":{"uv":[2.5,9.5,3.5,11.5],"rotation":0,"texture":"#0","tintindex":0},"west":{"uv":[0.0,10.0,1.0,12.0],"rotation":0,"texture":"#0","tintindex":0},"up":{"uv":[11.5,14.0,10.5,13.0],"rotation":0,"texture":"#0","tintindex":0},"down":{"uv":[13.0,13.0,12.0,14.0],"rotation":0,"texture":"#0","tintindex":0}}},{"from":[7.4214287,6.3272176,8.93434],"to":[8.578571,8.612932,11.220055],"rotation":{"angle":-45.0,"axis":"x","origin":[8.007143,8.459915,6.614204]},"faces":{"east":{"uv":[5.0,5.0,7.0,7.0],"rotation":0,"texture":"#0","tintindex":0},"south":{"uv":[10.0,2.5,11.0,4.5],"rotation":0,"texture":"#0","tintindex":0},"north":{"uv":[10.0,0.0,11.0,2.0],"rotation":0,"texture":"#0","tintindex":0},"west":{"uv":[0.0,7.5,2.0,9.5],"rotation":0,"texture":"#0","tintindex":0},"up":{"uv":[11.0,7.0,10.0,5.0],"rotation":0,"texture":"#0","tintindex":0},"down":{"uv":[8.0,10.0,7.0,12.0],"rotation":0,"texture":"#0","tintindex":0}}}],"display":{"head":{"translation":[0.0,-6.4,0.0],"scale":[4.0,4.0,4.0]}}}