{"textures":{"0":"modelengine:entity/nocsy_drakonin_egg"},"elements":[{"from":[2.5714283,7.2584796,2.5714283],"to":[13.428572,7.2584796,13.428572],"rotation":{"angle":-45.0,"axis":"y","origin":[8.0,7.2584796,8.0]},"faces":{"east":{"uv":[8.0,3.375,10.375,3.375],"rotation":0,"texture":"#0","tintindex":0},"south":{"uv":[8.5,7.5,10.875,7.5],"rotation":0,"texture":"#0","tintindex":0},"north":{"uv":[8.0,3.25,10.375,3.25],"rotation":0,"texture":"#0","tintindex":0},"west":{"uv":[8.5,7.625,10.875,7.625],"rotation":0,"texture":"#0","tintindex":0},"up":{"uv":[2.375,2.375,0.0,0.0],"rotation":0,"texture":"#0","tintindex":0},"down":{"uv":[2.375,0.0,0.0,2.375],"rotation":0,"texture":"#0","tintindex":0}}},{"from":[3.142857,7.201337,10.571428],"to":[12.857143,7.201337,15.714286],"rotation":{"angle":-22.5,"axis":"x","origin":[5.428571,7.201337,10.571428]},"faces":{"east":{"uv":[8.5,7.875,9.625,7.875],"rotation":0,"texture":"#0","tintindex":0},"south":{"uv":[8.5,8.0,10.625,8.0],"rotation":0,"texture":"#0","tintindex":0},"north":{"uv":[8.5,7.75,10.625,7.75],"rotation":0,"texture":"#0","tintindex":0},"west":{"uv":[8.5,8.125,9.625,8.125],"rotation":0,"texture":"#0","tintindex":0},"up":{"uv":[4.625,1.125,2.5,0.0],"rotation":0,"texture":"#0","tintindex":0},"down":{"uv":[4.625,0.0,2.5,1.125],"rotation":0,"texture":"#0","tintindex":0}}},{"from":[3.142857,7.201337,0.28571415],"to":[12.857143,7.201337,5.428571],"rotation":{"angle":22.5,"axis":"x","origin":[5.428571,7.201337,5.428571]},"faces":{"east":{"uv":[9.625,7.875,8.5,7.875],"rotation":0,"texture":"#0","tintindex":0},"south":{"uv":[10.625,7.75,8.5,7.75],"rotation":0,"texture":"#0","tintindex":0},"north":{"uv":[10.625,8.0,8.5,8.0],"rotation":0,"texture":"#0","tintindex":0},"west":{"uv":[9.625,8.125,8.5,8.125],"rotation":0,"texture":"#0","tintindex":0},"up":{"uv":[4.625,0.0,2.5,1.125],"rotation":0,"texture":"#0","tintindex":0},"down":{"uv":[4.625,1.125,2.5,0.0],"rotation":0,"texture":"#0","tintindex":0}}},{"from":[0.28571415,7.201337,3.142857],"to":[5.428571,7.201337,12.857143],"rotation":{"angle":-22.5,"axis":"z","origin":[5.428571,7.201337,5.428571]},"faces":{"east":{"uv":[8.5,7.75,10.625,7.75],"rotation":0,"texture":"#0","tintindex":0},"south":{"uv":[8.5,7.875,9.625,7.875],"rotation":0,"texture":"#0","tintindex":0},"north":{"uv":[8.5,8.125,9.625,8.125],"rotation":0,"texture":"#0","tintindex":0},"west":{"uv":[8.5,8.0,10.625,8.0],"rotation":0,"texture":"#0","tintindex":0},"up":{"uv":[4.625,1.125,2.5,0.0],"rotation":90,"texture":"#0","tintindex":0},"down":{"uv":[4.625,0.0,2.5,1.125],"rotation":270,"texture":"#0","tintindex":0}}},{"from":[10.571428,7.201337,3.142857],"to":[15.714286,7.201337,12.857143],"rotation":{"angle":22.5,"axis":"z","origin":[10.571428,7.201337,5.428571]},"faces":{"east":{"uv":[10.625,8.0,8.5,8.0],"rotation":0,"texture":"#0","tintindex":0},"south":{"uv":[9.625,7.875,8.5,7.875],"rotation":0,"texture":"#0","tintindex":0},"north":{"uv":[9.625,8.125,8.5,8.125],"rotation":0,"texture":"#0","tintindex":0},"west":{"uv":[10.625,7.75,8.5,7.75],"rotation":0,"texture":"#0","tintindex":0},"up":{"uv":[4.625,0.0,2.5,1.125],"rotation":90,"texture":"#0","tintindex":0},"down":{"uv":[4.625,1.125,2.5,0.0],"rotation":270,"texture":"#0","tintindex":0}}}],"display":{"head":{"translation":[0.0,-6.4,0.0],"scale":[4.0,4.0,4.0]}}}