{"textures":{"0":"modelengine:entity/nocsy_drakonin_baby8"},"elements":[{"from":[7.0857143,8.151183,7.594853],"to":[8.914286,10.585469,10.269138],"rotation":{"angle":0.0,"axis":"y","origin":[7.234286,9.047367,8.844574]},"faces":{"east":{"uv":[0.0,7.125,0.5,7.625],"rotation":0,"texture":"#0","tintindex":0},"south":{"uv":[6.25,3.75,6.625,4.25],"rotation":0,"texture":"#0","tintindex":0},"north":{"uv":[5.5,4.375,5.875,4.875],"rotation":0,"texture":"#0","tintindex":0},"west":{"uv":[0.625,7.125,1.125,7.625],"rotation":0,"texture":"#0","tintindex":0},"up":{"uv":[6.125,8.375,5.75,7.875],"rotation":0,"texture":"#0","tintindex":0},"down":{"uv":[3.75,8.125,3.375,8.625],"rotation":0,"texture":"#0","tintindex":0}}},{"from":[7.1485715,9.534488,7.4850464],"to":[8.851429,11.808773,9.759332],"rotation":{"angle":-22.5,"axis":"x","origin":[8.139543,10.821501,8.789421]},"faces":{"east":{"uv":[1.25,7.125,1.75,7.625],"rotation":0,"texture":"#0","tintindex":0},"south":{"uv":[6.25,8.125,6.625,8.625],"rotation":0,"texture":"#0","tintindex":0},"north":{"uv":[8.125,4.75,8.5,5.25],"rotation":0,"texture":"#0","tintindex":0},"west":{"uv":[7.25,3.75,7.75,4.25],"rotation":0,"texture":"#0","tintindex":0},"up":{"uv":[7.125,8.625,6.75,8.125],"rotation":0,"texture":"#0","tintindex":0},"down":{"uv":[7.625,8.125,7.25,8.625],"rotation":0,"texture":"#0","tintindex":0}}}],"display":{"head":{"translation":[0.0,-6.4,0.0],"scale":[4.0,4.0,4.0]}}}