{"textures":{"0":"modelengine:entity/nocsy_drakonin_baby8"},"elements":[{"from":[7.0835,6.4026194,6.32434],"to":[8.797786,8.116905,8.610054],"rotation":{"angle":0.0,"axis":"y","origin":[8.4480715,9.319191,7.938054]},"faces":{"east":{"uv":[8.75,1.125,9.25,1.5],"rotation":0,"texture":"#0","tintindex":0},"south":{"uv":[9.375,1.0,9.75,1.375],"rotation":0,"texture":"#0","tintindex":0},"north":{"uv":[0.0,9.375,0.375,9.75],"rotation":0,"texture":"#0","tintindex":0},"west":{"uv":[6.25,8.75,6.75,9.125],"rotation":0,"texture":"#0","tintindex":0},"up":{"uv":[9.125,7.125,8.75,6.625],"rotation":0,"texture":"#0","tintindex":0},"down":{"uv":[7.25,8.75,6.875,9.25],"rotation":0,"texture":"#0","tintindex":0}}},{"from":[7.089214,5.9552517,6.2810335],"to":[8.792071,6.5152516,6.8410335],"rotation":{"angle":45.0,"axis":"x","origin":[7.9406424,6.80668,7.132462]},"faces":{"east":{"uv":[9.125,9.625,9.25,9.75],"rotation":0,"texture":"#0","tintindex":0},"south":{"uv":[10.625,1.375,11.0,1.5],"rotation":0,"texture":"#0","tintindex":0},"north":{"uv":[0.75,10.625,1.125,10.75],"rotation":0,"texture":"#0","tintindex":0},"west":{"uv":[0.875,10.0,1.0,10.125],"rotation":0,"texture":"#0","tintindex":0},"up":{"uv":[11.0,2.25,10.625,2.125],"rotation":0,"texture":"#0","tintindex":0},"down":{"uv":[2.625,10.625,2.25,10.75],"rotation":0,"texture":"#0","tintindex":0}}}],"display":{"head":{"translation":[0.0,-6.4,0.0],"scale":[4.0,4.0,4.0]}}}