{"textures":{"0":"modelengine:entity/nocsy_drakonin_baby8"},"elements":[{"from":[7.722885,6.3877306,6.5529633],"to":[8.865743,8.673445,8.838677],"rotation":{"angle":-22.5,"axis":"x","origin":[6.7114563,7.759159,7.8786774]},"faces":{"east":{"uv":[1.875,7.375,2.375,7.875],"rotation":0,"texture":"#0","tintindex":0},"south":{"uv":[0.0,9.875,0.25,10.375],"rotation":0,"texture":"#0","tintindex":0},"north":{"uv":[7.875,9.75,8.125,10.25],"rotation":0,"texture":"#0","tintindex":0},"west":{"uv":[7.375,4.375,7.875,4.875],"rotation":0,"texture":"#0","tintindex":0},"up":{"uv":[3.125,10.375,2.875,9.875],"rotation":0,"texture":"#0","tintindex":0},"down":{"uv":[3.5,9.875,3.25,10.375],"rotation":0,"texture":"#0","tintindex":0}}}],"display":{"head":{"translation":[0.0,-6.4,0.0],"scale":[4.0,4.0,4.0]}}}