{"textures":{"0":"modelengine:entity/nocsy_drakonin_baby8"},"elements":[{"from":[7.857143,4.8628645,6.945327],"to":[7.857143,10.57715,12.088184],"rotation":{"angle":0.0,"axis":"y","origin":[7.857143,9.948579,9.459613]},"faces":{"east":{"uv":[0.0,5.0,1.125,6.25],"rotation":0,"texture":"#0","tintindex":0},"south":{"uv":[4.75,10.875,4.75,12.125],"rotation":0,"texture":"#0","tintindex":0},"north":{"uv":[4.5,10.875,4.5,12.125],"rotation":0,"texture":"#0","tintindex":0},"west":{"uv":[1.125,5.0,0.0,6.25],"rotation":0,"texture":"#0","tintindex":0},"up":{"uv":[4.875,12.0,4.875,10.875],"rotation":0,"texture":"#0","tintindex":0},"down":{"uv":[5.0,10.875,5.0,12.0],"rotation":0,"texture":"#0","tintindex":0}}},{"from":[5.285714,8.023798,7.5167556],"to":[11.0,8.023798,12.659613],"rotation":{"angle":0.0,"axis":"y","origin":[8.485714,5.1666546,9.459613]},"faces":{"east":{"uv":[5.0,10.875,5.0,12.0],"rotation":270,"texture":"#0","tintindex":0},"south":{"uv":[4.75,10.875,4.75,12.125],"rotation":270,"texture":"#0","tintindex":0},"north":{"uv":[4.5,10.875,4.5,12.125],"rotation":90,"texture":"#0","tintindex":0},"west":{"uv":[4.875,12.0,4.875,10.875],"rotation":270,"texture":"#0","tintindex":0},"up":{"uv":[0.0,5.0,1.125,6.25],"rotation":270,"texture":"#0","tintindex":0},"down":{"uv":[1.125,5.0,0.0,6.25],"rotation":270,"texture":"#0","tintindex":0}}}],"display":{"head":{"translation":[0.0,-6.4,0.0],"scale":[4.0,4.0,4.0]}}}