{"textures":{"0":"modelengine:entity/nocsy_drakonin_baby2"},"elements":[{"from":[7.9687667,7.0705366,7.46578],"to":[9.111624,8.213394,9.751494],"rotation":{"angle":-22.5,"axis":"z","origin":[8.317424,7.514231,9.191969]},"faces":{"east":{"uv":[5.375,9.25,5.875,9.5],"rotation":0,"texture":"#0","tintindex":0},"south":{"uv":[10.25,7.5,10.5,7.75],"rotation":0,"texture":"#0","tintindex":0},"north":{"uv":[10.25,7.125,10.5,7.375],"rotation":0,"texture":"#0","tintindex":0},"west":{"uv":[0.5,9.375,1.0,9.625],"rotation":0,"texture":"#0","tintindex":0},"up":{"uv":[6.25,9.75,6.0,9.25],"rotation":0,"texture":"#0","tintindex":0},"down":{"uv":[8.625,9.25,8.375,9.75],"rotation":0,"texture":"#0","tintindex":0}}},{"from":[8.083053,7.3582096,9.259552],"to":[8.997338,8.272495,10.745266],"rotation":{"angle":-45.0,"axis":"x","origin":[8.425909,7.8153524,9.773838]},"faces":{"east":{"uv":[5.375,9.25,5.875,9.5],"rotation":0,"texture":"#0","tintindex":0},"south":{"uv":[10.25,7.5,10.5,7.75],"rotation":0,"texture":"#0","tintindex":0},"north":{"uv":[10.25,7.125,10.5,7.375],"rotation":0,"texture":"#0","tintindex":0},"west":{"uv":[0.5,9.375,1.0,9.625],"rotation":0,"texture":"#0","tintindex":0},"up":{"uv":[6.25,9.75,6.0,9.25],"rotation":0,"texture":"#0","tintindex":0},"down":{"uv":[8.625,9.25,8.375,9.75],"rotation":0,"texture":"#0","tintindex":0}}},{"from":[8.418724,11.846398,5.923073],"to":[8.418724,14.1321125,7.46593],"rotation":{"angle":22.5,"axis":"x","origin":[6.4399858,0.41782665,-0.44065666]},"faces":{"east":{"uv":[7.875,6.25,8.375,5.875],"rotation":270,"texture":"#0","tintindex":0},"south":{"uv":[10.625,3.0,10.625,3.5],"rotation":0,"texture":"#0","tintindex":0},"north":{"uv":[3.0,11.125,3.0,10.625],"rotation":180,"texture":"#0","tintindex":0},"west":{"uv":[7.875,5.875,8.375,6.25],"rotation":270,"texture":"#0","tintindex":0},"up":{"uv":[2.875,10.625,2.875,11.0],"rotation":0,"texture":"#0","tintindex":0},"down":{"uv":[1.375,10.625,1.375,11.0],"rotation":180,"texture":"#0","tintindex":0}}},{"from":[7.546962,11.846398,6.7099013],"to":[8.9755335,14.1321125,6.7099013],"rotation":{"angle":22.5,"axis":"x","origin":[6.4399858,0.41782665,-0.44065666]},"faces":{"east":{"uv":[10.625,5.0,11.125,5.0],"rotation":90,"texture":"#0","tintindex":0},"south":{"uv":[8.25,7.75,7.875,8.25],"rotation":0,"texture":"#0","tintindex":0},"north":{"uv":[7.875,7.75,8.25,8.25],"rotation":0,"texture":"#0","tintindex":0},"west":{"uv":[10.625,5.125,11.125,5.125],"rotation":270,"texture":"#0","tintindex":0},"up":{"uv":[5.125,10.625,5.5,10.625],"rotation":0,"texture":"#0","tintindex":0},"down":{"uv":[3.375,10.625,3.75,10.625],"rotation":180,"texture":"#0","tintindex":0}}}],"display":{"head":{"translation":[0.0,-6.4,0.0],"scale":[4.0,4.0,4.0]}}}