{"textures":{"0":"modelengine:entity/nocsy_drakonin_baby2"},"elements":[{"from":[7.199252,6.3602586,7.147766],"to":[8.913538,8.074544,8.862052],"rotation":{"angle":0.0,"axis":"y","origin":[7.548967,9.27683,8.190052]},"faces":{"east":{"uv":[4.875,8.625,5.25,9.0],"rotation":0,"texture":"#0","tintindex":0},"south":{"uv":[8.75,0.0,9.125,0.375],"rotation":0,"texture":"#0","tintindex":0},"north":{"uv":[4.375,8.625,4.75,9.0],"rotation":0,"texture":"#0","tintindex":0},"west":{"uv":[8.75,0.5,9.125,0.875],"rotation":0,"texture":"#0","tintindex":0},"up":{"uv":[2.0,9.125,1.625,8.75],"rotation":0,"texture":"#0","tintindex":0},"down":{"uv":[9.125,4.25,8.75,4.625],"rotation":0,"texture":"#0","tintindex":0}}},{"from":[7.2049665,6.3702927,6.5836687],"to":[8.907824,6.930293,7.143669],"rotation":{"angle":45.0,"axis":"x","origin":[7.4803452,6.3643703,7.1433597]},"faces":{"east":{"uv":[9.25,0.75,9.375,0.875],"rotation":0,"texture":"#0","tintindex":0},"south":{"uv":[8.75,4.75,9.125,4.875],"rotation":0,"texture":"#0","tintindex":0},"north":{"uv":[4.0,5.75,4.375,5.875],"rotation":0,"texture":"#0","tintindex":0},"west":{"uv":[0.875,9.75,1.0,9.875],"rotation":0,"texture":"#0","tintindex":0},"up":{"uv":[10.75,4.125,10.375,4.0],"rotation":0,"texture":"#0","tintindex":0},"down":{"uv":[10.75,4.25,10.375,4.375],"rotation":0,"texture":"#0","tintindex":0}}}],"display":{"head":{"translation":[0.0,-6.4,0.0],"scale":[4.0,4.0,4.0]}}}