{"textures":{"1":"modelengine:entity/acorn"},"elements":[{"from":[7.142857,7.142857,8.190476],"to":[8.857143,8.857143,9.904762],"rotation":{"angle":45.0,"axis":"z","origin":[8.0,8.0,8.047619]},"faces":{"east":{"uv":[2.5,2.0,4.0,3.5],"rotation":90,"texture":"#1","tintindex":0},"south":{"uv":[6.0,4.0,4.5,5.5],"rotation":0,"texture":"#1","tintindex":0},"north":{"uv":[6.0,3.5,4.5,2.0],"rotation":180,"texture":"#1","tintindex":0},"west":{"uv":[4.5,0.0,6.0,1.5],"rotation":270,"texture":"#1","tintindex":0},"up":{"uv":[2.5,4.0,4.0,5.5],"rotation":0,"texture":"#1","tintindex":0},"down":{"uv":[2.5,0.0,4.0,1.5],"rotation":180,"texture":"#1","tintindex":0}}},{"from":[6.857143,6.857143,7.6190476],"to":[9.142858,9.142858,8.190476],"rotation":{"angle":45.0,"axis":"z","origin":[8.0,8.0,8.047619]},"faces":{"east":{"uv":[6.5,0.0,8.5,0.5],"rotation":90,"texture":"#1","tintindex":0},"south":{"uv":[2.0,2.5,0.0,4.5],"rotation":0,"texture":"#1","tintindex":0},"north":{"uv":[2.0,2.0,0.0,0.0],"rotation":180,"texture":"#1","tintindex":0},"west":{"uv":[6.5,2.0,8.5,2.5],"rotation":270,"texture":"#1","tintindex":0},"up":{"uv":[6.5,1.0,8.5,1.5],"rotation":0,"texture":"#1","tintindex":0},"down":{"uv":[4.0,6.0,6.0,6.5],"rotation":180,"texture":"#1","tintindex":0}}},{"from":[8.0,7.142857,6.4761906],"to":[8.0,8.857143,7.6190476],"rotation":{"angle":45.0,"axis":"z","origin":[8.0,8.0,8.047619]},"faces":{"east":{"uv":[0.0,5.0,1.5,6.0],"rotation":90,"texture":"#1","tintindex":0},"south":{"uv":[1.5,6.5,1.5,8.0],"rotation":0,"texture":"#1","tintindex":0},"north":{"uv":[1.0,8.0,1.0,6.5],"rotation":180,"texture":"#1","tintindex":0},"west":{"uv":[2.0,6.0,3.5,7.0],"rotation":270,"texture":"#1","tintindex":0},"up":{"uv":[0.5,6.5,0.5,7.5],"rotation":0,"texture":"#1","tintindex":0},"down":{"uv":[0.0,6.5,0.0,7.5],"rotation":180,"texture":"#1","tintindex":0}}}],"display":{"head":{"translation":[0.0,-6.4,0.0],"scale":[4.0,4.0,4.0]}}}