{"textures":{"0":"modelengine:entity/squirrel_red"},"elements":[{"from":[7.4428573,7.5714283,6.285714],"to":[8.557143,8.142858,8.571428],"rotation":{"angle":0.0,"axis":"y","origin":[6.857143,9.605926,6.8683515]},"faces":{"east":{"uv":[15.5,10.0,13.5,10.5],"rotation":0,"texture":"#0","tintindex":0},"south":{"uv":[7.0,14.5,6.0,15.0],"rotation":0,"texture":"#0","tintindex":0},"north":{"uv":[15.5,4.5,14.5,5.0],"rotation":0,"texture":"#0","tintindex":0},"west":{"uv":[15.0,5.5,13.0,6.0],"rotation":0,"texture":"#0","tintindex":0},"up":{"uv":[8.5,12.0,9.5,10.0],"rotation":0,"texture":"#0","tintindex":0},"down":{"uv":[10.0,10.0,11.0,12.0],"rotation":0,"texture":"#0","tintindex":0}}}],"display":{"head":{"translation":[0.0,-6.4,0.0],"scale":[4.0,4.0,4.0]}}}