{"textures":{"0":"modelengine:entity/squirrel_red"},"elements":[{"from":[7.714286,6.372589,7.757282],"to":[8.285714,8.086875,8.900139],"rotation":{"angle":22.5,"axis":"x","origin":[6.857143,8.765883,8.542744]},"faces":{"east":{"uv":[12.5,4.5,11.5,6.0],"rotation":0,"texture":"#0","tintindex":0},"south":{"uv":[4.5,14.0,4.0,15.5],"rotation":0,"texture":"#0","tintindex":0},"north":{"uv":[2.0,10.0,1.5,11.5],"rotation":0,"texture":"#0","tintindex":0},"west":{"uv":[12.5,2.5,11.5,4.0],"rotation":0,"texture":"#0","tintindex":0},"up":{"uv":[0.0,15.5,0.5,14.5],"rotation":0,"texture":"#0","tintindex":0},"down":{"uv":[14.5,0.0,15.0,1.0],"rotation":0,"texture":"#0","tintindex":0}}}],"display":{"head":{"translation":[0.0,-6.4,0.0],"scale":[4.0,4.0,4.0]}}}