{"textures":{"0":"modelengine:entity/nocsy_drakonin"},"elements":[{"from":[6.0,8.03458,5.3885746],"to":[10.0,12.03458,9.960003],"rotation":{"angle":0.0,"axis":"y","origin":[8.0,9.548865,7.734985]},"faces":{"east":{"uv":[6.8125,2.9375,7.3125,3.375],"rotation":0,"texture":"#0","tintindex":0},"south":{"uv":[6.4375,7.125,6.875,7.5625],"rotation":0,"texture":"#0","tintindex":0},"north":{"uv":[2.75,7.0625,3.1875,7.5],"rotation":0,"texture":"#0","tintindex":0},"west":{"uv":[5.875,6.8125,6.375,7.25],"rotation":0,"texture":"#0","tintindex":0},"up":{"uv":[3.6875,7.4375,3.25,6.9375],"rotation":0,"texture":"#0","tintindex":0},"down":{"uv":[4.1875,6.9375,3.75,7.4375],"rotation":0,"texture":"#0","tintindex":0}}},{"from":[5.957143,8.03458,5.360003],"to":[5.957143,12.03458,6.50286],"rotation":{"angle":0.0,"axis":"y","origin":[8.0,9.548865,7.734985]},"faces":{"east":{"uv":[9.4375,9.5625,9.3125,10.0],"rotation":0,"texture":"#0","tintindex":0},"south":{"uv":[1.5,10.125,1.5,10.5625],"rotation":0,"texture":"#0","tintindex":0},"north":{"uv":[7.625,8.125,7.625,8.5625],"rotation":0,"texture":"#0","tintindex":0},"west":{"uv":[9.3125,9.5625,9.4375,10.0],"rotation":0,"texture":"#0","tintindex":0},"up":{"uv":[5.25,7.0625,5.25,6.9375],"rotation":0,"texture":"#0","tintindex":0},"down":{"uv":[4.875,7.75,4.875,7.875],"rotation":0,"texture":"#0","tintindex":0}}},{"from":[10.042857,8.03458,5.360003],"to":[10.042857,12.03458,6.50286],"rotation":{"angle":0.0,"axis":"y","origin":[8.0,9.548865,7.734985]},"faces":{"east":{"uv":[9.4375,9.5625,9.3125,10.0],"rotation":0,"texture":"#0","tintindex":0},"south":{"uv":[1.5,10.125,1.5,10.5625],"rotation":0,"texture":"#0","tintindex":0},"north":{"uv":[7.625,8.125,7.625,8.5625],"rotation":0,"texture":"#0","tintindex":0},"west":{"uv":[9.3125,9.5625,9.4375,10.0],"rotation":0,"texture":"#0","tintindex":0},"up":{"uv":[5.25,7.0625,5.25,6.9375],"rotation":0,"texture":"#0","tintindex":0},"down":{"uv":[4.875,7.75,4.875,7.875],"rotation":0,"texture":"#0","tintindex":0}}},{"from":[5.928571,7.8631516,5.3028603],"to":[7.642857,11.863152,5.3028603],"rotation":{"angle":0.0,"axis":"y","origin":[4.4678755,9.663152,7.431432]},"faces":{"east":{"uv":[8.1875,10.1875,8.1875,10.625],"rotation":0,"texture":"#0","tintindex":0},"south":{"uv":[7.5625,10.625,7.375,11.0625],"rotation":0,"texture":"#0","tintindex":0},"north":{"uv":[7.375,10.625,7.5625,11.0625],"rotation":0,"texture":"#0","tintindex":0},"west":{"uv":[8.25,10.1875,8.25,10.625],"rotation":0,"texture":"#0","tintindex":0},"up":{"uv":[5.6875,5.125,5.5,5.125],"rotation":0,"texture":"#0","tintindex":0},"down":{"uv":[5.6875,5.1875,5.5,5.1875],"rotation":0,"texture":"#0","tintindex":0}}},{"from":[6.042857,8.148866,5.3314314],"to":[6.8999996,12.377438,5.3314314],"rotation":{"angle":0.0,"axis":"y","origin":[4.4678755,9.663152,7.431432]},"faces":{"east":{"uv":[8.1875,10.1875,8.1875,10.625],"rotation":0,"texture":"#0","tintindex":0},"south":{"uv":[7.1875,10.625,7.0,11.0625],"rotation":0,"texture":"#0","tintindex":0},"north":{"uv":[7.0,10.625,7.1875,11.0625],"rotation":0,"texture":"#0","tintindex":0},"west":{"uv":[8.25,10.1875,8.25,10.625],"rotation":0,"texture":"#0","tintindex":0},"up":{"uv":[5.6875,5.125,5.5,5.125],"rotation":0,"texture":"#0","tintindex":0},"down":{"uv":[5.6875,5.1875,5.5,5.1875],"rotation":0,"texture":"#0","tintindex":0}}},{"from":[9.1,8.148866,5.3314314],"to":[9.957143,12.377438,5.3314314],"rotation":{"angle":0.0,"axis":"y","origin":[11.5321245,9.663152,7.431432]},"faces":{"east":{"uv":[8.25,10.1875,8.25,10.625],"rotation":0,"texture":"#0","tintindex":0},"south":{"uv":[7.0,10.625,7.1875,11.0625],"rotation":0,"texture":"#0","tintindex":0},"north":{"uv":[7.1875,10.625,7.0,11.0625],"rotation":0,"texture":"#0","tintindex":0},"west":{"uv":[8.1875,10.1875,8.1875,10.625],"rotation":0,"texture":"#0","tintindex":0},"up":{"uv":[5.5,5.125,5.6875,5.125],"rotation":0,"texture":"#0","tintindex":0},"down":{"uv":[5.5,5.1875,5.6875,5.1875],"rotation":0,"texture":"#0","tintindex":0}}},{"from":[5.928571,7.8631516,5.3028603],"to":[5.928571,11.863152,6.4457173],"rotation":{"angle":0.0,"axis":"y","origin":[5.6142855,10.0917225,5.8742886]},"faces":{"east":{"uv":[9.3125,10.625,9.4375,11.0625],"rotation":0,"texture":"#0","tintindex":0},"south":{"uv":[1.5,10.125,1.5,10.5625],"rotation":0,"texture":"#0","tintindex":0},"north":{"uv":[7.625,8.125,7.625,8.5625],"rotation":0,"texture":"#0","tintindex":0},"west":{"uv":[9.4375,10.625,9.3125,11.0625],"rotation":0,"texture":"#0","tintindex":0},"up":{"uv":[5.25,7.0625,5.25,6.9375],"rotation":0,"texture":"#0","tintindex":0},"down":{"uv":[4.875,7.75,4.875,7.875],"rotation":0,"texture":"#0","tintindex":0}}},{"from":[5.709895,8.0917225,5.2593627],"to":[5.709895,12.0917225,6.40222],"rotation":{"angle":-22.5,"axis":"y","origin":[5.709895,9.863152,5.8307915]},"faces":{"east":{"uv":[9.3125,10.625,9.4375,11.0625],"rotation":0,"texture":"#0","tintindex":0},"south":{"uv":[1.5,10.125,1.5,10.5625],"rotation":0,"texture":"#0","tintindex":0},"north":{"uv":[7.625,8.125,7.625,8.5625],"rotation":0,"texture":"#0","tintindex":0},"west":{"uv":[9.4375,10.625,9.3125,11.0625],"rotation":0,"texture":"#0","tintindex":0},"up":{"uv":[5.25,7.0625,5.25,6.9375],"rotation":0,"texture":"#0","tintindex":0},"down":{"uv":[4.875,7.75,4.875,7.875],"rotation":0,"texture":"#0","tintindex":0}}},{"from":[5.957143,8.03458,5.360003],"to":[7.6714287,12.03458,5.360003],"rotation":{"angle":0.0,"axis":"y","origin":[4.7535896,9.548865,7.431432]},"faces":{"east":{"uv":[8.1875,10.1875,8.1875,10.625],"rotation":0,"texture":"#0","tintindex":0},"south":{"uv":[7.5,9.0,7.3125,9.4375],"rotation":0,"texture":"#0","tintindex":0},"north":{"uv":[7.3125,9.0,7.5,9.4375],"rotation":0,"texture":"#0","tintindex":0},"west":{"uv":[8.25,10.1875,8.25,10.625],"rotation":0,"texture":"#0","tintindex":0},"up":{"uv":[5.6875,5.125,5.5,5.125],"rotation":0,"texture":"#0","tintindex":0},"down":{"uv":[5.6875,5.1875,5.5,5.1875],"rotation":0,"texture":"#0","tintindex":0}}},{"from":[8.357143,7.8631516,5.3028603],"to":[10.071428,11.863152,5.3028603],"rotation":{"angle":0.0,"axis":"y","origin":[11.5321245,9.663152,7.431432]},"faces":{"east":{"uv":[8.25,10.1875,8.25,10.625],"rotation":0,"texture":"#0","tintindex":0},"south":{"uv":[7.375,10.625,7.5625,11.0625],"rotation":0,"texture":"#0","tintindex":0},"north":{"uv":[7.5625,10.625,7.375,11.0625],"rotation":0,"texture":"#0","tintindex":0},"west":{"uv":[8.1875,10.1875,8.1875,10.625],"rotation":0,"texture":"#0","tintindex":0},"up":{"uv":[5.5,5.125,5.6875,5.125],"rotation":0,"texture":"#0","tintindex":0},"down":{"uv":[5.5,5.1875,5.6875,5.1875],"rotation":0,"texture":"#0","tintindex":0}}},{"from":[10.071428,7.8631516,5.3028603],"to":[10.071428,11.863152,6.4457173],"rotation":{"angle":0.0,"axis":"y","origin":[10.385715,10.0917225,5.8742886]},"faces":{"east":{"uv":[9.3125,10.625,9.4375,11.0625],"rotation":0,"texture":"#0","tintindex":0},"south":{"uv":[1.5,10.125,1.5,10.5625],"rotation":0,"texture":"#0","tintindex":0},"north":{"uv":[7.625,8.125,7.625,8.5625],"rotation":0,"texture":"#0","tintindex":0},"west":{"uv":[9.4375,10.625,9.3125,11.0625],"rotation":0,"texture":"#0","tintindex":0},"up":{"uv":[5.25,7.0625,5.25,6.9375],"rotation":0,"texture":"#0","tintindex":0},"down":{"uv":[4.875,7.75,4.875,7.875],"rotation":0,"texture":"#0","tintindex":0}}},{"from":[10.290105,8.0917225,5.2593627],"to":[10.290105,12.0917225,6.40222],"rotation":{"angle":22.5,"axis":"y","origin":[10.290105,9.863152,5.8307915]},"faces":{"east":{"uv":[9.3125,10.625,9.4375,11.0625],"rotation":0,"texture":"#0","tintindex":0},"south":{"uv":[1.5,10.125,1.5,10.5625],"rotation":0,"texture":"#0","tintindex":0},"north":{"uv":[7.625,8.125,7.625,8.5625],"rotation":0,"texture":"#0","tintindex":0},"west":{"uv":[9.4375,10.625,9.3125,11.0625],"rotation":0,"texture":"#0","tintindex":0},"up":{"uv":[5.25,7.0625,5.25,6.9375],"rotation":0,"texture":"#0","tintindex":0},"down":{"uv":[4.875,7.75,4.875,7.875],"rotation":0,"texture":"#0","tintindex":0}}},{"from":[8.328571,8.03458,5.360003],"to":[10.042857,12.03458,5.360003],"rotation":{"angle":0.0,"axis":"y","origin":[11.24641,9.548865,7.431432]},"faces":{"east":{"uv":[8.25,10.1875,8.25,10.625],"rotation":0,"texture":"#0","tintindex":0},"south":{"uv":[7.3125,9.0,7.5,9.4375],"rotation":0,"texture":"#0","tintindex":0},"north":{"uv":[7.5,9.0,7.3125,9.4375],"rotation":0,"texture":"#0","tintindex":0},"west":{"uv":[8.1875,10.1875,8.1875,10.625],"rotation":0,"texture":"#0","tintindex":0},"up":{"uv":[5.5,5.125,5.6875,5.125],"rotation":0,"texture":"#0","tintindex":0},"down":{"uv":[5.5,5.1875,5.6875,5.1875],"rotation":0,"texture":"#0","tintindex":0}}},{"from":[5.714286,7.3488655,5.788574],"to":[5.714286,15.920294,9.788574],"rotation":{"angle":-22.5,"axis":"y","origin":[7.142857,11.634581,9.674289]},"faces":{"east":{"uv":[5.5,2.625,5.9375,3.5625],"rotation":0,"texture":"#0","tintindex":0},"south":{"uv":[3.8125,10.3125,3.8125,11.25],"rotation":0,"texture":"#0","tintindex":0},"north":{"uv":[7.375,10.25,7.375,11.1875],"rotation":0,"texture":"#0","tintindex":0},"west":{"uv":[5.5,3.625,5.9375,4.5625],"rotation":0,"texture":"#0","tintindex":0},"up":{"uv":[3.875,10.75,3.875,10.3125],"rotation":0,"texture":"#0","tintindex":0},"down":{"uv":[4.9375,10.3125,4.9375,10.75],"rotation":0,"texture":"#0","tintindex":0}}},{"from":[10.285714,7.3488655,5.788574],"to":[10.285714,15.920294,9.788574],"rotation":{"angle":22.5,"axis":"y","origin":[8.857143,11.634581,9.674289]},"faces":{"east":{"uv":[5.75,4.625,6.1875,5.5625],"rotation":0,"texture":"#0","tintindex":0},"south":{"uv":[6.0,10.3125,6.0,11.25],"rotation":0,"texture":"#0","tintindex":0},"north":{"uv":[5.0,10.3125,5.0,11.25],"rotation":0,"texture":"#0","tintindex":0},"west":{"uv":[5.75,5.625,6.1875,6.5625],"rotation":0,"texture":"#0","tintindex":0},"up":{"uv":[6.0625,10.75,6.0625,10.3125],"rotation":0,"texture":"#0","tintindex":0},"down":{"uv":[8.3125,10.3125,8.3125,10.75],"rotation":0,"texture":"#0","tintindex":0}}},{"from":[11.595214,6.8917227,6.7825584],"to":[11.595214,13.177437,10.782558],"rotation":{"angle":22.5,"axis":"y","origin":[10.166643,7.7488656,10.668273]},"faces":{"east":{"uv":[6.25,4.5625,6.6875,5.25],"rotation":0,"texture":"#0","tintindex":0},"south":{"uv":[8.4375,10.3125,8.4375,11.0],"rotation":0,"texture":"#0","tintindex":0},"north":{"uv":[8.375,10.3125,8.375,11.0],"rotation":0,"texture":"#0","tintindex":0},"west":{"uv":[6.25,5.3125,6.6875,6.0],"rotation":0,"texture":"#0","tintindex":0},"up":{"uv":[8.5,10.75,8.5,10.3125],"rotation":0,"texture":"#0","tintindex":0},"down":{"uv":[9.0625,10.3125,9.0625,10.75],"rotation":0,"texture":"#0","tintindex":0}}},{"from":[4.404786,6.8917227,6.7825584],"to":[4.404786,13.177437,10.782558],"rotation":{"angle":-22.5,"axis":"y","origin":[5.833357,7.7488656,10.668273]},"faces":{"east":{"uv":[6.25,6.0625,6.6875,6.75],"rotation":0,"texture":"#0","tintindex":0},"south":{"uv":[9.1875,10.3125,9.1875,11.0],"rotation":0,"texture":"#0","tintindex":0},"north":{"uv":[9.125,10.3125,9.125,11.0],"rotation":0,"texture":"#0","tintindex":0},"west":{"uv":[2.75,6.3125,3.1875,7.0],"rotation":0,"texture":"#0","tintindex":0},"up":{"uv":[9.25,10.75,9.25,10.3125],"rotation":0,"texture":"#0","tintindex":0},"down":{"uv":[10.3125,10.125,10.3125,10.5625],"rotation":0,"texture":"#0","tintindex":0}}},{"from":[6.5714283,9.025205,3.1868653],"to":[9.428572,10.168061,6.0440087],"rotation":{"angle":-22.5,"axis":"x","origin":[8.0,9.310919,4.6154375]},"faces":{"east":{"uv":[9.9375,9.6875,10.25,9.8125],"rotation":0,"texture":"#0","tintindex":0},"south":{"uv":[10.0625,2.5,10.375,2.625],"rotation":0,"texture":"#0","tintindex":0},"north":{"uv":[5.875,6.625,6.1875,6.75],"rotation":0,"texture":"#0","tintindex":0},"west":{"uv":[10.0625,2.6875,10.375,2.8125],"rotation":0,"texture":"#0","tintindex":0},"up":{"uv":[8.8125,6.5625,8.5,6.25],"rotation":0,"texture":"#0","tintindex":0},"down":{"uv":[8.8125,8.25,8.5,8.5625],"rotation":0,"texture":"#0","tintindex":0}}},{"from":[9.028571,9.025205,3.1868653],"to":[9.028571,13.025205,5.47258],"rotation":{"angle":22.5,"axis":"y","origin":[9.428572,11.025205,4.6154375]},"faces":{"east":{"uv":[1.0,8.25,1.25,8.6875],"rotation":0,"texture":"#0","tintindex":0},"south":{"uv":[0.1875,10.375,0.1875,10.8125],"rotation":0,"texture":"#0","tintindex":0},"north":{"uv":[0.125,10.375,0.125,10.8125],"rotation":0,"texture":"#0","tintindex":0},"west":{"uv":[1.3125,8.25,1.5625,8.6875],"rotation":0,"texture":"#0","tintindex":0},"up":{"uv":[7.5625,8.9375,7.5625,8.6875],"rotation":0,"texture":"#0","tintindex":0},"down":{"uv":[4.8125,8.75,4.8125,9.0],"rotation":0,"texture":"#0","tintindex":0}}},{"from":[6.9714284,9.025205,3.1868653],"to":[6.9714284,13.025205,5.47258],"rotation":{"angle":-22.5,"axis":"y","origin":[6.5714283,11.025205,4.6154375]},"faces":{"east":{"uv":[1.625,8.25,1.875,8.6875],"rotation":0,"texture":"#0","tintindex":0},"south":{"uv":[0.5625,10.375,0.5625,10.8125],"rotation":0,"texture":"#0","tintindex":0},"north":{"uv":[0.5,10.375,0.5,10.8125],"rotation":0,"texture":"#0","tintindex":0},"west":{"uv":[1.9375,8.25,2.1875,8.6875],"rotation":0,"texture":"#0","tintindex":0},"up":{"uv":[8.375,9.0,8.375,8.75],"rotation":0,"texture":"#0","tintindex":0},"down":{"uv":[8.4375,8.75,8.4375,9.0],"rotation":0,"texture":"#0","tintindex":0}}},{"from":[6.285714,9.596633,3.129723],"to":[9.714286,10.7394905,4.27258],"rotation":{"angle":-45.0,"axis":"x","origin":[8.285714,9.310919,4.6154375]},"faces":{"east":{"uv":[2.5625,8.375,2.6875,8.5],"rotation":0,"texture":"#0","tintindex":0},"south":{"uv":[9.6875,8.875,10.0625,9.0],"rotation":0,"texture":"#0","tintindex":0},"north":{"uv":[8.0625,9.6875,8.4375,9.8125],"rotation":0,"texture":"#0","tintindex":0},"west":{"uv":[4.0625,8.5625,4.1875,8.6875],"rotation":0,"texture":"#0","tintindex":0},"up":{"uv":[9.875,9.8125,9.5,9.6875],"rotation":0,"texture":"#0","tintindex":0},"down":{"uv":[0.625,9.75,0.25,9.875],"rotation":0,"texture":"#0","tintindex":0}}},{"from":[7.142857,9.744641,3.4292831],"to":[8.857143,10.887499,7.429283],"rotation":{"angle":-22.5,"axis":"x","origin":[8.0,10.316071,5.429283]},"faces":{"east":{"uv":[2.75,7.5625,3.1875,7.6875],"rotation":0,"texture":"#0","tintindex":0},"south":{"uv":[3.375,8.0,3.5625,8.125],"rotation":0,"texture":"#0","tintindex":0},"north":{"uv":[5.0,7.5,5.1875,7.625],"rotation":0,"texture":"#0","tintindex":0},"west":{"uv":[9.6875,1.0625,10.125,1.1875],"rotation":0,"texture":"#0","tintindex":0},"up":{"uv":[7.75,9.5,7.5625,9.0625],"rotation":0,"texture":"#0","tintindex":0},"down":{"uv":[8.0,9.0625,7.8125,9.5],"rotation":0,"texture":"#0","tintindex":0}}},{"from":[6.857143,8.211559,3.2912564],"to":[9.142858,9.354416,6.7198277],"rotation":{"angle":0.0,"axis":"y","origin":[7.142857,8.868702,5.180524]},"faces":{"east":{"uv":[9.75,1.25,10.125,1.375],"rotation":0,"texture":"#0","tintindex":0},"south":{"uv":[10.3125,3.375,10.5625,3.5],"rotation":0,"texture":"#0","tintindex":0},"north":{"uv":[10.1875,9.5,10.4375,9.625],"rotation":0,"texture":"#0","tintindex":0},"west":{"uv":[9.75,1.4375,10.125,1.5625],"rotation":0,"texture":"#0","tintindex":0},"up":{"uv":[5.4375,9.0,5.1875,8.625],"rotation":0,"texture":"#0","tintindex":0},"down":{"uv":[5.75,8.625,5.5,9.0],"rotation":0,"texture":"#0","tintindex":0}}},{"from":[6.857143,6.497273,3.2912564],"to":[6.857143,8.211559,6.7198277],"rotation":{"angle":0.0,"axis":"y","origin":[7.142857,8.868702,5.180524]},"faces":{"east":{"uv":[5.125,9.5625,5.5,9.75],"rotation":0,"texture":"#0","tintindex":0},"south":{"uv":[6.6875,9.25,6.6875,9.4375],"rotation":0,"texture":"#0","tintindex":0},"north":{"uv":[4.75,9.1875,4.75,9.375],"rotation":0,"texture":"#0","tintindex":0},"west":{"uv":[9.5625,5.125,9.9375,5.3125],"rotation":0,"texture":"#0","tintindex":0},"up":{"uv":[0.625,10.75,0.625,10.375],"rotation":0,"texture":"#0","tintindex":0},"down":{"uv":[0.6875,10.375,0.6875,10.75],"rotation":0,"texture":"#0","tintindex":0}}},{"from":[9.142858,6.497273,3.2912564],"to":[9.142858,8.211559,6.7198277],"rotation":{"angle":0.0,"axis":"y","origin":[8.857143,8.868702,5.180524]},"faces":{"east":{"uv":[6.125,9.5625,6.5,9.75],"rotation":0,"texture":"#0","tintindex":0},"south":{"uv":[4.625,9.5,4.625,9.6875],"rotation":0,"texture":"#0","tintindex":0},"north":{"uv":[6.75,9.25,6.75,9.4375],"rotation":0,"texture":"#0","tintindex":0},"west":{"uv":[7.4375,9.5625,7.8125,9.75],"rotation":0,"texture":"#0","tintindex":0},"up":{"uv":[0.75,10.75,0.75,10.375],"rotation":0,"texture":"#0","tintindex":0},"down":{"uv":[0.8125,10.375,0.8125,10.75],"rotation":0,"texture":"#0","tintindex":0}}},{"from":[6.857143,6.497273,3.2912564],"to":[9.142858,8.211559,3.2912564],"rotation":{"angle":0.0,"axis":"y","origin":[7.142857,8.868702,5.180524]},"faces":{"east":{"uv":[4.6875,9.5,4.6875,9.6875],"rotation":0,"texture":"#0","tintindex":0},"south":{"uv":[8.1875,2.125,8.4375,2.3125],"rotation":0,"texture":"#0","tintindex":0},"north":{"uv":[6.5,2.375,6.75,2.5625],"rotation":0,"texture":"#0","tintindex":0},"west":{"uv":[4.3125,9.5625,4.3125,9.75],"rotation":0,"texture":"#0","tintindex":0},"up":{"uv":[5.6875,7.6875,5.4375,7.6875],"rotation":0,"texture":"#0","tintindex":0},"down":{"uv":[5.6875,7.75,5.4375,7.75],"rotation":0,"texture":"#0","tintindex":0}}}],"display":{"head":{"translation":[0.0,-6.4,0.0],"scale":[4.0,4.0,4.0]}}}