{"textures":{"0":"modelengine:entity/nocsy_drakonin"},"elements":[{"from":[7.8615685,6.01961,6.9694037],"to":[9.575854,8.305325,10.969404],"rotation":{"angle":-22.5,"axis":"z","origin":[8.547283,7.1624675,10.055119]},"faces":{"east":{"uv":[8.1875,4.1875,8.625,4.4375],"rotation":0,"texture":"#0","tintindex":0},"south":{"uv":[7.9375,8.375,8.125,8.625],"rotation":0,"texture":"#0","tintindex":0},"north":{"uv":[6.1875,7.3125,6.375,7.5625],"rotation":0,"texture":"#0","tintindex":0},"west":{"uv":[8.1875,7.625,8.625,7.875],"rotation":0,"texture":"#0","tintindex":0},"up":{"uv":[4.0625,9.5,3.875,9.0625],"rotation":0,"texture":"#0","tintindex":0},"down":{"uv":[4.3125,9.0625,4.125,9.5],"rotation":0,"texture":"#0","tintindex":0}}},{"from":[8.346972,6.3051314,9.778462],"to":[9.832686,7.790846,12.978463],"rotation":{"angle":-45.0,"axis":"z","origin":[9.004425,7.1624675,13.255118]},"faces":{"east":{"uv":[9.3125,8.3125,9.6875,8.5],"rotation":0,"texture":"#0","tintindex":0},"south":{"uv":[6.375,10.125,6.5625,10.3125],"rotation":0,"texture":"#0","tintindex":0},"north":{"uv":[10.125,6.3125,10.3125,6.5],"rotation":0,"texture":"#0","tintindex":0},"west":{"uv":[9.375,6.375,9.75,6.5625],"rotation":0,"texture":"#0","tintindex":0},"up":{"uv":[1.75,9.5625,1.5625,9.1875],"rotation":0,"texture":"#0","tintindex":0},"down":{"uv":[4.5625,9.5,4.375,9.875],"rotation":0,"texture":"#0","tintindex":0}}},{"from":[9.137168,6.1908455,12.978463],"to":[9.137168,7.67656,16.407036],"rotation":{"angle":-45.0,"axis":"z","origin":[9.16605,7.1624675,13.369404]},"faces":{"east":{"uv":[5.6875,9.5,6.0625,9.6875],"rotation":0,"texture":"#0","tintindex":0},"south":{"uv":[8.4375,0.875,8.4375,1.0625],"rotation":0,"texture":"#0","tintindex":0},"north":{"uv":[4.9375,7.75,4.9375,7.9375],"rotation":0,"texture":"#0","tintindex":0},"west":{"uv":[9.5,6.625,9.875,6.8125],"rotation":0,"texture":"#0","tintindex":0},"up":{"uv":[5.6875,9.4375,5.6875,9.0625],"rotation":0,"texture":"#0","tintindex":0},"down":{"uv":[5.75,9.0625,5.75,9.4375],"rotation":0,"texture":"#0","tintindex":0}}},{"from":[-7.5303926,12.997622,12.978463],"to":[-6.0446787,12.997622,16.407036],"rotation":{"angle":-45.0,"axis":"z","origin":[-6.1591578,-9.03064,13.369404]},"faces":{"east":{"uv":[8.625,3.0625,9.0,3.0625],"rotation":0,"texture":"#0","tintindex":0},"south":{"uv":[6.8125,3.6875,7.0,3.6875],"rotation":0,"texture":"#0","tintindex":0},"north":{"uv":[6.0,4.5625,6.1875,4.5625],"rotation":0,"texture":"#0","tintindex":0},"west":{"uv":[9.4375,7.0625,9.8125,7.0625],"rotation":0,"texture":"#0","tintindex":0},"up":{"uv":[6.875,9.875,6.6875,9.5],"rotation":0,"texture":"#0","tintindex":0},"down":{"uv":[6.9375,9.875,7.125,9.5],"rotation":0,"texture":"#0","tintindex":0}}}],"display":{"head":{"translation":[0.0,-6.4,0.0],"scale":[4.0,4.0,4.0]}}}