{"textures":{"0":"modelengine:entity/nocsy_drakonin"},"elements":[{"from":[8.796465,6.3524675,5.5592756],"to":[10.522179,8.078182,7.8564186],"rotation":{"angle":-22.5,"axis":"y","origin":[7.945036,7.215325,5.279276]},"faces":{"east":{"uv":[9.5,9.875,9.75,10.0625],"rotation":0,"texture":"#0","tintindex":0},"south":{"uv":[8.5625,10.1875,8.75,10.375],"rotation":0,"texture":"#0","tintindex":0},"north":{"uv":[7.9375,10.1875,8.125,10.375],"rotation":0,"texture":"#0","tintindex":0},"west":{"uv":[9.8125,9.875,10.0625,10.0625],"rotation":0,"texture":"#0","tintindex":0},"up":{"uv":[0.4375,10.1875,0.25,9.9375],"rotation":0,"texture":"#0","tintindex":0},"down":{"uv":[10.125,0.625,9.9375,0.875],"rotation":0,"texture":"#0","tintindex":0}}},{"from":[8.066186,6.490466,9.798937],"to":[8.066186,8.77618,12.65608],"rotation":{"angle":0.0,"axis":"y","origin":[7.7804723,7.0618944,10.427509]},"faces":{"east":{"uv":[2.75,9.375,3.0625,9.625],"rotation":0,"texture":"#0","tintindex":0},"south":{"uv":[3.125,10.375,3.125,10.625],"rotation":0,"texture":"#0","tintindex":0},"north":{"uv":[3.0625,10.375,3.0625,10.625],"rotation":0,"texture":"#0","tintindex":0},"west":{"uv":[3.125,9.375,3.4375,9.625],"rotation":0,"texture":"#0","tintindex":0},"up":{"uv":[3.1875,10.6875,3.1875,10.375],"rotation":0,"texture":"#0","tintindex":0},"down":{"uv":[3.25,10.375,3.25,10.6875],"rotation":0,"texture":"#0","tintindex":0}}},{"from":[7.214758,6.3638964,9.090449],"to":[8.917615,8.066753,10.221878],"rotation":{"angle":0.0,"axis":"y","origin":[7.4947577,7.215325,7.084735]},"faces":{"east":{"uv":[7.6875,9.8125,7.8125,10.0],"rotation":0,"texture":"#0","tintindex":0},"south":{"uv":[10.1875,9.0,10.375,9.1875],"rotation":0,"texture":"#0","tintindex":0},"north":{"uv":[8.8125,10.1875,9.0,10.375],"rotation":0,"texture":"#0","tintindex":0},"west":{"uv":[5.5625,10.3125,5.6875,10.5],"rotation":0,"texture":"#0","tintindex":0},"up":{"uv":[10.5,5.75,10.3125,5.625],"rotation":0,"texture":"#0","tintindex":0},"down":{"uv":[5.9375,10.3125,5.75,10.4375],"rotation":0,"texture":"#0","tintindex":0}}},{"from":[5.6101937,6.3524675,5.5592756],"to":[7.335908,8.078182,7.8564186],"rotation":{"angle":22.5,"axis":"y","origin":[8.187337,7.215325,5.279276]},"faces":{"east":{"uv":[9.9375,3.0625,10.1875,3.25],"rotation":0,"texture":"#0","tintindex":0},"south":{"uv":[0.25,10.25,0.4375,10.4375],"rotation":0,"texture":"#0","tintindex":0},"north":{"uv":[10.1875,9.25,10.375,9.4375],"rotation":0,"texture":"#0","tintindex":0},"west":{"uv":[4.25,9.9375,4.5,10.125],"rotation":0,"texture":"#0","tintindex":0},"up":{"uv":[10.125,5.625,9.9375,5.375],"rotation":0,"texture":"#0","tintindex":0},"down":{"uv":[10.125,6.0,9.9375,6.25],"rotation":0,"texture":"#0","tintindex":0}}},{"from":[7.1473365,6.346753,5.553561],"to":[8.8844795,8.083896,7.862133],"rotation":{"angle":0.0,"axis":"y","origin":[9.615908,7.215325,5.279276]},"faces":{"east":{"uv":[9.9375,6.5625,10.1875,6.75],"rotation":0,"texture":"#0","tintindex":0},"south":{"uv":[10.25,6.5625,10.4375,6.75],"rotation":0,"texture":"#0","tintindex":0},"north":{"uv":[10.25,2.875,10.4375,3.0625],"rotation":0,"texture":"#0","tintindex":0},"west":{"uv":[6.625,9.9375,6.875,10.125],"rotation":0,"texture":"#0","tintindex":0},"up":{"uv":[10.125,7.0625,9.9375,6.8125],"rotation":0,"texture":"#0","tintindex":0},"down":{"uv":[7.125,9.9375,6.9375,10.1875],"rotation":0,"texture":"#0","tintindex":0}}},{"from":[7.9760404,6.2591753,2.8337293],"to":[7.9760404,8.544889,6.2623005],"rotation":{"angle":0.0,"axis":"y","origin":[8.318897,5.859175,2.7194428]},"faces":{"east":{"uv":[8.8125,5.4375,9.1875,5.6875],"rotation":0,"texture":"#0","tintindex":0},"south":{"uv":[3.9375,10.375,3.9375,10.625],"rotation":0,"texture":"#0","tintindex":0},"north":{"uv":[10.375,3.5625,10.375,3.8125],"rotation":0,"texture":"#0","tintindex":0},"west":{"uv":[8.8125,8.625,9.1875,8.875],"rotation":0,"texture":"#0","tintindex":0},"up":{"uv":[4.0,10.75,4.0,10.375],"rotation":0,"texture":"#0","tintindex":0},"down":{"uv":[4.0625,10.375,4.0625,10.75],"rotation":0,"texture":"#0","tintindex":0}}},{"from":[9.97604,6.2591753,2.8337293],"to":[9.97604,8.544889,6.2623005],"rotation":{"angle":-22.5,"axis":"y","origin":[7.8617544,7.4020324,4.5480146]},"faces":{"east":{"uv":[8.875,0.8125,9.25,1.0625],"rotation":0,"texture":"#0","tintindex":0},"south":{"uv":[10.375,4.5625,10.375,4.8125],"rotation":0,"texture":"#0","tintindex":0},"north":{"uv":[4.125,10.375,4.125,10.625],"rotation":0,"texture":"#0","tintindex":0},"west":{"uv":[8.875,1.125,9.25,1.375],"rotation":0,"texture":"#0","tintindex":0},"up":{"uv":[5.0625,10.75,5.0625,10.375],"rotation":0,"texture":"#0","tintindex":0},"down":{"uv":[5.125,10.375,5.125,10.75],"rotation":0,"texture":"#0","tintindex":0}}},{"from":[5.97604,6.2591753,2.8337293],"to":[5.97604,8.544889,6.2623005],"rotation":{"angle":22.5,"axis":"y","origin":[7.8617544,7.4020324,4.5480146]},"faces":{"east":{"uv":[8.875,5.75,9.25,6.0],"rotation":0,"texture":"#0","tintindex":0},"south":{"uv":[5.25,10.375,5.25,10.625],"rotation":0,"texture":"#0","tintindex":0},"north":{"uv":[5.1875,10.375,5.1875,10.625],"rotation":0,"texture":"#0","tintindex":0},"west":{"uv":[8.875,6.0625,9.25,6.3125],"rotation":0,"texture":"#0","tintindex":0},"up":{"uv":[6.125,10.75,6.125,10.375],"rotation":0,"texture":"#0","tintindex":0},"down":{"uv":[6.1875,10.375,6.1875,10.75],"rotation":0,"texture":"#0","tintindex":0}}},{"from":[6.6376147,6.358182,6.570449],"to":[9.494758,8.643896,9.427592],"rotation":{"angle":0.0,"axis":"y","origin":[8.694757,11.386753,8.170449]},"faces":{"east":{"uv":[8.4375,9.375,8.75,9.625],"rotation":0,"texture":"#0","tintindex":0},"south":{"uv":[0.375,9.4375,0.6875,9.6875],"rotation":0,"texture":"#0","tintindex":0},"north":{"uv":[8.0625,9.375,8.375,9.625],"rotation":0,"texture":"#0","tintindex":0},"west":{"uv":[9.4375,2.5,9.75,2.75],"rotation":0,"texture":"#0","tintindex":0},"up":{"uv":[2.875,8.875,2.5625,8.5625],"rotation":0,"texture":"#0","tintindex":0},"down":{"uv":[3.25,8.5625,2.9375,8.875],"rotation":0,"texture":"#0","tintindex":0}}}],"display":{"head":{"translation":[0.0,-6.4,0.0],"scale":[4.0,4.0,4.0]}}}