{"textures":{"0":"modelengine:entity/nocsy_drakonin"},"elements":[{"from":[8.796465,6.3524675,5.5592756],"to":[10.522179,8.078182,7.8564186],"rotation":{"angle":-22.5,"axis":"y","origin":[7.945036,7.215325,5.279276]},"faces":{"east":{"uv":[9.75,1.9375,10.0,2.125],"rotation":0,"texture":"#0","tintindex":0},"south":{"uv":[9.5625,10.125,9.75,10.3125],"rotation":0,"texture":"#0","tintindex":0},"north":{"uv":[9.3125,10.125,9.5,10.3125],"rotation":0,"texture":"#0","tintindex":0},"west":{"uv":[9.75,2.1875,10.0,2.375],"rotation":0,"texture":"#0","tintindex":0},"up":{"uv":[3.625,10.0,3.4375,9.75],"rotation":0,"texture":"#0","tintindex":0},"down":{"uv":[4.8125,9.75,4.625,10.0],"rotation":0,"texture":"#0","tintindex":0}}},{"from":[8.066186,6.490466,9.798937],"to":[8.066186,8.77618,12.65608],"rotation":{"angle":0.0,"axis":"y","origin":[7.7804723,7.0618944,10.427509]},"faces":{"east":{"uv":[9.25,8.5625,9.5625,8.8125],"rotation":0,"texture":"#0","tintindex":0},"south":{"uv":[10.3125,8.125,10.3125,8.375],"rotation":0,"texture":"#0","tintindex":0},"north":{"uv":[6.625,9.5625,6.625,9.8125],"rotation":0,"texture":"#0","tintindex":0},"west":{"uv":[9.3125,0.625,9.625,0.875],"rotation":0,"texture":"#0","tintindex":0},"up":{"uv":[0.875,10.6875,0.875,10.375],"rotation":0,"texture":"#0","tintindex":0},"down":{"uv":[0.9375,10.375,0.9375,10.6875],"rotation":0,"texture":"#0","tintindex":0}}},{"from":[7.214758,6.3638964,9.090449],"to":[8.917615,8.066753,10.221878],"rotation":{"angle":0.0,"axis":"y","origin":[7.4947577,7.215325,7.084735]},"faces":{"east":{"uv":[6.5625,4.3125,6.6875,4.5],"rotation":0,"texture":"#0","tintindex":0},"south":{"uv":[10.125,9.875,10.3125,10.0625],"rotation":0,"texture":"#0","tintindex":0},"north":{"uv":[9.8125,10.125,10.0,10.3125],"rotation":0,"texture":"#0","tintindex":0},"west":{"uv":[2.5625,8.125,2.6875,8.3125],"rotation":0,"texture":"#0","tintindex":0},"up":{"uv":[9.25,0.75,9.0625,0.625],"rotation":0,"texture":"#0","tintindex":0},"down":{"uv":[4.875,10.3125,4.6875,10.4375],"rotation":0,"texture":"#0","tintindex":0}}},{"from":[5.6101937,6.3524675,5.5592756],"to":[7.335908,8.078182,7.8564186],"rotation":{"angle":22.5,"axis":"y","origin":[8.187337,7.215325,5.279276]},"faces":{"east":{"uv":[5.5625,9.75,5.8125,9.9375],"rotation":0,"texture":"#0","tintindex":0},"south":{"uv":[10.1875,0.0,10.375,0.1875],"rotation":0,"texture":"#0","tintindex":0},"north":{"uv":[10.0625,10.125,10.25,10.3125],"rotation":0,"texture":"#0","tintindex":0},"west":{"uv":[9.75,8.25,10.0,8.4375],"rotation":0,"texture":"#0","tintindex":0},"up":{"uv":[5.0625,10.0,4.875,9.75],"rotation":0,"texture":"#0","tintindex":0},"down":{"uv":[6.0625,9.75,5.875,10.0],"rotation":0,"texture":"#0","tintindex":0}}},{"from":[7.1473365,6.346753,5.553561],"to":[8.8844795,8.083896,7.862133],"rotation":{"angle":0.0,"axis":"y","origin":[9.615908,7.215325,5.279276]},"faces":{"east":{"uv":[0.6875,9.8125,0.9375,10.0],"rotation":0,"texture":"#0","tintindex":0},"south":{"uv":[10.1875,0.875,10.375,1.0625],"rotation":0,"texture":"#0","tintindex":0},"north":{"uv":[10.1875,0.625,10.375,0.8125],"rotation":0,"texture":"#0","tintindex":0},"west":{"uv":[1.0,9.8125,1.25,10.0],"rotation":0,"texture":"#0","tintindex":0},"up":{"uv":[1.5,10.0625,1.3125,9.8125],"rotation":0,"texture":"#0","tintindex":0},"down":{"uv":[2.25,9.8125,2.0625,10.0625],"rotation":0,"texture":"#0","tintindex":0}}},{"from":[7.9760404,6.2591753,2.8337293],"to":[7.9760404,8.544889,6.2623005],"rotation":{"angle":0.0,"axis":"y","origin":[8.318897,5.859175,2.7194428]},"faces":{"east":{"uv":[8.625,2.75,9.0,3.0],"rotation":0,"texture":"#0","tintindex":0},"south":{"uv":[1.0625,10.375,1.0625,10.625],"rotation":0,"texture":"#0","tintindex":0},"north":{"uv":[1.0,10.375,1.0,10.625],"rotation":0,"texture":"#0","tintindex":0},"west":{"uv":[5.8125,8.6875,6.1875,8.9375],"rotation":0,"texture":"#0","tintindex":0},"up":{"uv":[1.125,10.75,1.125,10.375],"rotation":0,"texture":"#0","tintindex":0},"down":{"uv":[1.1875,10.375,1.1875,10.75],"rotation":0,"texture":"#0","tintindex":0}}},{"from":[9.97604,6.2591753,2.8337293],"to":[9.97604,8.544889,6.2623005],"rotation":{"angle":-22.5,"axis":"y","origin":[7.8617544,7.4020324,4.5480146]},"faces":{"east":{"uv":[6.25,8.6875,6.625,8.9375],"rotation":0,"texture":"#0","tintindex":0},"south":{"uv":[1.3125,10.375,1.3125,10.625],"rotation":0,"texture":"#0","tintindex":0},"north":{"uv":[1.25,10.375,1.25,10.625],"rotation":0,"texture":"#0","tintindex":0},"west":{"uv":[6.6875,8.6875,7.0625,8.9375],"rotation":0,"texture":"#0","tintindex":0},"up":{"uv":[1.375,10.75,1.375,10.375],"rotation":0,"texture":"#0","tintindex":0},"down":{"uv":[1.4375,10.375,1.4375,10.75],"rotation":0,"texture":"#0","tintindex":0}}},{"from":[5.97604,6.2591753,2.8337293],"to":[5.97604,8.544889,6.2623005],"rotation":{"angle":22.5,"axis":"y","origin":[7.8617544,7.4020324,4.5480146]},"faces":{"east":{"uv":[7.125,8.6875,7.5,8.9375],"rotation":0,"texture":"#0","tintindex":0},"south":{"uv":[1.625,10.375,1.625,10.625],"rotation":0,"texture":"#0","tintindex":0},"north":{"uv":[1.5625,10.375,1.5625,10.625],"rotation":0,"texture":"#0","tintindex":0},"west":{"uv":[8.6875,7.625,9.0625,7.875],"rotation":0,"texture":"#0","tintindex":0},"up":{"uv":[1.6875,10.75,1.6875,10.375],"rotation":0,"texture":"#0","tintindex":0},"down":{"uv":[1.75,10.375,1.75,10.75],"rotation":0,"texture":"#0","tintindex":0}}},{"from":[6.6376147,6.358182,6.570449],"to":[9.494758,8.643896,9.427592],"rotation":{"angle":0.0,"axis":"y","origin":[8.694757,11.386753,8.170449]},"faces":{"east":{"uv":[9.3125,5.75,9.625,6.0],"rotation":0,"texture":"#0","tintindex":0},"south":{"uv":[9.3125,6.0625,9.625,6.3125],"rotation":0,"texture":"#0","tintindex":0},"north":{"uv":[9.3125,0.9375,9.625,1.1875],"rotation":0,"texture":"#0","tintindex":0},"west":{"uv":[9.3125,8.0,9.625,8.25],"rotation":0,"texture":"#0","tintindex":0},"up":{"uv":[0.8125,8.875,0.5,8.5625],"rotation":0,"texture":"#0","tintindex":0},"down":{"uv":[8.875,1.625,8.5625,1.9375],"rotation":0,"texture":"#0","tintindex":0}}}],"display":{"head":{"translation":[0.0,-6.4,0.0],"scale":[4.0,4.0,4.0]}}}