{"textures":{"0":"modelengine:entity/nocsy_drakonin"},"elements":[{"from":[9.3714285,7.3431034,8.313452],"to":[11.657143,7.3431034,12.88488],"rotation":{"angle":-22.5,"axis":"z","origin":[10.285714,8.885961,7.1705947]},"faces":{"east":{"uv":[10.3125,5.8125,10.8125,5.8125],"rotation":0,"texture":"#0","tintindex":0},"south":{"uv":[9.5,4.125,9.75,4.125],"rotation":0,"texture":"#0","tintindex":0},"north":{"uv":[9.5,4.0625,9.75,4.0625],"rotation":0,"texture":"#0","tintindex":0},"west":{"uv":[10.3125,5.875,10.8125,5.875],"rotation":0,"texture":"#0","tintindex":0},"up":{"uv":[6.9375,8.625,6.6875,8.125],"rotation":0,"texture":"#0","tintindex":0},"down":{"uv":[7.25,8.125,7.0,8.625],"rotation":0,"texture":"#0","tintindex":0}}},{"from":[3.771428,7.3431034,8.313452],"to":[6.0571427,7.3431034,12.88488],"rotation":{"angle":22.5,"axis":"z","origin":[5.142857,8.885961,7.1705947]},"faces":{"east":{"uv":[10.3125,7.8125,10.8125,7.8125],"rotation":0,"texture":"#0","tintindex":0},"south":{"uv":[10.3125,8.4375,10.5625,8.4375],"rotation":0,"texture":"#0","tintindex":0},"north":{"uv":[10.3125,7.75,10.5625,7.75],"rotation":0,"texture":"#0","tintindex":0},"west":{"uv":[10.3125,9.6875,10.8125,9.6875],"rotation":0,"texture":"#0","tintindex":0},"up":{"uv":[7.5625,8.625,7.3125,8.125],"rotation":0,"texture":"#0","tintindex":0},"down":{"uv":[8.4375,1.125,8.1875,1.625],"rotation":0,"texture":"#0","tintindex":0}}},{"from":[6.5714283,6.7228823,6.9336557],"to":[8.857143,9.580025,10.362227],"rotation":{"angle":0.0,"axis":"y","origin":[8.0,8.0,9.3714285]},"faces":{"east":{"uv":[3.375,8.1875,3.75,8.5],"rotation":0,"texture":"#0","tintindex":0},"south":{"uv":[9.5,4.3125,9.75,4.625],"rotation":0,"texture":"#0","tintindex":0},"north":{"uv":[9.5,3.6875,9.75,4.0],"rotation":0,"texture":"#0","tintindex":0},"west":{"uv":[3.8125,8.1875,4.1875,8.5],"rotation":0,"texture":"#0","tintindex":0},"up":{"uv":[3.25,9.3125,3.0,8.9375],"rotation":0,"texture":"#0","tintindex":0},"down":{"uv":[3.5625,8.9375,3.3125,9.3125],"rotation":0,"texture":"#0","tintindex":0}}},{"from":[6.857143,7.0085964,10.362227],"to":[8.571428,9.294311,12.076513],"rotation":{"angle":0.0,"axis":"y","origin":[8.285714,8.0,9.3714285]},"faces":{"east":{"uv":[0.5,10.0625,0.6875,10.3125],"rotation":0,"texture":"#0","tintindex":0},"south":{"uv":[0.75,10.0625,0.9375,10.3125],"rotation":0,"texture":"#0","tintindex":0},"north":{"uv":[9.0625,10.0,9.25,10.25],"rotation":0,"texture":"#0","tintindex":0},"west":{"uv":[1.0,10.0625,1.1875,10.3125],"rotation":0,"texture":"#0","tintindex":0},"up":{"uv":[3.5,10.5,3.3125,10.3125],"rotation":0,"texture":"#0","tintindex":0},"down":{"uv":[3.75,10.3125,3.5625,10.5],"rotation":0,"texture":"#0","tintindex":0}}},{"from":[6.9714284,7.2794766,11.731037],"to":[8.457143,9.336619,13.216752],"rotation":{"angle":-22.5,"axis":"x","origin":[7.714286,7.955305,12.297401]},"faces":{"east":{"uv":[10.0625,1.875,10.25,2.125],"rotation":0,"texture":"#0","tintindex":0},"south":{"uv":[10.0625,2.1875,10.25,2.4375],"rotation":0,"texture":"#0","tintindex":0},"north":{"uv":[1.5625,10.0625,1.75,10.3125],"rotation":0,"texture":"#0","tintindex":0},"west":{"uv":[2.3125,10.0625,2.5,10.3125],"rotation":0,"texture":"#0","tintindex":0},"up":{"uv":[10.5,4.5,10.3125,4.3125],"rotation":0,"texture":"#0","tintindex":0},"down":{"uv":[4.625,10.3125,4.4375,10.5],"rotation":0,"texture":"#0","tintindex":0}}},{"from":[7.714286,4.479476,12.0738945],"to":[7.714286,13.622334,20.645323],"rotation":{"angle":-22.5,"axis":"x","origin":[8.0,7.955305,12.297401]},"faces":{"east":{"uv":[2.75,5.25,3.6875,6.25],"rotation":0,"texture":"#0","tintindex":0},"south":{"uv":[9.6875,10.375,9.6875,11.375],"rotation":0,"texture":"#0","tintindex":0},"north":{"uv":[9.625,10.375,9.625,11.375],"rotation":0,"texture":"#0","tintindex":0},"west":{"uv":[3.75,5.25,4.6875,6.25],"rotation":0,"texture":"#0","tintindex":0},"up":{"uv":[9.75,11.3125,9.75,10.375],"rotation":0,"texture":"#0","tintindex":0},"down":{"uv":[10.375,9.75,10.375,10.6875],"rotation":0,"texture":"#0","tintindex":0}}}],"display":{"head":{"translation":[0.0,-6.4,0.0],"scale":[4.0,4.0,4.0]}}}