{"textures":{"0":"modelengine:entity/nocsy_drakonin4"},"elements":[{"from":[5.714286,6.155852,5.3560076],"to":[10.285714,10.727281,12.213151],"rotation":{"angle":0.0,"axis":"y","origin":[8.0,8.0,8.666262]},"faces":{"east":{"uv":[5.25,5.25,6.0,5.75],"rotation":0,"texture":"#0","tintindex":0},"south":{"uv":[5.25,5.8125,5.75,6.3125],"rotation":0,"texture":"#0","tintindex":0},"north":{"uv":[5.5,4.5625,6.0,5.0625],"rotation":0,"texture":"#0","tintindex":0},"west":{"uv":[5.5,0.0,6.25,0.5],"rotation":0,"texture":"#0","tintindex":0},"up":{"uv":[6.0,1.3125,5.5,0.5625],"rotation":0,"texture":"#0","tintindex":0},"down":{"uv":[6.0,1.375,5.5,2.125],"rotation":0,"texture":"#0","tintindex":0}}},{"from":[5.72,5.035164,10.9051895],"to":[10.280001,9.595164,15.465189],"rotation":{"angle":22.5,"axis":"x","origin":[8.0,6.861932,14.387716]},"faces":{"east":{"uv":[6.0,3.1875,6.5,3.6875],"rotation":0,"texture":"#0","tintindex":0},"south":{"uv":[6.0,3.75,6.5,4.25],"rotation":0,"texture":"#0","tintindex":0},"north":{"uv":[5.8125,5.8125,6.3125,6.3125],"rotation":0,"texture":"#0","tintindex":0},"west":{"uv":[6.0625,0.5625,6.5625,1.0625],"rotation":0,"texture":"#0","tintindex":0},"up":{"uv":[6.5625,1.625,6.0625,1.125],"rotation":0,"texture":"#0","tintindex":0},"down":{"uv":[6.5625,4.3125,6.0625,4.8125],"rotation":0,"texture":"#0","tintindex":0}}},{"from":[5.7085714,5.873857,4.072829],"to":[10.291429,10.456715,8.084257],"rotation":{"angle":45.0,"axis":"x","origin":[8.0,9.308143,7.0499716]},"faces":{"east":{"uv":[4.0,6.3125,4.4375,6.8125],"rotation":0,"texture":"#0","tintindex":0},"south":{"uv":[6.1875,1.6875,6.6875,2.1875],"rotation":0,"texture":"#0","tintindex":0},"north":{"uv":[6.0625,4.875,6.5625,5.375],"rotation":0,"texture":"#0","tintindex":0},"west":{"uv":[4.5,6.3125,4.9375,6.8125],"rotation":0,"texture":"#0","tintindex":0},"up":{"uv":[5.5,6.8125,5.0,6.375],"rotation":0,"texture":"#0","tintindex":0},"down":{"uv":[6.875,5.4375,6.375,5.875],"rotation":0,"texture":"#0","tintindex":0}}}],"display":{"head":{"translation":[0.0,-6.4,0.0],"scale":[4.0,4.0,4.0]}}}