{"textures":{"0":"modelengine:entity/nocsy_drakonin4"},"elements":[{"from":[7.8615685,6.01961,6.9694037],"to":[9.575854,8.305325,10.969404],"rotation":{"angle":-22.5,"axis":"z","origin":[8.547283,7.1624675,10.055119]},"faces":{"east":{"uv":[6.4375,8.25,6.875,8.5],"rotation":0,"texture":"#0","tintindex":0},"south":{"uv":[5.375,9.5,5.5625,9.75],"rotation":0,"texture":"#0","tintindex":0},"north":{"uv":[4.75,9.5,4.9375,9.75],"rotation":0,"texture":"#0","tintindex":0},"west":{"uv":[8.25,7.3125,8.6875,7.5625],"rotation":0,"texture":"#0","tintindex":0},"up":{"uv":[1.9375,9.4375,1.75,9.0],"rotation":0,"texture":"#0","tintindex":0},"down":{"uv":[2.1875,9.0,2.0,9.4375],"rotation":0,"texture":"#0","tintindex":0}}},{"from":[8.743996,7.7337027,9.267734],"to":[10.22971,9.219418,12.467733],"rotation":{"angle":-22.5,"axis":"x","origin":[10.964507,6.8923464,12.542049]},"faces":{"east":{"uv":[9.0,2.125,9.375,2.3125],"rotation":0,"texture":"#0","tintindex":0},"south":{"uv":[6.375,9.8125,6.5625,10.0],"rotation":0,"texture":"#0","tintindex":0},"north":{"uv":[6.125,9.8125,6.3125,10.0],"rotation":0,"texture":"#0","tintindex":0},"west":{"uv":[9.1875,8.6875,9.5625,8.875],"rotation":0,"texture":"#0","tintindex":0},"up":{"uv":[6.375,9.5,6.1875,9.125],"rotation":0,"texture":"#0","tintindex":0},"down":{"uv":[9.4375,1.625,9.25,2.0],"rotation":0,"texture":"#0","tintindex":0}}},{"from":[8.7511015,10.011505,11.382596],"to":[10.236816,10.011505,14.811168],"rotation":{"angle":-45.0,"axis":"x","origin":[9.459296,9.011791,13.44583]},"faces":{"east":{"uv":[9.125,5.6875,9.5,5.6875],"rotation":0,"texture":"#0","tintindex":0},"south":{"uv":[8.1875,0.9375,8.375,0.9375],"rotation":0,"texture":"#0","tintindex":0},"north":{"uv":[8.1875,0.875,8.375,0.875],"rotation":0,"texture":"#0","tintindex":0},"west":{"uv":[9.125,5.75,9.5,5.75],"rotation":0,"texture":"#0","tintindex":0},"up":{"uv":[9.4375,6.625,9.25,6.25],"rotation":0,"texture":"#0","tintindex":0},"down":{"uv":[9.3125,9.25,9.125,9.625],"rotation":0,"texture":"#0","tintindex":0}}},{"from":[9.424633,9.212077,11.394779],"to":[9.424633,10.697791,14.823351],"rotation":{"angle":-45.0,"axis":"x","origin":[9.459296,9.011791,13.44583]},"faces":{"east":{"uv":[9.25,0.0,9.625,0.1875],"rotation":0,"texture":"#0","tintindex":0},"south":{"uv":[6.6875,8.9375,6.6875,9.125],"rotation":0,"texture":"#0","tintindex":0},"north":{"uv":[5.4375,8.375,5.4375,8.5625],"rotation":0,"texture":"#0","tintindex":0},"west":{"uv":[9.25,2.375,9.625,2.5625],"rotation":0,"texture":"#0","tintindex":0},"up":{"uv":[1.8125,10.4375,1.8125,10.0625],"rotation":0,"texture":"#0","tintindex":0},"down":{"uv":[1.875,10.0625,1.875,10.4375],"rotation":0,"texture":"#0","tintindex":0}}}],"display":{"head":{"translation":[0.0,-6.4,0.0],"scale":[4.0,4.0,4.0]}}}