{"textures":{"0":"modelengine:entity/nocsy_drakonin4"},"elements":[{"from":[-1.716507,7.0885715,4.5414524],"to":[7.997779,8.802857,6.2557383],"rotation":{"angle":22.5,"axis":"y","origin":[7.140636,7.9457145,6.5414524]},"faces":{"east":{"uv":[9.8125,3.4375,10.0,3.625],"rotation":0,"texture":"#0","tintindex":0},"south":{"uv":[6.8125,2.375,7.875,2.5625],"rotation":0,"texture":"#0","tintindex":0},"north":{"uv":[6.8125,2.125,7.875,2.3125],"rotation":0,"texture":"#0","tintindex":0},"west":{"uv":[3.625,9.8125,3.8125,10.0],"rotation":0,"texture":"#0","tintindex":0},"up":{"uv":[3.8125,7.0,2.75,6.8125],"rotation":0,"texture":"#0","tintindex":0},"down":{"uv":[4.9375,6.875,3.875,7.0625],"rotation":0,"texture":"#0","tintindex":0}}},{"from":[-6.0589485,7.0942855,11.272357],"to":[0.21533728,8.797143,12.975214],"rotation":{"angle":45.0,"axis":"y","origin":[-4.636091,7.9457145,12.123786]},"faces":{"east":{"uv":[3.875,9.8125,4.0625,10.0],"rotation":0,"texture":"#0","tintindex":0},"south":{"uv":[1.25,7.875,1.9375,8.0625],"rotation":0,"texture":"#0","tintindex":0},"north":{"uv":[0.5,7.875,1.1875,8.0625],"rotation":0,"texture":"#0","tintindex":0},"west":{"uv":[4.75,9.8125,4.9375,10.0],"rotation":0,"texture":"#0","tintindex":0},"up":{"uv":[8.5625,1.8125,7.875,1.625],"rotation":0,"texture":"#0","tintindex":0},"down":{"uv":[8.5625,1.875,7.875,2.0625],"rotation":0,"texture":"#0","tintindex":0}}},{"from":[-6.4716063,7.0885715,11.91591],"to":[-4.7573204,8.802857,18.201626],"rotation":{"angle":-22.5,"axis":"y","origin":[-7.900178,7.9457145,12.773053]},"faces":{"east":{"uv":[2.0,7.875,2.6875,8.0625],"rotation":0,"texture":"#0","tintindex":0},"south":{"uv":[9.8125,5.5,10.0,5.6875],"rotation":0,"texture":"#0","tintindex":0},"north":{"uv":[5.25,9.8125,5.4375,10.0],"rotation":0,"texture":"#0","tintindex":0},"west":{"uv":[7.875,7.625,8.5625,7.8125],"rotation":0,"texture":"#0","tintindex":0},"up":{"uv":[5.6875,8.5625,5.5,7.875],"rotation":0,"texture":"#0","tintindex":0},"down":{"uv":[5.9375,7.875,5.75,8.5625],"rotation":0,"texture":"#0","tintindex":0}}},{"from":[-10.287937,8.002857,4.5414524],"to":[7.997779,8.117143,27.970026],"rotation":{"angle":0.0,"axis":"y","origin":[7.140636,7.9457145,6.5414524]},"faces":{"east":{"uv":[7.375,4.5625,9.9375,4.625],"rotation":0,"texture":"#0","tintindex":0},"south":{"uv":[7.875,7.875,9.875,7.9375],"rotation":0,"texture":"#0","tintindex":0},"north":{"uv":[7.8125,6.6875,9.8125,6.75],"rotation":0,"texture":"#0","tintindex":0},"west":{"uv":[7.375,4.6875,9.9375,4.75],"rotation":0,"texture":"#0","tintindex":0},"up":{"uv":[2.0,5.1875,0.0,2.625],"rotation":0,"texture":"#0","tintindex":0},"down":{"uv":[4.0625,2.625,2.0625,5.1875],"rotation":0,"texture":"#0","tintindex":0}}}],"display":{"head":{"translation":[0.0,-6.4,0.0],"scale":[4.0,4.0,4.0]}}}