{"textures":{"0":"modelengine:entity/nocsy_drakonin4"},"elements":[{"from":[3.771428,7.3431034,8.313452],"to":[6.0571427,7.3431034,12.88488],"rotation":{"angle":22.5,"axis":"z","origin":[5.142857,8.885961,7.1705947]},"faces":{"east":{"uv":[10.0,6.375,10.5,6.375],"rotation":0,"texture":"#0","tintindex":0},"south":{"uv":[10.0,6.4375,10.25,6.4375],"rotation":0,"texture":"#0","tintindex":0},"north":{"uv":[9.0,0.625,9.25,0.625],"rotation":0,"texture":"#0","tintindex":0},"west":{"uv":[10.0,8.5625,10.5,8.5625],"rotation":0,"texture":"#0","tintindex":0},"up":{"uv":[5.375,8.5,5.125,8.0],"rotation":0,"texture":"#0","tintindex":0},"down":{"uv":[5.375,8.0,5.125,8.5],"rotation":0,"texture":"#0","tintindex":0}}},{"from":[9.3714285,7.3431034,8.313452],"to":[11.657143,7.3431034,12.88488],"rotation":{"angle":-22.5,"axis":"z","origin":[10.285714,8.885961,7.1705947]},"faces":{"east":{"uv":[10.5,8.5625,10.0,8.5625],"rotation":0,"texture":"#0","tintindex":0},"south":{"uv":[10.25,6.4375,10.0,6.4375],"rotation":0,"texture":"#0","tintindex":0},"north":{"uv":[9.25,0.625,9.0,0.625],"rotation":0,"texture":"#0","tintindex":0},"west":{"uv":[10.5,6.375,10.0,6.375],"rotation":0,"texture":"#0","tintindex":0},"up":{"uv":[5.125,8.5,5.375,8.0],"rotation":0,"texture":"#0","tintindex":0},"down":{"uv":[5.125,8.0,5.375,8.5],"rotation":0,"texture":"#0","tintindex":0}}},{"from":[6.5714283,6.7228823,6.9336557],"to":[8.857143,9.580025,10.362227],"rotation":{"angle":0.0,"axis":"y","origin":[8.0,8.0,9.3714285]},"faces":{"east":{"uv":[8.25,5.9375,8.625,6.25],"rotation":0,"texture":"#0","tintindex":0},"south":{"uv":[9.1875,8.3125,9.4375,8.625],"rotation":0,"texture":"#0","tintindex":0},"north":{"uv":[9.1875,7.3125,9.4375,7.625],"rotation":0,"texture":"#0","tintindex":0},"west":{"uv":[6.0,8.25,6.375,8.5625],"rotation":0,"texture":"#0","tintindex":0},"up":{"uv":[8.3125,8.9375,8.0625,8.5625],"rotation":0,"texture":"#0","tintindex":0},"down":{"uv":[2.625,8.875,2.375,9.25],"rotation":0,"texture":"#0","tintindex":0}}},{"from":[6.857143,7.0085964,10.362227],"to":[8.571428,9.294311,12.076513],"rotation":{"angle":0.0,"axis":"y","origin":[8.285714,8.0,9.3714285]},"faces":{"east":{"uv":[9.75,7.125,9.9375,7.375],"rotation":0,"texture":"#0","tintindex":0},"south":{"uv":[7.3125,9.75,7.5,10.0],"rotation":0,"texture":"#0","tintindex":0},"north":{"uv":[9.75,6.8125,9.9375,7.0625],"rotation":0,"texture":"#0","tintindex":0},"west":{"uv":[7.5625,9.75,7.75,10.0],"rotation":0,"texture":"#0","tintindex":0},"up":{"uv":[10.1875,1.375,10.0,1.1875],"rotation":0,"texture":"#0","tintindex":0},"down":{"uv":[10.1875,2.375,10.0,2.5625],"rotation":0,"texture":"#0","tintindex":0}}}],"display":{"head":{"translation":[0.0,-6.4,0.0],"scale":[4.0,4.0,4.0]}}}