{"textures":{"0":"modelengine:entity/nocsy_drakonin4"},"elements":[{"from":[6.0,4.4428897,5.63138],"to":[10.0,8.44289,9.63138],"rotation":{"angle":22.5,"axis":"x","origin":[7.142857,5.932515,12.033907]},"faces":{"east":{"uv":[2.75,7.0625,3.1875,7.5],"rotation":0,"texture":"#0","tintindex":0},"south":{"uv":[3.25,7.0625,3.6875,7.5],"rotation":0,"texture":"#0","tintindex":0},"north":{"uv":[7.0625,2.625,7.5,3.0625],"rotation":0,"texture":"#0","tintindex":0},"west":{"uv":[6.0,7.0625,6.4375,7.5],"rotation":0,"texture":"#0","tintindex":0},"up":{"uv":[7.5,7.3125,7.0625,6.875],"rotation":0,"texture":"#0","tintindex":0},"down":{"uv":[4.1875,7.125,3.75,7.5625],"rotation":0,"texture":"#0","tintindex":0}}}],"display":{"head":{"translation":[0.0,-6.4,0.0],"scale":[4.0,4.0,4.0]}}}