{"textures":{"0":"modelengine:entity/nocsy_drakonin4"},"elements":[{"from":[7.2436743,7.2633896,7.62569],"to":[8.729388,9.320533,9.111404],"rotation":{"angle":0.0,"axis":"y","origin":[7.9865313,7.939218,8.192054]},"faces":{"east":{"uv":[9.75,8.3125,9.9375,8.5625],"rotation":0,"texture":"#0","tintindex":0},"south":{"uv":[8.4375,9.75,8.625,10.0],"rotation":0,"texture":"#0","tintindex":0},"north":{"uv":[9.75,8.0,9.9375,8.25],"rotation":0,"texture":"#0","tintindex":0},"west":{"uv":[9.75,8.9375,9.9375,9.1875],"rotation":0,"texture":"#0","tintindex":0},"up":{"uv":[10.1875,4.25,10.0,4.0625],"rotation":0,"texture":"#0","tintindex":0},"down":{"uv":[10.1875,4.3125,10.0,4.5],"rotation":0,"texture":"#0","tintindex":0}}},{"from":[7.9865313,5.435849,8.300872],"to":[7.9865313,14.578707,19.158016],"rotation":{"angle":0.0,"axis":"y","origin":[7.9865313,9.950135,12.358015]},"faces":{"east":{"uv":[5.1875,5.25,4.0,6.25],"rotation":0,"texture":"#0","tintindex":0},"south":{"uv":[3.8125,10.0625,3.8125,11.0625],"rotation":0,"texture":"#0","tintindex":0},"north":{"uv":[3.75,10.0625,3.75,11.0625],"rotation":0,"texture":"#0","tintindex":0},"west":{"uv":[4.0,5.25,5.1875,6.25],"rotation":0,"texture":"#0","tintindex":0},"up":{"uv":[3.875,11.25,3.875,10.0625],"rotation":0,"texture":"#0","tintindex":0},"down":{"uv":[3.9375,10.0625,3.9375,11.25],"rotation":0,"texture":"#0","tintindex":0}}},{"from":[7.9109187,3.907278,8.986587],"to":[7.9109187,13.050135,19.84373],"rotation":{"angle":-45.0,"axis":"z","origin":[7.996633,8.407278,13.04373]},"faces":{"east":{"uv":[5.5625,10.0625,4.375,11.0625],"rotation":0,"texture":"#0","tintindex":0},"south":{"uv":[3.8125,10.0625,3.8125,11.0625],"rotation":0,"texture":"#0","tintindex":0},"north":{"uv":[3.75,10.0625,3.75,11.0625],"rotation":0,"texture":"#0","tintindex":0},"west":{"uv":[4.375,10.0625,5.5625,11.0625],"rotation":0,"texture":"#0","tintindex":0},"up":{"uv":[3.875,11.25,3.875,10.0625],"rotation":0,"texture":"#0","tintindex":0},"down":{"uv":[3.9375,10.0625,3.9375,11.25],"rotation":0,"texture":"#0","tintindex":0}}},{"from":[8.062144,3.907278,8.986587],"to":[8.062144,13.050135,19.84373],"rotation":{"angle":45.0,"axis":"z","origin":[7.97643,8.407278,13.04373]},"faces":{"east":{"uv":[5.5625,10.0625,4.375,11.0625],"rotation":0,"texture":"#0","tintindex":0},"south":{"uv":[3.8125,10.0625,3.8125,11.0625],"rotation":0,"texture":"#0","tintindex":0},"north":{"uv":[3.75,10.0625,3.75,11.0625],"rotation":0,"texture":"#0","tintindex":0},"west":{"uv":[4.375,10.0625,5.5625,11.0625],"rotation":0,"texture":"#0","tintindex":0},"up":{"uv":[3.875,11.25,3.875,10.0625],"rotation":0,"texture":"#0","tintindex":0},"down":{"uv":[3.9375,10.0625,3.9375,11.25],"rotation":0,"texture":"#0","tintindex":0}}}],"display":{"head":{"translation":[0.0,-6.4,0.0],"scale":[4.0,4.0,4.0]}}}