{"textures":{"0":"modelengine:entity/nm_alligator_texture"},"elements":[{"from":[5.3147287,6.8845644,6.582303],"to":[8.171871,8.027422,9.4394455],"rotation":{"angle":22.5,"axis":"z","origin":[6.786157,8.241708,8.296589]},"faces":{"east":{"uv":[11.5,11.0,12.75,11.5],"rotation":0,"texture":"#0","tintindex":0},"south":{"uv":[11.5,11.5,12.75,12.0],"rotation":0,"texture":"#0","tintindex":0},"north":{"uv":[7.5,11.5,8.75,12.0],"rotation":0,"texture":"#0","tintindex":0},"west":{"uv":[11.75,0.0,13.0,0.5],"rotation":0,"texture":"#0","tintindex":0},"up":{"uv":[10.0,10.25,8.75,9.0],"rotation":0,"texture":"#0","tintindex":0},"down":{"uv":[1.25,9.25,0.0,10.5],"rotation":0,"texture":"#0","tintindex":0}}},{"from":[4.726217,6.2148843,6.131983],"to":[6.4405026,6.786313,8.989126],"rotation":{"angle":45.0,"axis":"y","origin":[5.726217,7.2148843,7.7034116]},"faces":{"east":{"uv":[3.75,12.5,5.0,12.75],"rotation":0,"texture":"#0","tintindex":0},"south":{"uv":[12.75,4.0,13.5,4.25],"rotation":0,"texture":"#0","tintindex":0},"north":{"uv":[4.0,12.75,4.75,13.0],"rotation":0,"texture":"#0","tintindex":0},"west":{"uv":[5.0,12.5,6.25,12.75],"rotation":0,"texture":"#0","tintindex":0},"up":{"uv":[6.0,12.5,5.25,11.25],"rotation":0,"texture":"#0","tintindex":0},"down":{"uv":[6.75,11.25,6.0,12.5],"rotation":0,"texture":"#0","tintindex":0}}}],"display":{"head":{"translation":[0.0,-6.4,0.0],"scale":[4.0,4.0,4.0]}}}