{"textures":{"0":"modelengine:entity/nm_alligator_texture"},"elements":[{"from":[9.559498,6.3577414,6.27484],"to":[11.273783,6.92917,9.131983],"rotation":{"angle":-45.0,"axis":"y","origin":[10.273783,7.3577414,7.8462687]},"faces":{"east":{"uv":[12.5,5.0,13.75,5.25],"rotation":0,"texture":"#0","tintindex":0},"south":{"uv":[12.75,4.5,13.5,4.75],"rotation":0,"texture":"#0","tintindex":0},"north":{"uv":[12.75,4.25,13.5,4.5],"rotation":0,"texture":"#0","tintindex":0},"west":{"uv":[12.5,5.25,13.75,5.5],"rotation":0,"texture":"#0","tintindex":0},"up":{"uv":[7.5,12.5,6.75,11.25],"rotation":0,"texture":"#0","tintindex":0},"down":{"uv":[12.0,7.75,11.25,9.0],"rotation":0,"texture":"#0","tintindex":0}}},{"from":[7.8281283,7.0274215,6.72516],"to":[10.685271,8.170279,9.582303],"rotation":{"angle":-22.5,"axis":"z","origin":[9.213842,8.384564,8.4394455]},"faces":{"east":{"uv":[11.75,1.0,13.0,1.5],"rotation":0,"texture":"#0","tintindex":0},"south":{"uv":[11.75,1.5,13.0,2.0],"rotation":0,"texture":"#0","tintindex":0},"north":{"uv":[11.75,0.5,13.0,1.0],"rotation":0,"texture":"#0","tintindex":0},"west":{"uv":[11.75,3.0,13.0,3.5],"rotation":0,"texture":"#0","tintindex":0},"up":{"uv":[10.5,1.25,9.25,0.0],"rotation":0,"texture":"#0","tintindex":0},"down":{"uv":[10.5,1.25,9.25,2.5],"rotation":0,"texture":"#0","tintindex":0}}}],"display":{"head":{"translation":[0.0,-6.4,0.0],"scale":[4.0,4.0,4.0]}}}