{"textures":{"0":"modelengine:entity/nm_alligator_texture"},"elements":[{"from":[6.55,7.6818466,1.9940243],"to":[9.407143,8.253275,5.9940243],"rotation":{"angle":0.0,"axis":"y","origin":[7.4071426,6.110418,12.565454]},"faces":{"east":{"uv":[7.0,4.5,8.75,4.75],"rotation":0,"texture":"#0","tintindex":0},"south":{"uv":[12.25,12.0,13.5,12.25],"rotation":0,"texture":"#0","tintindex":0},"north":{"uv":[10.0,12.25,11.25,12.5],"rotation":0,"texture":"#0","tintindex":0},"west":{"uv":[12.0,8.0,13.75,8.25],"rotation":0,"texture":"#0","tintindex":0},"up":{"uv":[6.25,9.5,5.0,7.75],"rotation":0,"texture":"#0","tintindex":0},"down":{"uv":[7.5,7.75,6.25,9.5],"rotation":0,"texture":"#0","tintindex":0}}},{"from":[5.9785714,7.6818466,5.9940243],"to":[9.978572,8.253275,8.279738],"rotation":{"angle":0.0,"axis":"y","origin":[7.9785714,6.110418,12.565454]},"faces":{"east":{"uv":[1.0,12.75,2.0,13.0],"rotation":0,"texture":"#0","tintindex":0},"south":{"uv":[12.0,8.5,13.75,8.75],"rotation":0,"texture":"#0","tintindex":0},"north":{"uv":[12.0,8.25,13.75,8.5],"rotation":0,"texture":"#0","tintindex":0},"west":{"uv":[2.0,12.75,3.0,13.0],"rotation":0,"texture":"#0","tintindex":0},"up":{"uv":[3.25,10.0,1.5,9.0],"rotation":0,"texture":"#0","tintindex":0},"down":{"uv":[5.0,9.0,3.25,10.0],"rotation":0,"texture":"#0","tintindex":0}}},{"from":[6.8351426,8.253275,2.2797384],"to":[6.8351426,8.824704,2.8511672],"rotation":{"angle":0.0,"axis":"y","origin":[7.1494284,9.396132,5.9940243]},"faces":{"east":{"uv":[9.0,12.75,9.25,13.0],"rotation":0,"texture":"#0","tintindex":0},"south":{"uv":[0.0,0.0,0.0,0.25],"rotation":0,"texture":"#0","tintindex":0},"north":{"uv":[0.0,0.0,0.0,0.25],"rotation":0,"texture":"#0","tintindex":0},"west":{"uv":[9.25,12.75,9.5,13.0],"rotation":0,"texture":"#0","tintindex":0},"up":{"uv":[0.0,0.25,0.0,0.0],"rotation":0,"texture":"#0","tintindex":0},"down":{"uv":[0.0,0.0,0.0,0.25],"rotation":0,"texture":"#0","tintindex":0}}},{"from":[6.8351426,8.253275,3.422596],"to":[6.8351426,8.824704,3.9940243],"rotation":{"angle":0.0,"axis":"y","origin":[7.1494284,9.396132,5.9940243]},"faces":{"east":{"uv":[9.5,12.75,9.75,13.0],"rotation":0,"texture":"#0","tintindex":0},"south":{"uv":[0.0,0.0,0.0,0.25],"rotation":0,"texture":"#0","tintindex":0},"north":{"uv":[0.0,0.0,0.0,0.25],"rotation":0,"texture":"#0","tintindex":0},"west":{"uv":[9.75,12.75,10.0,13.0],"rotation":0,"texture":"#0","tintindex":0},"up":{"uv":[0.0,0.25,0.0,0.0],"rotation":0,"texture":"#0","tintindex":0},"down":{"uv":[0.0,0.0,0.0,0.25],"rotation":0,"texture":"#0","tintindex":0}}},{"from":[6.8351426,8.253275,4.565453],"to":[6.8351426,8.824704,5.136882],"rotation":{"angle":0.0,"axis":"y","origin":[7.1494284,9.396132,5.9940243]},"faces":{"east":{"uv":[12.75,9.75,13.0,10.0],"rotation":0,"texture":"#0","tintindex":0},"south":{"uv":[0.0,0.0,0.0,0.25],"rotation":0,"texture":"#0","tintindex":0},"north":{"uv":[0.0,0.0,0.0,0.25],"rotation":0,"texture":"#0","tintindex":0},"west":{"uv":[10.0,12.75,10.25,13.0],"rotation":0,"texture":"#0","tintindex":0},"up":{"uv":[0.0,0.25,0.0,0.0],"rotation":0,"texture":"#0","tintindex":0},"down":{"uv":[0.0,0.0,0.0,0.25],"rotation":0,"texture":"#0","tintindex":0}}},{"from":[9.120857,8.253275,4.565453],"to":[9.120857,8.824704,5.136882],"rotation":{"angle":0.0,"axis":"y","origin":[7.578,9.396132,6.1368814]},"faces":{"east":{"uv":[12.75,10.0,13.0,10.25],"rotation":0,"texture":"#0","tintindex":0},"south":{"uv":[0.0,0.0,0.0,0.25],"rotation":0,"texture":"#0","tintindex":0},"north":{"uv":[0.0,0.0,0.0,0.25],"rotation":0,"texture":"#0","tintindex":0},"west":{"uv":[10.25,12.75,10.5,13.0],"rotation":0,"texture":"#0","tintindex":0},"up":{"uv":[0.0,0.25,0.0,0.0],"rotation":0,"texture":"#0","tintindex":0},"down":{"uv":[0.0,0.0,0.0,0.25],"rotation":0,"texture":"#0","tintindex":0}}},{"from":[9.120857,8.253275,3.422596],"to":[9.120857,8.824704,3.9940243],"rotation":{"angle":0.0,"axis":"y","origin":[7.578,9.396132,6.1368814]},"faces":{"east":{"uv":[12.75,10.25,13.0,10.5],"rotation":0,"texture":"#0","tintindex":0},"south":{"uv":[0.0,0.0,0.0,0.25],"rotation":0,"texture":"#0","tintindex":0},"north":{"uv":[0.0,0.0,0.0,0.25],"rotation":0,"texture":"#0","tintindex":0},"west":{"uv":[10.5,12.75,10.75,13.0],"rotation":0,"texture":"#0","tintindex":0},"up":{"uv":[0.0,0.25,0.0,0.0],"rotation":0,"texture":"#0","tintindex":0},"down":{"uv":[0.0,0.0,0.0,0.25],"rotation":0,"texture":"#0","tintindex":0}}},{"from":[9.120857,8.253275,2.2797384],"to":[9.120857,8.824704,2.8511672],"rotation":{"angle":0.0,"axis":"y","origin":[7.578,9.396132,6.1368814]},"faces":{"east":{"uv":[12.75,10.5,13.0,10.75],"rotation":0,"texture":"#0","tintindex":0},"south":{"uv":[0.0,0.0,0.0,0.25],"rotation":0,"texture":"#0","tintindex":0},"north":{"uv":[0.0,0.0,0.0,0.25],"rotation":0,"texture":"#0","tintindex":0},"west":{"uv":[10.75,12.75,11.0,13.0],"rotation":0,"texture":"#0","tintindex":0},"up":{"uv":[0.0,0.25,0.0,0.0],"rotation":0,"texture":"#0","tintindex":0},"down":{"uv":[0.0,0.0,0.0,0.25],"rotation":0,"texture":"#0","tintindex":0}}},{"from":[8.264286,8.253275,2.2797384],"to":[8.835714,8.824704,2.2797384],"rotation":{"angle":0.0,"axis":"y","origin":[7.4071426,9.396132,6.2797384]},"faces":{"east":{"uv":[0.0,0.0,0.0,0.25],"rotation":0,"texture":"#0","tintindex":0},"south":{"uv":[12.75,11.0,13.0,11.25],"rotation":0,"texture":"#0","tintindex":0},"north":{"uv":[11.0,12.75,11.25,13.0],"rotation":0,"texture":"#0","tintindex":0},"west":{"uv":[0.0,0.0,0.0,0.25],"rotation":0,"texture":"#0","tintindex":0},"up":{"uv":[0.25,0.0,0.0,0.0],"rotation":0,"texture":"#0","tintindex":0},"down":{"uv":[0.25,0.0,0.0,0.0],"rotation":0,"texture":"#0","tintindex":0}}},{"from":[7.1214285,8.253275,2.2797384],"to":[7.6928573,8.824704,2.2797384],"rotation":{"angle":0.0,"axis":"y","origin":[7.4071426,9.396132,6.2797384]},"faces":{"east":{"uv":[0.0,0.0,0.0,0.25],"rotation":0,"texture":"#0","tintindex":0},"south":{"uv":[12.75,11.25,13.0,11.5],"rotation":0,"texture":"#0","tintindex":0},"north":{"uv":[11.25,12.75,11.5,13.0],"rotation":0,"texture":"#0","tintindex":0},"west":{"uv":[0.0,0.0,0.0,0.25],"rotation":0,"texture":"#0","tintindex":0},"up":{"uv":[0.25,0.0,0.0,0.0],"rotation":0,"texture":"#0","tintindex":0},"down":{"uv":[0.25,0.0,0.0,0.0],"rotation":0,"texture":"#0","tintindex":0}}}],"display":{"head":{"translation":[0.0,-6.4,0.0],"scale":[4.0,4.0,4.0]}}}