{"textures":{"0":"modelengine:entity/nm_alligator_texture"},"elements":[{"from":[5.2993603,6.9988503,6.808357],"to":[8.156503,8.141707,9.094071],"rotation":{"angle":22.5,"axis":"z","origin":[6.7707887,8.355993,7.951214]},"faces":{"east":{"uv":[1.0,12.0,2.0,12.5],"rotation":0,"texture":"#0","tintindex":0},"south":{"uv":[4.0,11.5,5.25,12.0],"rotation":0,"texture":"#0","tintindex":0},"north":{"uv":[11.5,2.5,12.75,3.0],"rotation":0,"texture":"#0","tintindex":0},"west":{"uv":[4.0,12.0,5.0,12.5],"rotation":0,"texture":"#0","tintindex":0},"up":{"uv":[10.0,11.25,8.75,10.25],"rotation":0,"texture":"#0","tintindex":0},"down":{"uv":[1.25,10.5,0.0,11.5],"rotation":0,"texture":"#0","tintindex":0}}},{"from":[5.1535845,6.386313,6.1240063],"to":[6.8678703,6.9577417,8.98115],"rotation":{"angle":22.5,"axis":"y","origin":[5.010728,7.32917,7.838292]},"faces":{"east":{"uv":[12.25,12.25,13.5,12.5],"rotation":0,"texture":"#0","tintindex":0},"south":{"uv":[3.25,12.75,4.0,13.0],"rotation":0,"texture":"#0","tintindex":0},"north":{"uv":[12.75,2.75,13.5,3.0],"rotation":0,"texture":"#0","tintindex":0},"west":{"uv":[0.0,12.5,1.25,12.75],"rotation":0,"texture":"#0","tintindex":0},"up":{"uv":[3.25,12.25,2.5,11.0],"rotation":0,"texture":"#0","tintindex":0},"down":{"uv":[4.0,11.0,3.25,12.25],"rotation":0,"texture":"#0","tintindex":0}}}],"display":{"head":{"translation":[0.0,-6.4,0.0],"scale":[4.0,4.0,4.0]}}}