{"textures":{"0":"modelengine:entity/nm_alligator_texture"},"elements":[{"from":[7.843497,6.9988503,7.2369285],"to":[10.70064,8.141707,9.522643],"rotation":{"angle":-22.5,"axis":"z","origin":[9.229212,8.355993,8.379786]},"faces":{"east":{"uv":[7.5,12.0,8.5,12.5],"rotation":0,"texture":"#0","tintindex":0},"south":{"uv":[11.5,7.0,12.75,7.5],"rotation":0,"texture":"#0","tintindex":0},"north":{"uv":[11.5,5.5,12.75,6.0],"rotation":0,"texture":"#0","tintindex":0},"west":{"uv":[12.0,7.5,13.0,8.0],"rotation":0,"texture":"#0","tintindex":0},"up":{"uv":[11.75,1.0,10.5,0.0],"rotation":0,"texture":"#0","tintindex":0},"down":{"uv":[11.75,1.0,10.5,2.0],"rotation":0,"texture":"#0","tintindex":0}}},{"from":[9.13213,6.386313,6.552578],"to":[10.8464155,6.9577417,9.40972],"rotation":{"angle":-22.5,"axis":"y","origin":[10.989272,7.32917,8.266864]},"faces":{"east":{"uv":[1.25,12.5,2.5,12.75],"rotation":0,"texture":"#0","tintindex":0},"south":{"uv":[12.75,3.75,13.5,4.0],"rotation":0,"texture":"#0","tintindex":0},"north":{"uv":[12.75,3.5,13.5,3.75],"rotation":0,"texture":"#0","tintindex":0},"west":{"uv":[2.5,12.5,3.75,12.75],"rotation":0,"texture":"#0","tintindex":0},"up":{"uv":[10.75,12.25,10.0,11.0],"rotation":0,"texture":"#0","tintindex":0},"down":{"uv":[11.5,11.0,10.75,12.25],"rotation":0,"texture":"#0","tintindex":0}}}],"display":{"head":{"translation":[0.0,-6.4,0.0],"scale":[4.0,4.0,4.0]}}}