{"textures":{"0":"modelengine:entity/nm_alligator_texture"},"elements":[{"from":[5.143132,4.083493,2.5714283],"to":[10.857418,7.512065,13.428572],"rotation":{"angle":0.0,"axis":"y","origin":[8.000275,2.9406362,7.714286]},"faces":{"east":{"uv":[0.0,4.75,4.75,6.25],"rotation":0,"texture":"#0","tintindex":0},"south":{"uv":[5.0,1.5,7.5,3.0],"rotation":0,"texture":"#0","tintindex":0},"north":{"uv":[5.0,0.0,7.5,1.5],"rotation":0,"texture":"#0","tintindex":0},"west":{"uv":[4.75,4.75,9.5,6.25],"rotation":0,"texture":"#0","tintindex":0},"up":{"uv":[2.5,4.75,0.0,0.0],"rotation":0,"texture":"#0","tintindex":0},"down":{"uv":[5.0,0.0,2.5,4.75],"rotation":0,"texture":"#0","tintindex":0}}},{"from":[5.9810705,6.89692,2.5714283],"to":[5.9810705,8.039778,13.428572],"rotation":{"angle":22.5,"axis":"z","origin":[4.923928,8.039778,8.0]},"faces":{"east":{"uv":[5.0,6.25,9.75,6.75],"rotation":0,"texture":"#0","tintindex":0},"south":{"uv":[0.0,0.0,0.0,0.5],"rotation":0,"texture":"#0","tintindex":0},"north":{"uv":[0.0,0.0,0.0,0.5],"rotation":0,"texture":"#0","tintindex":0},"west":{"uv":[5.0,6.75,9.75,7.25],"rotation":0,"texture":"#0","tintindex":0},"up":{"uv":[0.0,4.75,0.0,0.0],"rotation":0,"texture":"#0","tintindex":0},"down":{"uv":[0.0,0.0,0.0,4.75],"rotation":0,"texture":"#0","tintindex":0}}},{"from":[10.018951,6.8971386,2.5714283],"to":[10.018951,8.039996,13.428572],"rotation":{"angle":-22.5,"axis":"z","origin":[11.076094,8.039996,8.0]},"faces":{"east":{"uv":[7.0,3.0,11.75,3.5],"rotation":0,"texture":"#0","tintindex":0},"south":{"uv":[0.0,0.0,0.0,0.5],"rotation":0,"texture":"#0","tintindex":0},"north":{"uv":[0.0,0.0,0.0,0.5],"rotation":0,"texture":"#0","tintindex":0},"west":{"uv":[7.0,3.5,11.75,4.0],"rotation":0,"texture":"#0","tintindex":0},"up":{"uv":[0.0,4.75,0.0,0.0],"rotation":0,"texture":"#0","tintindex":0},"down":{"uv":[0.0,0.0,0.0,4.75],"rotation":0,"texture":"#0","tintindex":0}}},{"from":[7.9997034,7.512065,2.5714283],"to":[7.9997034,8.6549225,13.428572],"rotation":{"angle":0.0,"axis":"y","origin":[5.1425605,8.083493,8.0]},"faces":{"east":{"uv":[7.0,4.0,11.75,4.5],"rotation":0,"texture":"#0","tintindex":0},"south":{"uv":[0.0,0.0,0.0,0.5],"rotation":0,"texture":"#0","tintindex":0},"north":{"uv":[0.0,0.0,0.0,0.5],"rotation":0,"texture":"#0","tintindex":0},"west":{"uv":[5.0,7.25,9.75,7.75],"rotation":0,"texture":"#0","tintindex":0},"up":{"uv":[0.0,4.75,0.0,0.0],"rotation":0,"texture":"#0","tintindex":0},"down":{"uv":[0.0,0.0,0.0,4.75],"rotation":0,"texture":"#0","tintindex":0}}}],"display":{"head":{"translation":[0.0,-6.4,0.0],"scale":[4.0,4.0,4.0]}}}