{"textures":{"0":"modelengine:entity/nm_alligator_texture"},"elements":[{"from":[6.286078,5.8908806,7.4864388],"to":[9.714649,8.748023,11.486439],"rotation":{"angle":22.5,"axis":"x","origin":[9.143221,7.319452,9.486439]},"faces":{"east":{"uv":[7.5,0.0,9.25,1.25],"rotation":0,"texture":"#0","tintindex":0},"south":{"uv":[0.0,8.0,1.5,9.25],"rotation":0,"texture":"#0","tintindex":0},"north":{"uv":[7.5,7.75,9.0,9.0],"rotation":0,"texture":"#0","tintindex":0},"west":{"uv":[7.5,1.25,9.25,2.5],"rotation":0,"texture":"#0","tintindex":0},"up":{"uv":[3.5,8.0,2.0,6.25],"rotation":0,"texture":"#0","tintindex":0},"down":{"uv":[5.0,6.25,3.5,8.0],"rotation":0,"texture":"#0","tintindex":0}}},{"from":[8.8569355,8.486444,8.515771],"to":[8.8569355,9.057873,11.944343],"rotation":{"angle":22.5,"axis":"x","origin":[9.714078,9.057873,10.515771]},"faces":{"east":{"uv":[12.0,8.75,13.5,9.0],"rotation":0,"texture":"#0","tintindex":0},"south":{"uv":[0.0,0.0,0.0,0.25],"rotation":0,"texture":"#0","tintindex":0},"north":{"uv":[0.0,0.0,0.0,0.25],"rotation":0,"texture":"#0","tintindex":0},"west":{"uv":[12.0,9.0,13.5,9.25],"rotation":0,"texture":"#0","tintindex":0},"up":{"uv":[0.0,1.5,0.0,0.0],"rotation":0,"texture":"#0","tintindex":0},"down":{"uv":[0.0,0.0,0.0,1.5],"rotation":0,"texture":"#0","tintindex":0}}},{"from":[7.142649,8.486444,8.515771],"to":[7.142649,9.057873,11.944343],"rotation":{"angle":22.5,"axis":"x","origin":[9.714078,9.057873,10.515771]},"faces":{"east":{"uv":[12.0,9.25,13.5,9.5],"rotation":0,"texture":"#0","tintindex":0},"south":{"uv":[0.0,0.0,0.0,0.25],"rotation":0,"texture":"#0","tintindex":0},"north":{"uv":[0.0,0.0,0.0,0.25],"rotation":0,"texture":"#0","tintindex":0},"west":{"uv":[12.0,9.5,13.5,9.75],"rotation":0,"texture":"#0","tintindex":0},"up":{"uv":[0.0,1.5,0.0,0.0],"rotation":0,"texture":"#0","tintindex":0},"down":{"uv":[0.0,0.0,0.0,1.5],"rotation":0,"texture":"#0","tintindex":0}}}],"display":{"head":{"translation":[0.0,-6.4,0.0],"scale":[4.0,4.0,4.0]}}}