{"textures":{"0":"modelengine:entity/nm_alligator_texture"},"elements":[{"from":[6.571792,6.9485426,7.930364],"to":[9.428935,9.234257,10.787507],"rotation":{"angle":0.0,"axis":"y","origin":[8.2860775,5.8056855,-1.7839222]},"faces":{"east":{"uv":[10.0,9.0,11.25,10.0],"rotation":0,"texture":"#0","tintindex":0},"south":{"uv":[10.0,10.0,11.25,11.0],"rotation":0,"texture":"#0","tintindex":0},"north":{"uv":[3.0,10.0,4.25,11.0],"rotation":0,"texture":"#0","tintindex":0},"west":{"uv":[6.5,10.25,7.75,11.25],"rotation":0,"texture":"#0","tintindex":0},"up":{"uv":[8.75,10.25,7.5,9.0],"rotation":0,"texture":"#0","tintindex":0},"down":{"uv":[10.25,7.75,9.0,9.0],"rotation":0,"texture":"#0","tintindex":0}}},{"from":[8.8569355,9.234257,9.216079],"to":[8.8569355,9.805686,10.501793],"rotation":{"angle":0.0,"axis":"y","origin":[9.428364,9.519972,9.073221]},"faces":{"east":{"uv":[2.5,10.75,3.0,11.0],"rotation":0,"texture":"#0","tintindex":0},"south":{"uv":[0.0,0.0,0.0,0.25],"rotation":0,"texture":"#0","tintindex":0},"north":{"uv":[0.0,0.0,0.0,0.25],"rotation":0,"texture":"#0","tintindex":0},"west":{"uv":[11.5,7.5,12.0,7.75],"rotation":0,"texture":"#0","tintindex":0},"up":{"uv":[0.0,0.5,0.0,0.0],"rotation":0,"texture":"#0","tintindex":0},"down":{"uv":[0.0,0.0,0.0,0.5],"rotation":0,"texture":"#0","tintindex":0}}},{"from":[7.142649,9.234257,9.216079],"to":[7.142649,9.805686,10.501793],"rotation":{"angle":0.0,"axis":"y","origin":[9.428364,9.519972,9.073221]},"faces":{"east":{"uv":[2.0,12.0,2.5,12.25],"rotation":0,"texture":"#0","tintindex":0},"south":{"uv":[0.0,0.0,0.0,0.25],"rotation":0,"texture":"#0","tintindex":0},"north":{"uv":[0.0,0.0,0.0,0.25],"rotation":0,"texture":"#0","tintindex":0},"west":{"uv":[4.75,12.75,5.25,13.0],"rotation":0,"texture":"#0","tintindex":0},"up":{"uv":[0.0,0.5,0.0,0.0],"rotation":0,"texture":"#0","tintindex":0},"down":{"uv":[0.0,0.0,0.0,0.5],"rotation":0,"texture":"#0","tintindex":0}}},{"from":[7.142649,8.662828,10.930365],"to":[7.142649,9.234257,13.358936],"rotation":{"angle":0.0,"axis":"y","origin":[9.428364,9.519972,9.073221]},"faces":{"east":{"uv":[6.25,12.5,7.25,12.75],"rotation":0,"texture":"#0","tintindex":0},"south":{"uv":[0.0,0.0,0.0,0.25],"rotation":0,"texture":"#0","tintindex":0},"north":{"uv":[0.0,0.0,0.0,0.25],"rotation":0,"texture":"#0","tintindex":0},"west":{"uv":[7.25,12.5,8.25,12.75],"rotation":0,"texture":"#0","tintindex":0},"up":{"uv":[0.0,1.0,0.0,0.0],"rotation":0,"texture":"#0","tintindex":0},"down":{"uv":[0.0,0.0,0.0,1.0],"rotation":0,"texture":"#0","tintindex":0}}},{"from":[8.8569355,8.662828,10.930365],"to":[8.8569355,9.234257,13.358936],"rotation":{"angle":0.0,"axis":"y","origin":[9.428364,9.519972,9.073221]},"faces":{"east":{"uv":[8.25,12.5,9.25,12.75],"rotation":0,"texture":"#0","tintindex":0},"south":{"uv":[0.0,0.0,0.0,0.25],"rotation":0,"texture":"#0","tintindex":0},"north":{"uv":[0.0,0.0,0.0,0.25],"rotation":0,"texture":"#0","tintindex":0},"west":{"uv":[9.25,12.5,10.25,12.75],"rotation":0,"texture":"#0","tintindex":0},"up":{"uv":[0.0,1.0,0.0,0.0],"rotation":0,"texture":"#0","tintindex":0},"down":{"uv":[0.0,0.0,0.0,1.0],"rotation":0,"texture":"#0","tintindex":0}}},{"from":[7.999792,8.0914,13.787508],"to":[7.999792,8.662828,15.64465],"rotation":{"angle":0.0,"axis":"y","origin":[9.428364,9.519972,9.073221]},"faces":{"east":{"uv":[8.75,4.5,9.5,4.75],"rotation":0,"texture":"#0","tintindex":0},"south":{"uv":[0.0,0.0,0.0,0.25],"rotation":0,"texture":"#0","tintindex":0},"north":{"uv":[0.0,0.0,0.0,0.25],"rotation":0,"texture":"#0","tintindex":0},"west":{"uv":[3.25,12.25,4.0,12.5],"rotation":0,"texture":"#0","tintindex":0},"up":{"uv":[0.0,0.75,0.0,0.0],"rotation":0,"texture":"#0","tintindex":0},"down":{"uv":[0.0,0.0,0.0,0.75],"rotation":0,"texture":"#0","tintindex":0}}},{"from":[7.143221,6.9485426,13.64465],"to":[8.857507,8.0914,15.930365],"rotation":{"angle":0.0,"axis":"y","origin":[8.571793,5.8056855,-1.7839222]},"faces":{"east":{"uv":[1.5,11.5,2.5,12.0],"rotation":0,"texture":"#0","tintindex":0},"south":{"uv":[8.5,12.0,9.25,12.5],"rotation":0,"texture":"#0","tintindex":0},"north":{"uv":[4.25,10.0,5.0,10.5],"rotation":0,"texture":"#0","tintindex":0},"west":{"uv":[11.75,3.5,12.75,4.0],"rotation":0,"texture":"#0","tintindex":0},"up":{"uv":[12.0,10.0,11.25,9.0],"rotation":0,"texture":"#0","tintindex":0},"down":{"uv":[12.0,10.0,11.25,11.0],"rotation":0,"texture":"#0","tintindex":0}}},{"from":[6.8575063,6.9485426,10.787507],"to":[9.143221,8.662828,13.64465],"rotation":{"angle":0.0,"axis":"y","origin":[8.571793,5.8056855,-1.7839222]},"faces":{"east":{"uv":[5.25,10.5,6.5,11.25],"rotation":0,"texture":"#0","tintindex":0},"south":{"uv":[8.75,11.25,9.75,12.0],"rotation":0,"texture":"#0","tintindex":0},"north":{"uv":[6.5,9.5,7.5,10.25],"rotation":0,"texture":"#0","tintindex":0},"west":{"uv":[1.25,10.75,2.5,11.5],"rotation":0,"texture":"#0","tintindex":0},"up":{"uv":[8.75,11.5,7.75,10.25],"rotation":0,"texture":"#0","tintindex":0},"down":{"uv":[11.25,7.75,10.25,9.0],"rotation":0,"texture":"#0","tintindex":0}}}],"display":{"head":{"translation":[0.0,-6.4,0.0],"scale":[4.0,4.0,4.0]}}}