{"textures":{"0":"modelengine:entity/nm_alligator_texture"},"elements":[{"from":[6.8714285,8.609057,3.9868317],"to":[9.157143,9.180487,6.272546],"rotation":{"angle":0.0,"axis":"y","origin":[8.014286,5.180486,13.129689]},"faces":{"east":{"uv":[11.25,12.5,12.25,12.75],"rotation":0,"texture":"#0","tintindex":0},"south":{"uv":[12.25,12.5,13.25,12.75],"rotation":0,"texture":"#0","tintindex":0},"north":{"uv":[10.25,12.5,11.25,12.75],"rotation":0,"texture":"#0","tintindex":0},"west":{"uv":[0.0,12.75,1.0,13.0],"rotation":0,"texture":"#0","tintindex":0},"up":{"uv":[11.5,3.0,10.5,2.0],"rotation":0,"texture":"#0","tintindex":0},"down":{"uv":[5.25,10.5,4.25,11.5],"rotation":0,"texture":"#0","tintindex":0}}},{"from":[6.3,7.466201,1.701117],"to":[9.728572,8.609057,3.9868317],"rotation":{"angle":0.0,"axis":"y","origin":[8.014286,5.180486,13.129689]},"faces":{"east":{"uv":[11.75,4.0,12.75,4.5],"rotation":0,"texture":"#0","tintindex":0},"south":{"uv":[0.0,11.5,1.5,12.0],"rotation":0,"texture":"#0","tintindex":0},"north":{"uv":[11.0,5.0,12.5,5.5],"rotation":0,"texture":"#0","tintindex":0},"west":{"uv":[11.75,6.0,12.75,6.5],"rotation":0,"texture":"#0","tintindex":0},"up":{"uv":[11.0,5.5,9.5,4.5],"rotation":0,"texture":"#0","tintindex":0},"down":{"uv":[6.5,9.5,5.0,10.5],"rotation":0,"texture":"#0","tintindex":0}}},{"from":[6.0142856,7.466201,3.9868317],"to":[10.014286,8.609057,6.272546],"rotation":{"angle":0.0,"axis":"y","origin":[8.014286,5.180486,13.129689]},"faces":{"east":{"uv":[11.75,6.5,12.75,7.0],"rotation":0,"texture":"#0","tintindex":0},"south":{"uv":[11.0,4.5,12.75,5.0],"rotation":0,"texture":"#0","tintindex":0},"north":{"uv":[7.5,2.5,9.25,3.0],"rotation":0,"texture":"#0","tintindex":0},"west":{"uv":[0.0,12.0,1.0,12.5],"rotation":0,"texture":"#0","tintindex":0},"up":{"uv":[3.25,9.0,1.5,8.0],"rotation":0,"texture":"#0","tintindex":0},"down":{"uv":[5.0,8.0,3.25,9.0],"rotation":0,"texture":"#0","tintindex":0}}},{"from":[6.5857143,8.278054,1.7669582],"to":[9.442858,8.849483,2.9098153],"rotation":{"angle":-22.5,"axis":"x","origin":[7.4428573,8.563768,2.338387]},"faces":{"east":{"uv":[12.75,4.75,13.25,5.0],"rotation":0,"texture":"#0","tintindex":0},"south":{"uv":[2.0,12.25,3.25,12.5],"rotation":0,"texture":"#0","tintindex":0},"north":{"uv":[12.0,10.75,13.25,11.0],"rotation":0,"texture":"#0","tintindex":0},"west":{"uv":[5.25,12.75,5.75,13.0],"rotation":0,"texture":"#0","tintindex":0},"up":{"uv":[10.5,3.0,9.25,2.5],"rotation":0,"texture":"#0","tintindex":0},"down":{"uv":[12.75,2.0,11.5,2.5],"rotation":0,"texture":"#0","tintindex":0}}},{"from":[6.5714283,6.894772,1.9868312],"to":[6.5714283,7.466201,2.55826],"rotation":{"angle":0.0,"axis":"y","origin":[6.3,7.180486,1.8439741]},"faces":{"east":{"uv":[7.5,11.25,7.75,11.5],"rotation":0,"texture":"#0","tintindex":0},"south":{"uv":[0.0,0.0,0.0,0.25],"rotation":0,"texture":"#0","tintindex":0},"north":{"uv":[0.0,0.0,0.0,0.25],"rotation":0,"texture":"#0","tintindex":0},"west":{"uv":[11.5,6.0,11.75,6.25],"rotation":0,"texture":"#0","tintindex":0},"up":{"uv":[0.0,0.25,0.0,0.0],"rotation":0,"texture":"#0","tintindex":0},"down":{"uv":[0.0,0.0,0.0,0.25],"rotation":0,"texture":"#0","tintindex":0}}},{"from":[7.1571426,6.894772,1.9868312],"to":[7.7285714,7.466201,1.9868312],"rotation":{"angle":0.0,"axis":"y","origin":[7.5857143,7.894772,6.1296887]},"faces":{"east":{"uv":[0.0,0.0,0.0,0.25],"rotation":0,"texture":"#0","tintindex":0},"south":{"uv":[12.75,6.5,13.0,6.75],"rotation":0,"texture":"#0","tintindex":0},"north":{"uv":[11.25,12.25,11.5,12.5],"rotation":0,"texture":"#0","tintindex":0},"west":{"uv":[0.0,0.0,0.0,0.25],"rotation":0,"texture":"#0","tintindex":0},"up":{"uv":[0.25,0.0,0.0,0.0],"rotation":0,"texture":"#0","tintindex":0},"down":{"uv":[0.25,0.0,0.0,0.0],"rotation":0,"texture":"#0","tintindex":0}}},{"from":[8.3,6.894772,1.9868312],"to":[8.8714285,7.466201,1.9868312],"rotation":{"angle":0.0,"axis":"y","origin":[9.157143,7.894772,6.1296887]},"faces":{"east":{"uv":[0.0,0.0,0.0,0.25],"rotation":0,"texture":"#0","tintindex":0},"south":{"uv":[12.75,6.75,13.0,7.0],"rotation":0,"texture":"#0","tintindex":0},"north":{"uv":[6.75,12.75,7.0,13.0],"rotation":0,"texture":"#0","tintindex":0},"west":{"uv":[0.0,0.0,0.0,0.25],"rotation":0,"texture":"#0","tintindex":0},"up":{"uv":[0.25,0.0,0.0,0.0],"rotation":0,"texture":"#0","tintindex":0},"down":{"uv":[0.25,0.0,0.0,0.0],"rotation":0,"texture":"#0","tintindex":0}}},{"from":[6.5714283,6.3233433,3.1296887],"to":[6.5714283,7.466201,3.7011175],"rotation":{"angle":0.0,"axis":"y","origin":[7.4428573,7.894772,6.1296887]},"faces":{"east":{"uv":[4.0,11.0,4.25,11.5],"rotation":0,"texture":"#0","tintindex":0},"south":{"uv":[0.0,0.0,0.0,0.5],"rotation":0,"texture":"#0","tintindex":0},"north":{"uv":[0.0,0.0,0.0,0.5],"rotation":0,"texture":"#0","tintindex":0},"west":{"uv":[5.0,12.0,5.25,12.5],"rotation":0,"texture":"#0","tintindex":0},"up":{"uv":[0.0,0.25,0.0,0.0],"rotation":0,"texture":"#0","tintindex":0},"down":{"uv":[0.0,0.0,0.0,0.25],"rotation":0,"texture":"#0","tintindex":0}}},{"from":[6.5714283,6.894772,4.272546],"to":[6.5714283,7.466201,4.8439746],"rotation":{"angle":0.0,"axis":"y","origin":[7.4428573,7.894772,6.1296887]},"faces":{"east":{"uv":[7.0,12.75,7.25,13.0],"rotation":0,"texture":"#0","tintindex":0},"south":{"uv":[0.0,0.0,0.0,0.25],"rotation":0,"texture":"#0","tintindex":0},"north":{"uv":[0.0,0.0,0.0,0.25],"rotation":0,"texture":"#0","tintindex":0},"west":{"uv":[12.75,7.0,13.0,7.25],"rotation":0,"texture":"#0","tintindex":0},"up":{"uv":[0.0,0.25,0.0,0.0],"rotation":0,"texture":"#0","tintindex":0},"down":{"uv":[0.0,0.0,0.0,0.25],"rotation":0,"texture":"#0","tintindex":0}}},{"from":[6.5714283,6.894772,5.4154034],"to":[6.5714283,7.466201,5.9868317],"rotation":{"angle":0.0,"axis":"y","origin":[7.4428573,7.894772,6.1296887]},"faces":{"east":{"uv":[7.25,12.75,7.5,13.0],"rotation":0,"texture":"#0","tintindex":0},"south":{"uv":[0.0,0.0,0.0,0.25],"rotation":0,"texture":"#0","tintindex":0},"north":{"uv":[0.0,0.0,0.0,0.25],"rotation":0,"texture":"#0","tintindex":0},"west":{"uv":[12.75,7.25,13.0,7.5],"rotation":0,"texture":"#0","tintindex":0},"up":{"uv":[0.0,0.25,0.0,0.0],"rotation":0,"texture":"#0","tintindex":0},"down":{"uv":[0.0,0.0,0.0,0.25],"rotation":0,"texture":"#0","tintindex":0}}},{"from":[9.456572,6.894772,1.9868312],"to":[9.456572,7.466201,2.55826],"rotation":{"angle":0.0,"axis":"y","origin":[7.8708572,7.894772,6.1296887]},"faces":{"east":{"uv":[7.5,12.75,7.75,13.0],"rotation":0,"texture":"#0","tintindex":0},"south":{"uv":[0.0,0.0,0.0,0.25],"rotation":0,"texture":"#0","tintindex":0},"north":{"uv":[0.0,0.0,0.0,0.25],"rotation":0,"texture":"#0","tintindex":0},"west":{"uv":[7.75,12.75,8.0,13.0],"rotation":0,"texture":"#0","tintindex":0},"up":{"uv":[0.0,0.25,0.0,0.0],"rotation":0,"texture":"#0","tintindex":0},"down":{"uv":[0.0,0.0,0.0,0.25],"rotation":0,"texture":"#0","tintindex":0}}},{"from":[9.456572,6.3233433,3.1296887],"to":[9.456572,7.466201,3.7011175],"rotation":{"angle":0.0,"axis":"y","origin":[7.8708572,7.894772,6.1296887]},"faces":{"east":{"uv":[12.75,5.5,13.0,6.0],"rotation":0,"texture":"#0","tintindex":0},"south":{"uv":[0.0,0.0,0.0,0.5],"rotation":0,"texture":"#0","tintindex":0},"north":{"uv":[0.0,0.0,0.0,0.5],"rotation":0,"texture":"#0","tintindex":0},"west":{"uv":[5.75,12.75,6.0,13.25],"rotation":0,"texture":"#0","tintindex":0},"up":{"uv":[0.0,0.25,0.0,0.0],"rotation":0,"texture":"#0","tintindex":0},"down":{"uv":[0.0,0.0,0.0,0.25],"rotation":0,"texture":"#0","tintindex":0}}},{"from":[9.456572,6.894772,5.4154034],"to":[9.456572,7.466201,5.9868317],"rotation":{"angle":0.0,"axis":"y","origin":[7.8708572,7.894772,6.1296887]},"faces":{"east":{"uv":[8.0,12.75,8.25,13.0],"rotation":0,"texture":"#0","tintindex":0},"south":{"uv":[0.0,0.0,0.0,0.25],"rotation":0,"texture":"#0","tintindex":0},"north":{"uv":[0.0,0.0,0.0,0.25],"rotation":0,"texture":"#0","tintindex":0},"west":{"uv":[8.25,12.75,8.5,13.0],"rotation":0,"texture":"#0","tintindex":0},"up":{"uv":[0.0,0.25,0.0,0.0],"rotation":0,"texture":"#0","tintindex":0},"down":{"uv":[0.0,0.0,0.0,0.25],"rotation":0,"texture":"#0","tintindex":0}}},{"from":[9.456572,6.894772,4.272546],"to":[9.456572,7.466201,4.8439746],"rotation":{"angle":0.0,"axis":"y","origin":[7.8708572,7.894772,6.1296887]},"faces":{"east":{"uv":[8.5,12.75,8.75,13.0],"rotation":0,"texture":"#0","tintindex":0},"south":{"uv":[0.0,0.0,0.0,0.25],"rotation":0,"texture":"#0","tintindex":0},"north":{"uv":[0.0,0.0,0.0,0.25],"rotation":0,"texture":"#0","tintindex":0},"west":{"uv":[8.75,12.75,9.0,13.0],"rotation":0,"texture":"#0","tintindex":0},"up":{"uv":[0.0,0.25,0.0,0.0],"rotation":0,"texture":"#0","tintindex":0},"down":{"uv":[0.0,0.0,0.0,0.25],"rotation":0,"texture":"#0","tintindex":0}}},{"from":[9.157143,8.609057,5.129689],"to":[9.728572,9.751915,6.8439746],"rotation":{"angle":0.0,"axis":"y","origin":[8.014286,5.180486,13.129689]},"faces":{"east":{"uv":[9.25,12.0,10.0,12.5],"rotation":0,"texture":"#0","tintindex":0},"south":{"uv":[12.75,6.0,13.0,6.5],"rotation":0,"texture":"#0","tintindex":0},"north":{"uv":[6.0,12.75,6.25,13.25],"rotation":0,"texture":"#0","tintindex":0},"west":{"uv":[12.0,9.75,12.75,10.25],"rotation":0,"texture":"#0","tintindex":0},"up":{"uv":[1.5,10.0,1.25,9.25],"rotation":0,"texture":"#0","tintindex":0},"down":{"uv":[10.0,11.25,9.75,12.0],"rotation":0,"texture":"#0","tintindex":0}}},{"from":[6.3,8.609057,5.129689],"to":[6.8714285,9.751915,6.8439746],"rotation":{"angle":0.0,"axis":"y","origin":[8.014286,5.180486,13.129689]},"faces":{"east":{"uv":[12.0,10.25,12.75,10.75],"rotation":0,"texture":"#0","tintindex":0},"south":{"uv":[6.5,12.75,6.75,13.25],"rotation":0,"texture":"#0","tintindex":0},"north":{"uv":[6.25,12.75,6.5,13.25],"rotation":0,"texture":"#0","tintindex":0},"west":{"uv":[11.5,12.0,12.25,12.5],"rotation":0,"texture":"#0","tintindex":0},"up":{"uv":[13.0,2.75,12.75,2.0],"rotation":0,"texture":"#0","tintindex":0},"down":{"uv":[3.25,12.75,3.0,13.5],"rotation":0,"texture":"#0","tintindex":0}}},{"from":[5.7285714,7.466201,6.272546],"to":[10.3,9.180487,10.272547],"rotation":{"angle":0.0,"axis":"y","origin":[8.014286,5.180486,13.129689]},"faces":{"east":{"uv":[9.75,7.0,11.5,7.75],"rotation":0,"texture":"#0","tintindex":0},"south":{"uv":[9.75,6.25,11.75,7.0],"rotation":0,"texture":"#0","tintindex":0},"north":{"uv":[9.5,5.5,11.5,6.25],"rotation":0,"texture":"#0","tintindex":0},"west":{"uv":[1.25,10.0,3.0,10.75],"rotation":0,"texture":"#0","tintindex":0},"up":{"uv":[7.0,4.75,5.0,3.0],"rotation":0,"texture":"#0","tintindex":0},"down":{"uv":[2.0,6.25,0.0,8.0],"rotation":0,"texture":"#0","tintindex":0}}}],"display":{"head":{"translation":[0.0,-6.4,0.0],"scale":[4.0,4.0,4.0]}}}