{"textures":{"0":"modelengine:entity/nocsy_drakonin_poisoncloud_animated"},"elements":[{"from":[8.285714,8.228572,0.0],"to":[8.285714,23.657143,18.857143],"rotation":{"angle":-45.0,"axis":"y","origin":[8.285714,15.942858,8.285714]},"faces":{"east":{"uv":[4.25,0.0,8.375,3.375],"rotation":0,"texture":"#0","tintindex":0},"south":{"uv":[8.5,4.0,8.5,7.375],"rotation":0,"texture":"#0","tintindex":0},"north":{"uv":[8.5,0.5,8.5,3.875],"rotation":0,"texture":"#0","tintindex":0},"west":{"uv":[8.375,0.0,4.25,3.375],"rotation":0,"texture":"#0","tintindex":0},"up":{"uv":[8.5,11.625,8.5,7.5],"rotation":0,"texture":"#0","tintindex":0},"down":{"uv":[8.625,0.5,8.625,4.625],"rotation":0,"texture":"#0","tintindex":0}}},{"from":[8.083684,8.228572,-2.2020311],"to":[8.083684,23.657143,16.655113],"rotation":{"angle":45.0,"axis":"y","origin":[8.083684,15.942858,8.083684]},"faces":{"east":{"uv":[8.375,0.0,4.25,3.375],"rotation":0,"texture":"#0","tintindex":0},"south":{"uv":[8.625,8.25,8.625,11.625],"rotation":0,"texture":"#0","tintindex":0},"north":{"uv":[8.625,4.75,8.625,8.125],"rotation":0,"texture":"#0","tintindex":0},"west":{"uv":[4.25,0.0,8.375,3.375],"rotation":0,"texture":"#0","tintindex":0},"up":{"uv":[8.75,4.625,8.75,0.5],"rotation":0,"texture":"#0","tintindex":0},"down":{"uv":[8.75,4.75,8.75,8.875],"rotation":0,"texture":"#0","tintindex":0}}},{"from":[8.597969,5.3714285,-2.3163166],"to":[8.597969,20.8,16.540827],"rotation":{"angle":0.0,"axis":"y","origin":[8.083684,15.942858,8.083684]},"faces":{"east":{"uv":[8.375,0.0,4.25,3.375],"rotation":0,"texture":"#0","tintindex":0},"south":{"uv":[8.625,8.25,8.625,11.625],"rotation":0,"texture":"#0","tintindex":0},"north":{"uv":[8.625,4.75,8.625,8.125],"rotation":0,"texture":"#0","tintindex":0},"west":{"uv":[4.25,0.0,8.375,3.375],"rotation":0,"texture":"#0","tintindex":0},"up":{"uv":[8.75,4.625,8.75,0.5],"rotation":0,"texture":"#0","tintindex":0},"down":{"uv":[8.75,4.75,8.75,8.875],"rotation":0,"texture":"#0","tintindex":0}}},{"from":[0.026540756,5.3714285,7.969398],"to":[18.883684,20.8,7.969398],"rotation":{"angle":0.0,"axis":"y","origin":[8.083684,15.942858,8.083684]},"faces":{"east":{"uv":[8.625,4.75,8.625,8.125],"rotation":0,"texture":"#0","tintindex":0},"south":{"uv":[8.375,0.0,4.25,3.375],"rotation":0,"texture":"#0","tintindex":0},"north":{"uv":[4.25,0.0,8.375,3.375],"rotation":0,"texture":"#0","tintindex":0},"west":{"uv":[8.625,8.25,8.625,11.625],"rotation":0,"texture":"#0","tintindex":0},"up":{"uv":[8.75,4.625,8.75,0.5],"rotation":90,"texture":"#0","tintindex":0},"down":{"uv":[8.75,4.75,8.75,8.875],"rotation":270,"texture":"#0","tintindex":0}}}],"display":{"head":{"translation":[0.0,-6.4,0.0],"scale":[4.0,4.0,4.0]}}}