{"textures":{"0":"modelengine:entity/nocsy_drakonin_tornado"},"elements":[{"from":[5.142857,3.4696312,4.687022],"to":[10.857143,7.469631,10.972736],"rotation":{"angle":0.0,"axis":"y","origin":[8.0,6.326774,7.487022]},"faces":{"east":{"uv":[0.0,8.5,1.375,9.375],"rotation":0,"texture":"#0","tintindex":0},"south":{"uv":[4.375,8.625,5.625,9.5],"rotation":0,"texture":"#0","tintindex":0},"north":{"uv":[3.0,8.5,4.25,9.375],"rotation":0,"texture":"#0","tintindex":0},"west":{"uv":[1.5,8.5,2.875,9.375],"rotation":0,"texture":"#0","tintindex":0},"up":{"uv":[1.25,8.375,0.0,7.0],"rotation":0,"texture":"#0","tintindex":0},"down":{"uv":[2.625,7.0,1.375,8.375],"rotation":0,"texture":"#0","tintindex":0}}},{"from":[6.0,1.0648727,5.6888485],"to":[10.0,5.0648737,9.6888485],"rotation":{"angle":45.0,"axis":"x","origin":[7.885714,3.5791593,6.945991]},"faces":{"east":{"uv":[6.75,8.75,7.625,9.625],"rotation":0,"texture":"#0","tintindex":0},"south":{"uv":[7.75,8.75,8.625,9.625],"rotation":0,"texture":"#0","tintindex":0},"north":{"uv":[5.75,8.625,6.625,9.5],"rotation":0,"texture":"#0","tintindex":0},"west":{"uv":[8.75,8.75,9.625,9.625],"rotation":0,"texture":"#0","tintindex":0},"up":{"uv":[9.75,4.0,8.875,3.125],"rotation":0,"texture":"#0","tintindex":0},"down":{"uv":[0.875,9.5,0.0,10.375],"rotation":0,"texture":"#0","tintindex":0}}},{"from":[6.857143,-0.2852335,4.534336],"to":[9.142858,2.0004811,6.8200502],"rotation":{"angle":22.5,"axis":"x","origin":[8.571428,0.7433381,4.534336]},"faces":{"east":{"uv":[9.0,5.5,9.5,6.0],"rotation":0,"texture":"#0","tintindex":0},"south":{"uv":[9.0,7.875,9.5,8.375],"rotation":0,"texture":"#0","tintindex":0},"north":{"uv":[8.875,4.125,9.375,4.625],"rotation":0,"texture":"#0","tintindex":0},"west":{"uv":[9.25,1.5,9.75,2.0],"rotation":0,"texture":"#0","tintindex":0},"up":{"uv":[1.5,10.0,1.0,9.5],"rotation":0,"texture":"#0","tintindex":0},"down":{"uv":[2.125,9.5,1.625,10.0],"rotation":0,"texture":"#0","tintindex":0}}},{"from":[7.428571,-2.4677467,5.0562887],"to":[8.571428,-1.3248892,6.199146],"rotation":{"angle":-22.5,"axis":"x","origin":[8.0,-1.8963184,5.627717]},"faces":{"east":{"uv":[0.375,5.75,0.625,6.0],"rotation":0,"texture":"#0","tintindex":0},"south":{"uv":[0.75,5.75,1.0,6.0],"rotation":0,"texture":"#0","tintindex":0},"north":{"uv":[0.0,5.75,0.25,6.0],"rotation":0,"texture":"#0","tintindex":0},"west":{"uv":[1.125,5.75,1.375,6.0],"rotation":0,"texture":"#0","tintindex":0},"up":{"uv":[1.75,6.0,1.5,5.75],"rotation":0,"texture":"#0","tintindex":0},"down":{"uv":[2.125,5.75,1.875,6.0],"rotation":0,"texture":"#0","tintindex":0}}}],"display":{"head":{"translation":[0.0,-6.4,0.0],"scale":[4.0,4.0,4.0]}}}