{"textures":{"0":"modelengine:entity/nocsy_drakonin_tornado"},"elements":[{"from":[2.5714283,13.041481,2.619823],"to":[13.428572,18.184338,12.334109],"rotation":{"angle":0.0,"axis":"y","origin":[8.0,13.898623,7.476966]},"faces":{"east":{"uv":[4.5,0.0,6.625,1.125],"rotation":0,"texture":"#0","tintindex":0},"south":{"uv":[0.0,4.5,2.375,5.625],"rotation":0,"texture":"#0","tintindex":0},"north":{"uv":[2.5,3.5,4.875,4.625],"rotation":0,"texture":"#0","tintindex":0},"west":{"uv":[4.5,1.25,6.625,2.375],"rotation":0,"texture":"#0","tintindex":0},"up":{"uv":[2.375,2.125,0.0,0.0],"rotation":0,"texture":"#0","tintindex":0},"down":{"uv":[2.375,2.25,0.0,4.375],"rotation":0,"texture":"#0","tintindex":0}}},{"from":[3.7142854,10.072613,4.6373854],"to":[12.285715,13.501184,12.065957],"rotation":{"angle":-22.5,"axis":"x","origin":[8.0,11.786899,8.351671]},"faces":{"east":{"uv":[7.25,7.875,8.875,8.625],"rotation":0,"texture":"#0","tintindex":0},"south":{"uv":[7.75,7.0,9.625,7.75],"rotation":0,"texture":"#0","tintindex":0},"north":{"uv":[5.25,7.75,7.125,8.5],"rotation":0,"texture":"#0","tintindex":0},"west":{"uv":[8.375,2.25,10.0,3.0],"rotation":0,"texture":"#0","tintindex":0},"up":{"uv":[4.375,1.625,2.5,0.0],"rotation":0,"texture":"#0","tintindex":0},"down":{"uv":[4.375,1.75,2.5,3.375],"rotation":0,"texture":"#0","tintindex":0}}}],"display":{"head":{"translation":[0.0,-6.4,0.0],"scale":[4.0,4.0,4.0]}}}