{"textures":{"0":"modelengine:entity/nm_squirrel_red_texture"},"elements":[{"from":[7.5857143,8.049021,6.995795],"to":[8.1285715,9.191878,9.852938],"rotation":{"angle":-45.0,"axis":"x","origin":[7.857143,6.334735,9.567224]},"faces":{"east":{"uv":[10.25,3.75,11.5,4.25],"rotation":0,"texture":"#0","tintindex":0},"south":{"uv":[11.0,6.75,11.25,7.25],"rotation":0,"texture":"#0","tintindex":0},"north":{"uv":[6.75,11.0,7.0,11.5],"rotation":0,"texture":"#0","tintindex":0},"west":{"uv":[4.25,10.25,5.5,10.75],"rotation":0,"texture":"#0","tintindex":0},"up":{"uv":[5.5,12.0,5.25,10.75],"rotation":0,"texture":"#0","tintindex":0},"down":{"uv":[11.0,6.5,10.75,7.75],"rotation":0,"texture":"#0","tintindex":0}}}],"display":{"head":{"translation":[0.0,-6.4,0.0],"scale":[4.0,4.0,4.0]}}}