{"textures":{"0":"modelengine:entity/nm_squirrel_red_texture"},"elements":[{"from":[7.8714285,8.049021,6.995795],"to":[8.414286,9.191878,9.852938],"rotation":{"angle":-45.0,"axis":"x","origin":[8.142858,6.334735,9.567224]},"faces":{"east":{"uv":[3.0,10.25,4.25,10.75],"rotation":0,"texture":"#0","tintindex":0},"south":{"uv":[6.5,11.0,6.75,11.5],"rotation":0,"texture":"#0","tintindex":0},"north":{"uv":[11.0,6.25,11.25,6.75],"rotation":0,"texture":"#0","tintindex":0},"west":{"uv":[10.25,3.25,11.5,3.75],"rotation":0,"texture":"#0","tintindex":0},"up":{"uv":[11.0,5.5,10.75,4.25],"rotation":0,"texture":"#0","tintindex":0},"down":{"uv":[4.75,10.75,4.5,12.0],"rotation":0,"texture":"#0","tintindex":0}}}],"display":{"head":{"translation":[0.0,-6.4,0.0],"scale":[4.0,4.0,4.0]}}}