{"textures":{"0":"modelengine:entity/nm_squirrel_red_texture"},"elements":[{"from":[7.8714285,5.9509954,7.692537],"to":[8.414286,8.808138,9.406823],"rotation":{"angle":-45.0,"axis":"x","origin":[8.142858,7.665281,9.121109]},"faces":{"east":{"uv":[9.5,3.25,10.25,4.5],"rotation":0,"texture":"#0","tintindex":0},"south":{"uv":[5.75,10.25,6.0,11.5],"rotation":0,"texture":"#0","tintindex":0},"north":{"uv":[5.5,10.25,5.75,11.5],"rotation":0,"texture":"#0","tintindex":0},"west":{"uv":[9.0,9.5,9.75,10.75],"rotation":0,"texture":"#0","tintindex":0},"up":{"uv":[1.75,11.75,1.5,11.0],"rotation":0,"texture":"#0","tintindex":0},"down":{"uv":[2.0,11.0,1.75,11.75],"rotation":0,"texture":"#0","tintindex":0}}},{"from":[7.857143,5.226557,7.3945675],"to":[8.428572,5.7979856,9.680282],"rotation":{"angle":0.0,"axis":"y","origin":[8.142858,6.6551285,9.323139]},"faces":{"east":{"uv":[10.75,5.5,11.75,5.75],"rotation":0,"texture":"#0","tintindex":0},"south":{"uv":[9.75,5.0,10.0,5.25],"rotation":0,"texture":"#0","tintindex":0},"north":{"uv":[9.5,5.0,9.75,5.25],"rotation":0,"texture":"#0","tintindex":0},"west":{"uv":[9.0,10.75,10.0,11.0],"rotation":0,"texture":"#0","tintindex":0},"up":{"uv":[10.25,11.75,10.0,10.75],"rotation":0,"texture":"#0","tintindex":0},"down":{"uv":[10.5,10.75,10.25,11.75],"rotation":0,"texture":"#0","tintindex":0}}}],"display":{"head":{"translation":[0.0,-6.4,0.0],"scale":[4.0,4.0,4.0]}}}