{"textures":{"0":"modelengine:entity/nocsy_drakonin_baby7"},"elements":[{"from":[7.199252,6.3602586,7.147766],"to":[8.913538,8.074544,8.862052],"rotation":{"angle":0.0,"axis":"y","origin":[7.548967,9.27683,8.190052]},"faces":{"east":{"uv":[3.0,11.125,3.375,11.5],"rotation":0,"texture":"#0","tintindex":0},"south":{"uv":[11.125,3.875,11.5,4.25],"rotation":0,"texture":"#0","tintindex":0},"north":{"uv":[2.5,11.125,2.875,11.5],"rotation":0,"texture":"#0","tintindex":0},"west":{"uv":[11.125,4.375,11.5,4.75],"rotation":0,"texture":"#0","tintindex":0},"up":{"uv":[11.0,11.5,10.625,11.125],"rotation":0,"texture":"#0","tintindex":0},"down":{"uv":[11.5,11.125,11.125,11.5],"rotation":0,"texture":"#0","tintindex":0}}},{"from":[7.2049665,6.3702927,6.5836687],"to":[8.907824,6.930293,7.143669],"rotation":{"angle":45.0,"axis":"x","origin":[7.4803452,6.3643703,7.1433597]},"faces":{"east":{"uv":[6.375,11.25,6.5,11.375],"rotation":0,"texture":"#0","tintindex":0},"south":{"uv":[12.625,5.625,13.0,5.75],"rotation":0,"texture":"#0","tintindex":0},"north":{"uv":[11.125,8.25,11.5,8.375],"rotation":0,"texture":"#0","tintindex":0},"west":{"uv":[11.375,9.25,11.5,9.375],"rotation":0,"texture":"#0","tintindex":0},"up":{"uv":[13.0,9.75,12.625,9.625],"rotation":0,"texture":"#0","tintindex":0},"down":{"uv":[13.0,9.875,12.625,10.0],"rotation":0,"texture":"#0","tintindex":0}}}],"display":{"head":{"translation":[0.0,-6.4,0.0],"scale":[4.0,4.0,4.0]}}}