{"textures":{"0":"modelengine:entity/nocsy_drakonin_baby7"},"elements":[{"from":[7.134258,6.616302,6.5529633],"to":[8.277115,8.330587,8.267249],"rotation":{"angle":-22.5,"axis":"x","origin":[9.288544,7.9877305,7.8786774]},"faces":{"east":{"uv":[10.125,11.0,10.5,11.375],"rotation":0,"texture":"#0","tintindex":0},"south":{"uv":[7.5,12.25,7.75,12.625],"rotation":0,"texture":"#0","tintindex":0},"north":{"uv":[12.25,7.375,12.5,7.75],"rotation":0,"texture":"#0","tintindex":0},"west":{"uv":[2.0,11.125,2.375,11.5],"rotation":0,"texture":"#0","tintindex":0},"up":{"uv":[8.125,12.625,7.875,12.25],"rotation":0,"texture":"#0","tintindex":0},"down":{"uv":[12.5,7.875,12.25,8.25],"rotation":0,"texture":"#0","tintindex":0}}}],"display":{"head":{"translation":[0.0,-6.4,0.0],"scale":[4.0,4.0,4.0]}}}