{"textures":{"0":"modelengine:entity/nocsy_drakonin_baby7"},"elements":[{"from":[7.0857143,8.151183,7.594853],"to":[8.914286,10.585469,10.269138],"rotation":{"angle":0.0,"axis":"y","origin":[7.234286,9.047367,8.844574]},"faces":{"east":{"uv":[3.875,9.25,4.375,9.75],"rotation":0,"texture":"#0","tintindex":0},"south":{"uv":[5.375,10.125,5.75,10.625],"rotation":0,"texture":"#0","tintindex":0},"north":{"uv":[4.875,10.125,5.25,10.625],"rotation":0,"texture":"#0","tintindex":0},"west":{"uv":[4.5,9.25,5.0,9.75],"rotation":0,"texture":"#0","tintindex":0},"up":{"uv":[6.25,10.625,5.875,10.125],"rotation":0,"texture":"#0","tintindex":0},"down":{"uv":[0.375,10.25,0.0,10.75],"rotation":0,"texture":"#0","tintindex":0}}},{"from":[7.1485715,9.534488,7.4850464],"to":[8.851429,11.808773,9.759332],"rotation":{"angle":-22.5,"axis":"x","origin":[8.139543,10.821501,8.789421]},"faces":{"east":{"uv":[9.375,0.75,9.875,1.25],"rotation":0,"texture":"#0","tintindex":0},"south":{"uv":[1.0,10.25,1.375,10.75],"rotation":0,"texture":"#0","tintindex":0},"north":{"uv":[0.5,10.25,0.875,10.75],"rotation":0,"texture":"#0","tintindex":0},"west":{"uv":[9.375,1.375,9.875,1.875],"rotation":0,"texture":"#0","tintindex":0},"up":{"uv":[1.875,10.75,1.5,10.25],"rotation":0,"texture":"#0","tintindex":0},"down":{"uv":[4.25,10.25,3.875,10.75],"rotation":0,"texture":"#0","tintindex":0}}}],"display":{"head":{"translation":[0.0,-6.4,0.0],"scale":[4.0,4.0,4.0]}}}