{"textures":{"0":"modelengine:entity/nocsy_drakonin_baby7"},"elements":[{"from":[7.0835,6.4026194,6.895768],"to":[8.797786,8.116905,8.610054],"rotation":{"angle":0.0,"axis":"y","origin":[8.4480715,9.319191,7.938054]},"faces":{"east":{"uv":[6.875,11.5,7.25,11.875],"rotation":0,"texture":"#0","tintindex":0},"south":{"uv":[7.375,11.5,7.75,11.875],"rotation":0,"texture":"#0","tintindex":0},"north":{"uv":[6.375,11.5,6.75,11.875],"rotation":0,"texture":"#0","tintindex":0},"west":{"uv":[7.875,11.5,8.25,11.875],"rotation":0,"texture":"#0","tintindex":0},"up":{"uv":[8.75,11.875,8.375,11.5],"rotation":0,"texture":"#0","tintindex":0},"down":{"uv":[11.875,8.75,11.5,9.125],"rotation":0,"texture":"#0","tintindex":0}}},{"from":[7.089214,6.52668,6.6157684],"to":[8.792071,7.0866804,7.1757684],"rotation":{"angle":45.0,"axis":"x","origin":[7.9406424,6.80668,6.895768]},"faces":{"east":{"uv":[1.25,12.75,1.375,12.875],"rotation":0,"texture":"#0","tintindex":0},"south":{"uv":[12.75,1.5,13.125,1.625],"rotation":0,"texture":"#0","tintindex":0},"north":{"uv":[12.75,1.25,13.125,1.375],"rotation":0,"texture":"#0","tintindex":0},"west":{"uv":[3.5,12.75,3.625,12.875],"rotation":0,"texture":"#0","tintindex":0},"up":{"uv":[13.125,1.875,12.75,1.75],"rotation":0,"texture":"#0","tintindex":0},"down":{"uv":[13.125,2.0,12.75,2.125],"rotation":0,"texture":"#0","tintindex":0}}}],"display":{"head":{"translation":[0.0,-6.4,0.0],"scale":[4.0,4.0,4.0]}}}