{"textures":{"0":"modelengine:entity/nocsy_drakonin_baby7"},"elements":[{"from":[7.142857,5.3621054,7.38417],"to":[8.857143,7.6478195,9.098455],"rotation":{"angle":22.5,"axis":"x","origin":[7.805714,6.098183,9.431297]},"faces":{"east":{"uv":[10.625,3.875,11.0,4.375],"rotation":0,"texture":"#0","tintindex":0},"south":{"uv":[4.875,10.75,5.25,11.25],"rotation":0,"texture":"#0","tintindex":0},"north":{"uv":[3.0,10.5,3.375,11.0],"rotation":0,"texture":"#0","tintindex":0},"west":{"uv":[5.375,10.75,5.75,11.25],"rotation":0,"texture":"#0","tintindex":0},"up":{"uv":[9.25,11.875,8.875,11.5],"rotation":0,"texture":"#0","tintindex":0},"down":{"uv":[9.75,11.5,9.375,11.875],"rotation":0,"texture":"#0","tintindex":0}}},{"from":[7.428571,5.8287134,8.704541],"to":[8.571428,7.5429993,10.418827],"rotation":{"angle":0.0,"axis":"y","origin":[8.0,6.6858563,9.561684]},"faces":{"east":{"uv":[9.875,11.5,10.25,11.875],"rotation":0,"texture":"#0","tintindex":0},"south":{"uv":[0.0,12.375,0.25,12.75],"rotation":0,"texture":"#0","tintindex":0},"north":{"uv":[10.75,12.25,11.0,12.625],"rotation":0,"texture":"#0","tintindex":0},"west":{"uv":[2.0,11.625,2.375,12.0],"rotation":0,"texture":"#0","tintindex":0},"up":{"uv":[0.625,12.75,0.375,12.375],"rotation":0,"texture":"#0","tintindex":0},"down":{"uv":[12.625,0.375,12.375,0.75],"rotation":0,"texture":"#0","tintindex":0}}},{"from":[8.0,6.8445826,9.131226],"to":[8.0,12.558868,14.274083],"rotation":{"angle":-45.0,"axis":"x","origin":[8.0,8.673154,11.81694]},"faces":{"east":{"uv":[7.375,2.5,8.5,3.75],"rotation":0,"texture":"#0","tintindex":0},"south":{"uv":[8.5,12.875,8.5,14.125],"rotation":0,"texture":"#0","tintindex":0},"north":{"uv":[8.375,12.875,8.375,14.125],"rotation":0,"texture":"#0","tintindex":0},"west":{"uv":[7.375,3.875,8.5,5.125],"rotation":0,"texture":"#0","tintindex":0},"up":{"uv":[8.625,14.0,8.625,12.875],"rotation":0,"texture":"#0","tintindex":0},"down":{"uv":[8.75,12.875,8.75,14.0],"rotation":0,"texture":"#0","tintindex":0}}}],"display":{"head":{"translation":[0.0,-6.4,0.0],"scale":[4.0,4.0,4.0]}}}