{"textures":{"0":"modelengine:entity/rat_brown"},"elements":[{"from":[7.714286,7.714286,8.0],"to":[8.285714,8.285714,11.428572],"rotation":{"angle":0.0,"axis":"y","origin":[8.0,7.428571,7.164007]},"faces":{"east":{"uv":[10.0,9.0,13.0,9.5],"rotation":0,"texture":"#0","tintindex":0},"south":{"uv":[11.0,14.0,11.5,14.5],"rotation":0,"texture":"#0","tintindex":0},"north":{"uv":[2.0,13.5,2.5,14.0],"rotation":0,"texture":"#0","tintindex":0},"west":{"uv":[12.0,0.0,15.0,0.5],"rotation":0,"texture":"#0","tintindex":0},"up":{"uv":[0.5,14.5,0.0,11.5],"rotation":0,"texture":"#0","tintindex":0},"down":{"uv":[1.5,11.5,1.0,14.5],"rotation":0,"texture":"#0","tintindex":0}}}],"display":{"head":{"translation":[0.0,-6.4,0.0],"scale":[4.0,4.0,4.0]}}}