{"textures":{"0":"modelengine:entity/duck_mallard"},"elements":[{"from":[6.857143,7.428571,5.714286],"to":[9.142858,8.0,8.0],"rotation":{"angle":0.0,"axis":"y","origin":[8.571428,6.757143,14.700001]},"faces":{"east":{"uv":[9.5,0.0,10.5,0.25],"rotation":0,"texture":"#0","tintindex":0},"south":{"uv":[9.5,0.5,10.5,0.75],"rotation":0,"texture":"#0","tintindex":0},"north":{"uv":[9.25,3.5,10.25,3.75],"rotation":0,"texture":"#0","tintindex":0},"west":{"uv":[2.5,9.5,3.5,9.75],"rotation":0,"texture":"#0","tintindex":0},"up":{"uv":[2.25,9.75,1.25,8.75],"rotation":0,"texture":"#0","tintindex":0},"down":{"uv":[9.75,1.25,8.75,2.25],"rotation":0,"texture":"#0","tintindex":0}}}],"display":{"head":{"translation":[0.0,-6.4,0.0],"scale":[4.0,4.0,4.0]}}}