{"textures":{"0":"modelengine:entity/duck_mallard"},"elements":[{"from":[6.857143,8.0,6.857143],"to":[9.142858,8.0,8.0],"rotation":{"angle":0.0,"axis":"y","origin":[5.714286,11.428572,10.0]},"faces":{"east":{"uv":[10.0,4.25,10.5,4.25],"rotation":0,"texture":"#0","tintindex":0},"south":{"uv":[10.0,4.5,11.0,4.5],"rotation":0,"texture":"#0","tintindex":0},"north":{"uv":[10.0,4.0,11.0,4.0],"rotation":0,"texture":"#0","tintindex":0},"west":{"uv":[10.0,7.25,10.5,7.25],"rotation":0,"texture":"#0","tintindex":0},"up":{"uv":[4.75,9.25,3.75,8.75],"rotation":0,"texture":"#0","tintindex":0},"down":{"uv":[9.75,4.0,8.75,4.5],"rotation":0,"texture":"#0","tintindex":0}}}],"display":{"head":{"translation":[0.0,-6.4,0.0],"scale":[4.0,4.0,4.0]}}}