{"textures":{"0":"modelengine:entity/nocsy_drakonin2"},"elements":[{"from":[5.82059,5.8754835,5.3885746],"to":[5.82059,8.161198,9.960003],"rotation":{"angle":-22.5,"axis":"z","origin":[5.592019,7.646912,7.6742887]},"faces":{"east":{"uv":[8.1875,0.125,8.6875,0.375],"rotation":0,"texture":"#0","tintindex":0},"south":{"uv":[2.5,8.125,2.5,8.375],"rotation":0,"texture":"#0","tintindex":0},"north":{"uv":[6.0625,7.0,6.0625,7.25],"rotation":0,"texture":"#0","tintindex":0},"west":{"uv":[8.1875,0.4375,8.6875,0.6875],"rotation":0,"texture":"#0","tintindex":0},"up":{"uv":[9.625,10.875,9.625,10.375],"rotation":0,"texture":"#0","tintindex":0},"down":{"uv":[9.6875,10.375,9.6875,10.875],"rotation":0,"texture":"#0","tintindex":0}}},{"from":[10.17941,5.8754835,5.3885746],"to":[10.17941,8.161198,9.960003],"rotation":{"angle":22.5,"axis":"z","origin":[10.407981,7.646912,7.6742887]},"faces":{"east":{"uv":[8.1875,0.75,8.6875,1.0],"rotation":0,"texture":"#0","tintindex":0},"south":{"uv":[6.0,8.25,6.0,8.5],"rotation":0,"texture":"#0","tintindex":0},"north":{"uv":[2.5625,8.125,2.5625,8.375],"rotation":0,"texture":"#0","tintindex":0},"west":{"uv":[8.1875,1.0625,8.6875,1.3125],"rotation":0,"texture":"#0","tintindex":0},"up":{"uv":[1.875,10.9375,1.875,10.4375],"rotation":0,"texture":"#0","tintindex":0},"down":{"uv":[2.6875,10.4375,2.6875,10.9375],"rotation":0,"texture":"#0","tintindex":0}}},{"from":[6.0,8.03458,5.3885746],"to":[10.0,12.03458,9.960003],"rotation":{"angle":0.0,"axis":"y","origin":[8.0,9.548865,7.734985]},"faces":{"east":{"uv":[6.6875,6.5,7.1875,6.9375],"rotation":0,"texture":"#0","tintindex":0},"south":{"uv":[7.0625,1.5,7.5,1.9375],"rotation":0,"texture":"#0","tintindex":0},"north":{"uv":[5.5625,7.0,6.0,7.4375],"rotation":0,"texture":"#0","tintindex":0},"west":{"uv":[6.8125,3.1875,7.3125,3.625],"rotation":0,"texture":"#0","tintindex":0},"up":{"uv":[7.25,4.1875,6.8125,3.6875],"rotation":0,"texture":"#0","tintindex":0},"down":{"uv":[7.25,4.25,6.8125,4.75],"rotation":0,"texture":"#0","tintindex":0}}},{"from":[5.9714284,8.320294,5.3457174],"to":[7.6857142,12.320294,5.3457174],"rotation":{"angle":0.0,"axis":"y","origin":[7.9714284,9.548865,7.6921277]},"faces":{"east":{"uv":[6.0625,8.25,6.0625,8.6875],"rotation":0,"texture":"#0","tintindex":0},"south":{"uv":[8.9375,9.1875,9.125,9.625],"rotation":0,"texture":"#0","tintindex":0},"north":{"uv":[6.25,9.1875,6.4375,9.625],"rotation":0,"texture":"#0","tintindex":0},"west":{"uv":[3.25,10.4375,3.25,10.875],"rotation":0,"texture":"#0","tintindex":0},"up":{"uv":[5.6875,5.125,5.5,5.125],"rotation":0,"texture":"#0","tintindex":0},"down":{"uv":[5.6875,5.1875,5.5,5.1875],"rotation":0,"texture":"#0","tintindex":0}}},{"from":[6.428571,8.777437,5.2885747],"to":[7.0,10.891723,5.2885747],"rotation":{"angle":0.0,"axis":"y","origin":[7.9714284,9.548865,7.6921277]},"faces":{"east":{"uv":[1.375,8.375,1.375,8.6875],"rotation":0,"texture":"#0","tintindex":0},"south":{"uv":[5.8125,9.3125,5.9375,9.625],"rotation":0,"texture":"#0","tintindex":0},"north":{"uv":[6.5,5.9375,6.625,6.25],"rotation":0,"texture":"#0","tintindex":0},"west":{"uv":[1.4375,8.375,1.4375,8.6875],"rotation":0,"texture":"#0","tintindex":0},"up":{"uv":[6.625,2.5,6.5,2.5],"rotation":0,"texture":"#0","tintindex":0},"down":{"uv":[6.625,2.5625,6.5,2.5625],"rotation":0,"texture":"#0","tintindex":0}}},{"from":[9.0,8.777437,5.2885747],"to":[9.571428,10.891723,5.2885747],"rotation":{"angle":0.0,"axis":"y","origin":[8.028571,9.548865,7.6921277]},"faces":{"east":{"uv":[1.4375,8.375,1.4375,8.6875],"rotation":0,"texture":"#0","tintindex":0},"south":{"uv":[5.9375,9.3125,5.8125,9.625],"rotation":0,"texture":"#0","tintindex":0},"north":{"uv":[6.625,5.9375,6.5,6.25],"rotation":0,"texture":"#0","tintindex":0},"west":{"uv":[1.375,8.375,1.375,8.6875],"rotation":0,"texture":"#0","tintindex":0},"up":{"uv":[6.5,2.5,6.625,2.5],"rotation":0,"texture":"#0","tintindex":0},"down":{"uv":[6.5,2.5625,6.625,2.5625],"rotation":0,"texture":"#0","tintindex":0}}},{"from":[5.9714284,8.320294,5.3457174],"to":[5.9714284,12.320294,7.0600033],"rotation":{"angle":0.0,"axis":"y","origin":[8.0,9.548865,7.734985]},"faces":{"east":{"uv":[9.1875,9.1875,9.375,9.625],"rotation":0,"texture":"#0","tintindex":0},"south":{"uv":[3.375,10.4375,3.375,10.875],"rotation":0,"texture":"#0","tintindex":0},"north":{"uv":[3.3125,10.4375,3.3125,10.875],"rotation":0,"texture":"#0","tintindex":0},"west":{"uv":[0.0,9.25,0.1875,9.6875],"rotation":0,"texture":"#0","tintindex":0},"up":{"uv":[7.5625,2.1875,7.5625,2.0],"rotation":0,"texture":"#0","tintindex":0},"down":{"uv":[6.3125,8.75,6.3125,8.9375],"rotation":0,"texture":"#0","tintindex":0}}},{"from":[10.028572,8.320294,5.3457174],"to":[10.028572,12.320294,7.0600033],"rotation":{"angle":0.0,"axis":"y","origin":[8.0,9.548865,7.734985]},"faces":{"east":{"uv":[1.625,9.25,1.8125,9.6875],"rotation":0,"texture":"#0","tintindex":0},"south":{"uv":[1.0,10.5,1.0,10.9375],"rotation":0,"texture":"#0","tintindex":0},"north":{"uv":[6.375,10.4375,6.375,10.875],"rotation":0,"texture":"#0","tintindex":0},"west":{"uv":[1.875,9.25,2.0625,9.6875],"rotation":0,"texture":"#0","tintindex":0},"up":{"uv":[8.5,9.0,8.5,8.8125],"rotation":0,"texture":"#0","tintindex":0},"down":{"uv":[9.0,7.875,9.0,8.0625],"rotation":0,"texture":"#0","tintindex":0}}},{"from":[8.314285,8.320294,5.3457174],"to":[10.028572,12.320294,5.3457174],"rotation":{"angle":0.0,"axis":"y","origin":[8.028571,9.548865,7.6921277]},"faces":{"east":{"uv":[1.0625,10.5,1.0625,10.9375],"rotation":0,"texture":"#0","tintindex":0},"south":{"uv":[2.375,9.3125,2.5625,9.75],"rotation":0,"texture":"#0","tintindex":0},"north":{"uv":[2.125,9.25,2.3125,9.6875],"rotation":0,"texture":"#0","tintindex":0},"west":{"uv":[1.9375,10.5,1.9375,10.9375],"rotation":0,"texture":"#0","tintindex":0},"up":{"uv":[6.875,2.5,6.6875,2.5],"rotation":0,"texture":"#0","tintindex":0},"down":{"uv":[6.875,2.5625,6.6875,2.5625],"rotation":0,"texture":"#0","tintindex":0}}},{"from":[8.0,11.23458,5.3885746],"to":[8.0,16.377438,11.674289],"rotation":{"angle":0.0,"axis":"y","origin":[8.0,14.606009,8.531431]},"faces":{"east":{"uv":[5.5,2.625,6.1875,3.1875],"rotation":0,"texture":"#0","tintindex":0},"south":{"uv":[2.0625,10.5,2.0625,11.0625],"rotation":0,"texture":"#0","tintindex":0},"north":{"uv":[2.0,10.5,2.0,11.0625],"rotation":0,"texture":"#0","tintindex":0},"west":{"uv":[5.5,3.25,6.1875,3.8125],"rotation":0,"texture":"#0","tintindex":0},"up":{"uv":[2.125,11.1875,2.125,10.5],"rotation":0,"texture":"#0","tintindex":0},"down":{"uv":[3.625,10.5,3.625,11.1875],"rotation":0,"texture":"#0","tintindex":0}}},{"from":[9.657143,11.3488655,6.9885745],"to":[9.657143,16.491722,13.274289],"rotation":{"angle":22.5,"axis":"y","origin":[8.0,13.920294,9.331431]},"faces":{"east":{"uv":[5.5,3.875,6.1875,4.4375],"rotation":0,"texture":"#0","tintindex":0},"south":{"uv":[3.75,10.5,3.75,11.0625],"rotation":0,"texture":"#0","tintindex":0},"north":{"uv":[3.6875,10.5,3.6875,11.0625],"rotation":0,"texture":"#0","tintindex":0},"west":{"uv":[5.5,4.5,6.1875,5.0625],"rotation":0,"texture":"#0","tintindex":0},"up":{"uv":[3.8125,11.1875,3.8125,10.5],"rotation":0,"texture":"#0","tintindex":0},"down":{"uv":[3.875,10.5,3.875,11.1875],"rotation":0,"texture":"#0","tintindex":0}}},{"from":[6.342857,11.3488655,6.9885745],"to":[6.342857,16.491722,13.274289],"rotation":{"angle":-22.5,"axis":"y","origin":[8.0,13.920294,9.331431]},"faces":{"east":{"uv":[5.75,5.125,6.4375,5.6875],"rotation":0,"texture":"#0","tintindex":0},"south":{"uv":[4.0,10.5,4.0,11.0625],"rotation":0,"texture":"#0","tintindex":0},"north":{"uv":[3.9375,10.5,3.9375,11.0625],"rotation":0,"texture":"#0","tintindex":0},"west":{"uv":[5.75,5.75,6.4375,6.3125],"rotation":0,"texture":"#0","tintindex":0},"up":{"uv":[4.0625,11.1875,4.0625,10.5],"rotation":0,"texture":"#0","tintindex":0},"down":{"uv":[4.125,10.5,4.125,11.1875],"rotation":0,"texture":"#0","tintindex":0}}},{"from":[6.857143,9.025205,3.1868653],"to":[9.142858,10.168061,6.0440087],"rotation":{"angle":0.0,"axis":"y","origin":[7.714286,9.310919,4.6154375]},"faces":{"east":{"uv":[7.375,3.5,7.6875,3.625],"rotation":0,"texture":"#0","tintindex":0},"south":{"uv":[10.4375,0.25,10.6875,0.375],"rotation":0,"texture":"#0","tintindex":0},"north":{"uv":[7.0625,3.0,7.3125,3.125],"rotation":0,"texture":"#0","tintindex":0},"west":{"uv":[9.8125,4.0625,10.125,4.1875],"rotation":0,"texture":"#0","tintindex":0},"up":{"uv":[9.6875,5.9375,9.4375,5.625],"rotation":0,"texture":"#0","tintindex":0},"down":{"uv":[9.6875,8.5625,9.4375,8.875],"rotation":0,"texture":"#0","tintindex":0}}},{"from":[6.5714283,9.93949,3.358294],"to":[9.428572,11.082347,4.501151],"rotation":{"angle":-45.0,"axis":"x","origin":[8.0,9.310919,4.6154375]},"faces":{"east":{"uv":[4.75,8.0,4.875,8.125],"rotation":0,"texture":"#0","tintindex":0},"south":{"uv":[10.1875,5.625,10.5,5.75],"rotation":0,"texture":"#0","tintindex":0},"north":{"uv":[10.1875,4.0625,10.5,4.1875],"rotation":0,"texture":"#0","tintindex":0},"west":{"uv":[8.6875,5.625,8.8125,5.75],"rotation":0,"texture":"#0","tintindex":0},"up":{"uv":[10.5,6.875,10.1875,6.75],"rotation":0,"texture":"#0","tintindex":0},"down":{"uv":[9.6875,10.1875,9.375,10.3125],"rotation":0,"texture":"#0","tintindex":0}}},{"from":[6.5714283,9.396981,4.024893],"to":[9.428572,12.825553,4.024893],"rotation":{"angle":45.0,"axis":"x","origin":[8.0,11.054124,3.2820358]},"faces":{"east":{"uv":[4.6875,10.5,4.6875,10.875],"rotation":0,"texture":"#0","tintindex":0},"south":{"uv":[1.0,8.375,1.3125,8.75],"rotation":0,"texture":"#0","tintindex":0},"north":{"uv":[0.625,8.375,0.9375,8.75],"rotation":0,"texture":"#0","tintindex":0},"west":{"uv":[4.75,10.5,4.75,10.875],"rotation":0,"texture":"#0","tintindex":0},"up":{"uv":[8.3125,2.9375,8.0,2.9375],"rotation":0,"texture":"#0","tintindex":0},"down":{"uv":[8.3125,5.125,8.0,5.125],"rotation":0,"texture":"#0","tintindex":0}}},{"from":[7.142857,8.211559,3.2912564],"to":[8.857143,9.354416,6.7198277],"rotation":{"angle":0.0,"axis":"y","origin":[6.857143,8.868702,5.180524]},"faces":{"east":{"uv":[9.3125,6.625,9.6875,6.75],"rotation":0,"texture":"#0","tintindex":0},"south":{"uv":[9.9375,6.4375,10.125,6.5625],"rotation":0,"texture":"#0","tintindex":0},"north":{"uv":[8.875,3.8125,9.0625,3.9375],"rotation":0,"texture":"#0","tintindex":0},"west":{"uv":[9.6875,1.6875,10.0625,1.8125],"rotation":0,"texture":"#0","tintindex":0},"up":{"uv":[7.4375,10.125,7.25,9.75],"rotation":0,"texture":"#0","tintindex":0},"down":{"uv":[9.9375,8.5,9.75,8.875],"rotation":0,"texture":"#0","tintindex":0}}},{"from":[7.028571,7.8115587,3.805542],"to":[7.028571,9.525845,7.2341137],"rotation":{"angle":-22.5,"axis":"x","origin":[7.028571,8.211559,5.005542]},"faces":{"east":{"uv":[9.75,5.625,10.125,5.8125],"rotation":0,"texture":"#0","tintindex":0},"south":{"uv":[7.5625,9.375,7.5625,9.5625],"rotation":0,"texture":"#0","tintindex":0},"north":{"uv":[8.4375,9.125,8.4375,9.3125],"rotation":0,"texture":"#0","tintindex":0},"west":{"uv":[2.1875,9.8125,2.5625,10.0],"rotation":0,"texture":"#0","tintindex":0},"up":{"uv":[4.8125,10.875,4.8125,10.5],"rotation":0,"texture":"#0","tintindex":0},"down":{"uv":[4.875,10.5,4.875,10.875],"rotation":0,"texture":"#0","tintindex":0}}},{"from":[8.971429,7.8115587,3.805542],"to":[8.971429,9.525845,7.2341137],"rotation":{"angle":-22.5,"axis":"x","origin":[8.971429,8.211559,5.005542]},"faces":{"east":{"uv":[2.875,9.8125,3.25,10.0],"rotation":0,"texture":"#0","tintindex":0},"south":{"uv":[6.875,9.5,6.875,9.6875],"rotation":0,"texture":"#0","tintindex":0},"north":{"uv":[1.5625,9.4375,1.5625,9.625],"rotation":0,"texture":"#0","tintindex":0},"west":{"uv":[9.8125,3.8125,10.1875,4.0],"rotation":0,"texture":"#0","tintindex":0},"up":{"uv":[10.5,5.25,10.5,4.875],"rotation":0,"texture":"#0","tintindex":0},"down":{"uv":[4.9375,10.5,4.9375,10.875],"rotation":0,"texture":"#0","tintindex":0}}},{"from":[7.142857,6.562519,3.6192708],"to":[8.857143,8.276805,3.6192708],"rotation":{"angle":-22.5,"axis":"x","origin":[8.0,7.419662,3.6192708]},"faces":{"east":{"uv":[6.9375,9.5,6.9375,9.6875],"rotation":0,"texture":"#0","tintindex":0},"south":{"uv":[10.3125,8.625,10.5,8.8125],"rotation":0,"texture":"#0","tintindex":0},"north":{"uv":[10.3125,7.5,10.5,7.6875],"rotation":0,"texture":"#0","tintindex":0},"west":{"uv":[9.625,1.375,9.625,1.5625],"rotation":0,"texture":"#0","tintindex":0},"up":{"uv":[7.9375,4.625,7.75,4.625],"rotation":0,"texture":"#0","tintindex":0},"down":{"uv":[8.25,2.4375,8.0625,2.4375],"rotation":0,"texture":"#0","tintindex":0}}}],"display":{"head":{"translation":[0.0,-6.4,0.0],"scale":[4.0,4.0,4.0]}}}