{"textures":{"0":"modelengine:entity/nocsy_drakonin2"},"elements":[{"from":[6.857143,7.06456,6.693651],"to":[6.857143,11.06456,10.122223],"rotation":{"angle":-22.5,"axis":"x","origin":[10.0,9.693131,2.4650793]},"faces":{"east":{"uv":[7.5625,4.6875,7.9375,5.125],"rotation":0,"texture":"#0","tintindex":0},"south":{"uv":[10.1875,10.5625,10.1875,11.0],"rotation":0,"texture":"#0","tintindex":0},"north":{"uv":[10.125,10.5625,10.125,11.0],"rotation":0,"texture":"#0","tintindex":0},"west":{"uv":[7.625,2.0,8.0,2.4375],"rotation":0,"texture":"#0","tintindex":0},"up":{"uv":[10.25,10.9375,10.25,10.5625],"rotation":0,"texture":"#0","tintindex":0},"down":{"uv":[10.3125,10.5625,10.3125,10.9375],"rotation":0,"texture":"#0","tintindex":0}}},{"from":[7.3142858,7.4074173,4.8079367],"to":[7.3142858,11.407417,8.236508],"rotation":{"angle":-22.5,"axis":"x","origin":[10.0,9.693131,2.4650793]},"faces":{"east":{"uv":[7.6875,5.8125,8.0625,6.25],"rotation":0,"texture":"#0","tintindex":0},"south":{"uv":[10.375,10.5625,10.375,11.0],"rotation":0,"texture":"#0","tintindex":0},"north":{"uv":[10.5625,10.3125,10.5625,10.75],"rotation":0,"texture":"#0","tintindex":0},"west":{"uv":[7.6875,6.3125,8.0625,6.75],"rotation":0,"texture":"#0","tintindex":0},"up":{"uv":[10.4375,10.9375,10.4375,10.5625],"rotation":0,"texture":"#0","tintindex":0},"down":{"uv":[10.625,1.3125,10.625,1.6875],"rotation":0,"texture":"#0","tintindex":0}}},{"from":[6.285714,5.121703,5.893651],"to":[8.571428,9.693131,9.893651],"rotation":{"angle":-22.5,"axis":"x","origin":[10.0,7.978846,8.750794]},"faces":{"east":{"uv":[3.75,6.9375,4.1875,7.4375],"rotation":0,"texture":"#0","tintindex":0},"south":{"uv":[5.375,8.25,5.625,8.75],"rotation":0,"texture":"#0","tintindex":0},"north":{"uv":[8.25,3.5,8.5,4.0],"rotation":0,"texture":"#0","tintindex":0},"west":{"uv":[6.125,6.9375,6.5625,7.4375],"rotation":0,"texture":"#0","tintindex":0},"up":{"uv":[8.8125,8.6875,8.5625,8.25],"rotation":0,"texture":"#0","tintindex":0},"down":{"uv":[6.625,8.6875,6.375,9.125],"rotation":0,"texture":"#0","tintindex":0}}}],"display":{"head":{"translation":[0.0,-6.4,0.0],"scale":[4.0,4.0,4.0]}}}