{"textures":{"0":"modelengine:entity/nocsy_drakonin2"},"elements":[{"from":[5.477821,6.3524675,5.5592756],"to":[7.203535,8.078182,7.8564186],"rotation":{"angle":22.5,"axis":"y","origin":[8.054964,7.215325,5.279276]},"faces":{"east":{"uv":[0.25,10.1875,0.5,10.375],"rotation":0,"texture":"#0","tintindex":0},"south":{"uv":[1.375,10.4375,1.5625,10.625],"rotation":0,"texture":"#0","tintindex":0},"north":{"uv":[1.125,10.4375,1.3125,10.625],"rotation":0,"texture":"#0","tintindex":0},"west":{"uv":[0.5625,10.1875,0.8125,10.375],"rotation":0,"texture":"#0","tintindex":0},"up":{"uv":[10.375,0.9375,10.1875,0.6875],"rotation":0,"texture":"#0","tintindex":0},"down":{"uv":[10.375,1.0,10.1875,1.25],"rotation":0,"texture":"#0","tintindex":0}}},{"from":[7.9338136,6.490466,9.798937],"to":[7.9338136,8.77618,12.65608],"rotation":{"angle":0.0,"axis":"y","origin":[8.219528,7.0618944,10.427509]},"faces":{"east":{"uv":[5.0625,9.625,5.375,9.875],"rotation":0,"texture":"#0","tintindex":0},"south":{"uv":[2.1875,10.625,2.1875,10.875],"rotation":0,"texture":"#0","tintindex":0},"north":{"uv":[10.625,2.0,10.625,2.25],"rotation":0,"texture":"#0","tintindex":0},"west":{"uv":[9.625,5.3125,9.9375,5.5625],"rotation":0,"texture":"#0","tintindex":0},"up":{"uv":[2.25,10.9375,2.25,10.625],"rotation":0,"texture":"#0","tintindex":0},"down":{"uv":[2.3125,10.625,2.3125,10.9375],"rotation":0,"texture":"#0","tintindex":0}}},{"from":[7.082385,6.3638964,9.090449],"to":[8.785242,8.066753,10.221878],"rotation":{"angle":0.0,"axis":"y","origin":[8.505242,7.215325,7.084735]},"faces":{"east":{"uv":[6.5,9.1875,6.625,9.375],"rotation":0,"texture":"#0","tintindex":0},"south":{"uv":[10.4375,2.375,10.625,2.5625],"rotation":0,"texture":"#0","tintindex":0},"north":{"uv":[1.625,10.4375,1.8125,10.625],"rotation":0,"texture":"#0","tintindex":0},"west":{"uv":[4.3125,9.75,4.4375,9.9375],"rotation":0,"texture":"#0","tintindex":0},"up":{"uv":[0.9375,10.625,0.75,10.5],"rotation":0,"texture":"#0","tintindex":0},"down":{"uv":[10.6875,1.8125,10.5,1.9375],"rotation":0,"texture":"#0","tintindex":0}}},{"from":[8.664092,6.3524675,5.5592756],"to":[10.389807,8.078182,7.8564186],"rotation":{"angle":-22.5,"axis":"y","origin":[7.812663,7.215325,5.279276]},"faces":{"east":{"uv":[1.3125,10.1875,1.5625,10.375],"rotation":0,"texture":"#0","tintindex":0},"south":{"uv":[3.0,10.4375,3.1875,10.625],"rotation":0,"texture":"#0","tintindex":0},"north":{"uv":[2.4375,10.4375,2.625,10.625],"rotation":0,"texture":"#0","tintindex":0},"west":{"uv":[1.625,10.1875,1.875,10.375],"rotation":0,"texture":"#0","tintindex":0},"up":{"uv":[2.125,10.4375,1.9375,10.1875],"rotation":0,"texture":"#0","tintindex":0},"down":{"uv":[10.375,2.375,10.1875,2.625],"rotation":0,"texture":"#0","tintindex":0}}},{"from":[7.1155205,6.346753,5.553561],"to":[8.852663,8.083896,7.862133],"rotation":{"angle":0.0,"axis":"y","origin":[6.384092,7.215325,5.279276]},"faces":{"east":{"uv":[2.4375,10.1875,2.6875,10.375],"rotation":0,"texture":"#0","tintindex":0},"south":{"uv":[6.125,10.4375,6.3125,10.625],"rotation":0,"texture":"#0","tintindex":0},"north":{"uv":[10.4375,6.0625,10.625,6.25],"rotation":0,"texture":"#0","tintindex":0},"west":{"uv":[3.125,10.1875,3.375,10.375],"rotation":0,"texture":"#0","tintindex":0},"up":{"uv":[4.0625,10.4375,3.875,10.1875],"rotation":0,"texture":"#0","tintindex":0},"down":{"uv":[4.8125,10.1875,4.625,10.4375],"rotation":0,"texture":"#0","tintindex":0}}},{"from":[8.02396,6.2591753,2.8337293],"to":[8.02396,8.544889,6.2623005],"rotation":{"angle":0.0,"axis":"y","origin":[7.6811028,5.859175,2.7194428]},"faces":{"east":{"uv":[9.125,1.0625,9.5,1.3125],"rotation":0,"texture":"#0","tintindex":0},"south":{"uv":[10.625,2.625,10.625,2.875],"rotation":0,"texture":"#0","tintindex":0},"north":{"uv":[2.375,10.625,2.375,10.875],"rotation":0,"texture":"#0","tintindex":0},"west":{"uv":[1.1875,9.125,1.5625,9.375],"rotation":0,"texture":"#0","tintindex":0},"up":{"uv":[2.75,11.0,2.75,10.625],"rotation":0,"texture":"#0","tintindex":0},"down":{"uv":[2.8125,10.625,2.8125,11.0],"rotation":0,"texture":"#0","tintindex":0}}},{"from":[6.0239596,6.2591753,2.8337293],"to":[6.0239596,8.544889,6.2623005],"rotation":{"angle":22.5,"axis":"y","origin":[8.138246,7.4020324,4.5480146]},"faces":{"east":{"uv":[9.125,1.9375,9.5,2.1875],"rotation":0,"texture":"#0","tintindex":0},"south":{"uv":[2.9375,10.625,2.9375,10.875],"rotation":0,"texture":"#0","tintindex":0},"north":{"uv":[2.875,10.625,2.875,10.875],"rotation":0,"texture":"#0","tintindex":0},"west":{"uv":[9.125,2.25,9.5,2.5],"rotation":0,"texture":"#0","tintindex":0},"up":{"uv":[10.625,3.5,10.625,3.125],"rotation":0,"texture":"#0","tintindex":0},"down":{"uv":[10.625,4.0625,10.625,4.4375],"rotation":0,"texture":"#0","tintindex":0}}},{"from":[10.02396,6.2591753,2.8337293],"to":[10.02396,8.544889,6.2623005],"rotation":{"angle":-22.5,"axis":"y","origin":[8.138246,7.4020324,4.5480146]},"faces":{"east":{"uv":[9.125,2.5625,9.5,2.8125],"rotation":0,"texture":"#0","tintindex":0},"south":{"uv":[10.625,4.8125,10.625,5.0625],"rotation":0,"texture":"#0","tintindex":0},"north":{"uv":[10.625,4.5,10.625,4.75],"rotation":0,"texture":"#0","tintindex":0},"west":{"uv":[3.125,9.125,3.5,9.375],"rotation":0,"texture":"#0","tintindex":0},"up":{"uv":[10.625,5.5,10.625,5.125],"rotation":0,"texture":"#0","tintindex":0},"down":{"uv":[10.625,5.5625,10.625,5.9375],"rotation":0,"texture":"#0","tintindex":0}}},{"from":[6.5052423,6.358182,6.570449],"to":[9.362385,8.643896,9.427592],"rotation":{"angle":0.0,"axis":"y","origin":[7.305242,11.386753,8.170449]},"faces":{"east":{"uv":[9.6875,3.5,10.0,3.75],"rotation":0,"texture":"#0","tintindex":0},"south":{"uv":[9.6875,4.625,10.0,4.875],"rotation":0,"texture":"#0","tintindex":0},"north":{"uv":[9.6875,1.375,10.0,1.625],"rotation":0,"texture":"#0","tintindex":0},"west":{"uv":[5.8125,9.6875,6.125,9.9375],"rotation":0,"texture":"#0","tintindex":0},"up":{"uv":[4.875,9.0625,4.5625,8.75],"rotation":0,"texture":"#0","tintindex":0},"down":{"uv":[5.25,8.75,4.9375,9.0625],"rotation":0,"texture":"#0","tintindex":0}}}],"display":{"head":{"translation":[0.0,-6.4,0.0],"scale":[4.0,4.0,4.0]}}}