{"textures":{"0":"modelengine:entity/nocsy_drakonin2"},"elements":[{"from":[7.428571,5.121703,6.46508],"to":[9.714286,9.121703,9.893651],"rotation":{"angle":-22.5,"axis":"x","origin":[6.0,7.978846,8.750794]},"faces":{"east":{"uv":[7.375,3.0,7.75,3.4375],"rotation":0,"texture":"#0","tintindex":0},"south":{"uv":[2.8125,8.5,3.0625,8.9375],"rotation":0,"texture":"#0","tintindex":0},"north":{"uv":[2.5,8.5,2.75,8.9375],"rotation":0,"texture":"#0","tintindex":0},"west":{"uv":[2.75,7.5,3.125,7.9375],"rotation":0,"texture":"#0","tintindex":0},"up":{"uv":[9.125,6.0,8.875,5.625],"rotation":0,"texture":"#0","tintindex":0},"down":{"uv":[9.125,6.0625,8.875,6.4375],"rotation":0,"texture":"#0","tintindex":0}}},{"from":[8.685715,8.778846,8.236508],"to":[8.685715,12.778846,11.66508],"rotation":{"angle":-22.5,"axis":"x","origin":[6.0,7.978846,8.750794]},"faces":{"east":{"uv":[3.1875,7.5,3.5625,7.9375],"rotation":0,"texture":"#0","tintindex":0},"south":{"uv":[6.9375,10.5,6.9375,10.9375],"rotation":0,"texture":"#0","tintindex":0},"north":{"uv":[6.875,10.5,6.875,10.9375],"rotation":0,"texture":"#0","tintindex":0},"west":{"uv":[3.625,7.5,4.0,7.9375],"rotation":0,"texture":"#0","tintindex":0},"up":{"uv":[7.0,10.875,7.0,10.5],"rotation":0,"texture":"#0","tintindex":0},"down":{"uv":[7.0625,10.5,7.0625,10.875],"rotation":0,"texture":"#0","tintindex":0}}},{"from":[9.142858,9.121703,6.350794],"to":[9.142858,13.121703,9.779366],"rotation":{"angle":-22.5,"axis":"x","origin":[6.0,7.978846,8.750794]},"faces":{"east":{"uv":[7.5,5.3125,7.875,5.75],"rotation":0,"texture":"#0","tintindex":0},"south":{"uv":[7.1875,10.5,7.1875,10.9375],"rotation":0,"texture":"#0","tintindex":0},"north":{"uv":[7.125,10.5,7.125,10.9375],"rotation":0,"texture":"#0","tintindex":0},"west":{"uv":[5.5625,7.5,5.9375,7.9375],"rotation":0,"texture":"#0","tintindex":0},"up":{"uv":[7.25,10.875,7.25,10.5],"rotation":0,"texture":"#0","tintindex":0},"down":{"uv":[7.3125,10.5,7.3125,10.875],"rotation":0,"texture":"#0","tintindex":0}}}],"display":{"head":{"translation":[0.0,-6.4,0.0],"scale":[4.0,4.0,4.0]}}}