{"textures":{"0":"modelengine:entity/nocsy_drakonin2"},"elements":[{"from":[8.796465,6.3524675,5.5592756],"to":[10.522179,8.078182,7.8564186],"rotation":{"angle":-22.5,"axis":"y","origin":[7.945036,7.215325,5.279276]},"faces":{"east":{"uv":[10.0625,4.625,10.3125,4.8125],"rotation":0,"texture":"#0","tintindex":0},"south":{"uv":[10.375,9.6875,10.5625,9.875],"rotation":0,"texture":"#0","tintindex":0},"north":{"uv":[9.375,10.375,9.5625,10.5625],"rotation":0,"texture":"#0","tintindex":0},"west":{"uv":[10.0625,8.9375,10.3125,9.125],"rotation":0,"texture":"#0","tintindex":0},"up":{"uv":[10.25,9.4375,10.0625,9.1875],"rotation":0,"texture":"#0","tintindex":0},"down":{"uv":[10.25,9.5,10.0625,9.75],"rotation":0,"texture":"#0","tintindex":0}}},{"from":[8.066186,6.490466,9.798937],"to":[8.066186,8.77618,12.65608],"rotation":{"angle":0.0,"axis":"y","origin":[7.7804723,7.0618944,10.427509]},"faces":{"east":{"uv":[3.3125,9.5625,3.625,9.8125],"rotation":0,"texture":"#0","tintindex":0},"south":{"uv":[10.5625,4.0625,10.5625,4.3125],"rotation":0,"texture":"#0","tintindex":0},"north":{"uv":[10.5625,2.0,10.5625,2.25],"rotation":0,"texture":"#0","tintindex":0},"west":{"uv":[9.5625,6.0,9.875,6.25],"rotation":0,"texture":"#0","tintindex":0},"up":{"uv":[5.625,10.875,5.625,10.5625],"rotation":0,"texture":"#0","tintindex":0},"down":{"uv":[5.6875,10.5625,5.6875,10.875],"rotation":0,"texture":"#0","tintindex":0}}},{"from":[7.214758,6.3638964,9.090449],"to":[8.917615,8.066753,10.221878],"rotation":{"angle":0.0,"axis":"y","origin":[7.4947577,7.215325,7.084735]},"faces":{"east":{"uv":[5.375,7.75,5.5,7.9375],"rotation":0,"texture":"#0","tintindex":0},"south":{"uv":[10.4375,0.0,10.625,0.1875],"rotation":0,"texture":"#0","tintindex":0},"north":{"uv":[10.375,9.9375,10.5625,10.125],"rotation":0,"texture":"#0","tintindex":0},"west":{"uv":[4.5625,8.5,4.6875,8.6875],"rotation":0,"texture":"#0","tintindex":0},"up":{"uv":[9.3125,10.5625,9.125,10.4375],"rotation":0,"texture":"#0","tintindex":0},"down":{"uv":[10.6875,0.4375,10.5,0.5625],"rotation":0,"texture":"#0","tintindex":0}}},{"from":[5.6101937,6.3524675,5.5592756],"to":[7.335908,8.078182,7.8564186],"rotation":{"angle":22.5,"axis":"y","origin":[8.187337,7.215325,5.279276]},"faces":{"east":{"uv":[10.0625,9.8125,10.3125,10.0],"rotation":0,"texture":"#0","tintindex":0},"south":{"uv":[0.5,10.4375,0.6875,10.625],"rotation":0,"texture":"#0","tintindex":0},"north":{"uv":[0.25,10.4375,0.4375,10.625],"rotation":0,"texture":"#0","tintindex":0},"west":{"uv":[10.0625,10.0625,10.3125,10.25],"rotation":0,"texture":"#0","tintindex":0},"up":{"uv":[10.3125,1.8125,10.125,1.5625],"rotation":0,"texture":"#0","tintindex":0},"down":{"uv":[10.3125,2.6875,10.125,2.9375],"rotation":0,"texture":"#0","tintindex":0}}},{"from":[7.1473365,6.346753,5.553561],"to":[8.8844795,8.083896,7.862133],"rotation":{"angle":0.0,"axis":"y","origin":[9.615908,7.215325,5.279276]},"faces":{"east":{"uv":[7.8125,10.125,8.0625,10.3125],"rotation":0,"texture":"#0","tintindex":0},"south":{"uv":[10.4375,0.9375,10.625,1.125],"rotation":0,"texture":"#0","tintindex":0},"north":{"uv":[10.4375,0.6875,10.625,0.875],"rotation":0,"texture":"#0","tintindex":0},"west":{"uv":[8.125,10.125,8.375,10.3125],"rotation":0,"texture":"#0","tintindex":0},"up":{"uv":[6.375,10.375,6.1875,10.125],"rotation":0,"texture":"#0","tintindex":0},"down":{"uv":[9.0625,10.125,8.875,10.375],"rotation":0,"texture":"#0","tintindex":0}}},{"from":[7.9760404,6.2591753,2.8337293],"to":[7.9760404,8.544889,6.2623005],"rotation":{"angle":0.0,"axis":"y","origin":[8.318897,5.859175,2.7194428]},"faces":{"east":{"uv":[9.0625,7.75,9.4375,8.0],"rotation":0,"texture":"#0","tintindex":0},"south":{"uv":[10.5625,5.75,10.5625,6.0],"rotation":0,"texture":"#0","tintindex":0},"north":{"uv":[5.75,10.5625,5.75,10.8125],"rotation":0,"texture":"#0","tintindex":0},"west":{"uv":[8.5,9.0625,8.875,9.3125],"rotation":0,"texture":"#0","tintindex":0},"up":{"uv":[5.8125,10.9375,5.8125,10.5625],"rotation":0,"texture":"#0","tintindex":0},"down":{"uv":[5.875,10.5625,5.875,10.9375],"rotation":0,"texture":"#0","tintindex":0}}},{"from":[9.97604,6.2591753,2.8337293],"to":[9.97604,8.544889,6.2623005],"rotation":{"angle":-22.5,"axis":"y","origin":[7.8617544,7.4020324,4.5480146]},"faces":{"east":{"uv":[9.125,0.125,9.5,0.375],"rotation":0,"texture":"#0","tintindex":0},"south":{"uv":[6.0,10.5625,6.0,10.8125],"rotation":0,"texture":"#0","tintindex":0},"north":{"uv":[5.9375,10.5625,5.9375,10.8125],"rotation":0,"texture":"#0","tintindex":0},"west":{"uv":[0.4375,9.125,0.8125,9.375],"rotation":0,"texture":"#0","tintindex":0},"up":{"uv":[6.0625,10.9375,6.0625,10.5625],"rotation":0,"texture":"#0","tintindex":0},"down":{"uv":[10.5625,8.25,10.5625,8.625],"rotation":0,"texture":"#0","tintindex":0}}},{"from":[5.97604,6.2591753,2.8337293],"to":[5.97604,8.544889,6.2623005],"rotation":{"angle":22.5,"axis":"y","origin":[7.8617544,7.4020324,4.5480146]},"faces":{"east":{"uv":[9.125,0.4375,9.5,0.6875],"rotation":0,"texture":"#0","tintindex":0},"south":{"uv":[10.5625,9.1875,10.5625,9.4375],"rotation":0,"texture":"#0","tintindex":0},"north":{"uv":[10.5625,7.4375,10.5625,7.6875],"rotation":0,"texture":"#0","tintindex":0},"west":{"uv":[9.125,0.75,9.5,1.0],"rotation":0,"texture":"#0","tintindex":0},"up":{"uv":[10.0,10.9375,10.0,10.5625],"rotation":0,"texture":"#0","tintindex":0},"down":{"uv":[10.0625,10.5625,10.0625,10.9375],"rotation":0,"texture":"#0","tintindex":0}}},{"from":[6.6376147,6.358182,6.570449],"to":[9.494758,8.643896,9.427592],"rotation":{"angle":0.0,"axis":"y","origin":[8.694757,11.386753,8.170449]},"faces":{"east":{"uv":[9.5625,7.1875,9.875,7.4375],"rotation":0,"texture":"#0","tintindex":0},"south":{"uv":[9.4375,9.5625,9.75,9.8125],"rotation":0,"texture":"#0","tintindex":0},"north":{"uv":[9.5625,6.3125,9.875,6.5625],"rotation":0,"texture":"#0","tintindex":0},"west":{"uv":[3.6875,9.625,4.0,9.875],"rotation":0,"texture":"#0","tintindex":0},"up":{"uv":[4.1875,9.0625,3.875,8.75],"rotation":0,"texture":"#0","tintindex":0},"down":{"uv":[9.0625,4.0,8.75,4.3125],"rotation":0,"texture":"#0","tintindex":0}}}],"display":{"head":{"translation":[0.0,-6.4,0.0],"scale":[4.0,4.0,4.0]}}}