{"textures":{"0":"modelengine:entity/nocsy_drakonin2"},"elements":[{"from":[6.5714283,5.7632623,7.1870265],"to":[9.428572,9.1918335,11.187027],"rotation":{"angle":22.5,"axis":"x","origin":[7.714286,6.7367954,10.716557]},"faces":{"east":{"uv":[7.75,3.5,8.1875,3.875],"rotation":0,"texture":"#0","tintindex":0},"south":{"uv":[2.125,8.375,2.4375,8.75],"rotation":0,"texture":"#0","tintindex":0},"north":{"uv":[1.75,8.375,2.0625,8.75],"rotation":0,"texture":"#0","tintindex":0},"west":{"uv":[7.75,3.9375,8.1875,4.3125],"rotation":0,"texture":"#0","tintindex":0},"up":{"uv":[4.6875,8.4375,4.375,8.0],"rotation":0,"texture":"#0","tintindex":0},"down":{"uv":[8.3125,4.625,8.0,5.0625],"rotation":0,"texture":"#0","tintindex":0}}},{"from":[9.485714,7.648977,8.329884],"to":[11.771429,7.648977,12.901312],"rotation":{"angle":-22.5,"axis":"z","origin":[10.571428,8.048977,10.615598]},"faces":{"east":{"uv":[9.0625,8.0625,9.5625,8.0625],"rotation":0,"texture":"#0","tintindex":0},"south":{"uv":[8.375,7.5,8.625,7.5],"rotation":0,"texture":"#0","tintindex":0},"north":{"uv":[8.375,2.9375,8.625,2.9375],"rotation":0,"texture":"#0","tintindex":0},"west":{"uv":[9.1875,7.5,9.6875,7.5],"rotation":0,"texture":"#0","tintindex":0},"up":{"uv":[5.9375,8.75,5.6875,8.25],"rotation":0,"texture":"#0","tintindex":0},"down":{"uv":[7.875,8.25,7.625,8.75],"rotation":0,"texture":"#0","tintindex":0}}},{"from":[4.2285714,7.648977,8.329884],"to":[6.5142856,7.648977,12.901312],"rotation":{"angle":22.5,"axis":"z","origin":[5.428571,8.048977,10.615598]},"faces":{"east":{"uv":[9.6875,7.5,9.1875,7.5],"rotation":0,"texture":"#0","tintindex":0},"south":{"uv":[8.625,7.5,8.375,7.5],"rotation":0,"texture":"#0","tintindex":0},"north":{"uv":[8.625,2.9375,8.375,2.9375],"rotation":0,"texture":"#0","tintindex":0},"west":{"uv":[9.5625,8.0625,9.0625,8.0625],"rotation":0,"texture":"#0","tintindex":0},"up":{"uv":[5.6875,8.75,5.9375,8.25],"rotation":0,"texture":"#0","tintindex":0},"down":{"uv":[7.625,8.25,7.875,8.75],"rotation":0,"texture":"#0","tintindex":0}}}],"display":{"head":{"translation":[0.0,-6.4,0.0],"scale":[4.0,4.0,4.0]}}}